ant_mag,ant_mjd,ant_magerr,ant_passband,ant_survey
17.08009910583496,58471.50869210018,0.04952000081539154,g,1
17.058000564575195,58474.49331020005,0.039067000150680535,R,1
16.90519905090332,58480.5161342998,0.02809800021350384,g,1
17.291099548339847,58486.48642359999,0.05017299950122833,R,1
17.60409927368164,58491.47096059984,0.041494999080896385,g,1
17.800600051879886,58494.44987270003,0.05265700072050095,R,1
18.75079917907715,58505.44848380005,0.14960500597953796,g,1
18.035499572753906,58508.47288190015,0.057006999850273125,R,1
19.31909942626953,58511.45052079996,0.12432699650526048,g,1
18.467899322509766,58514.42557869991,0.08630800247192383,R,1
19.736099243164066,58522.484108800076,0.13678699731826782,g,1
18.806900024414066,58522.534837999854,0.061452999711036675,R,1
19.85650062561035,58526.44603009988,0.15376700460910794,g,1
18.8572998046875,58534.39780090004,0.20337900519371035,R,1
20.24340057373047,58543.31054400001,0.25236600637435913,g,1
19.53177070617676,58543.362743100144,0.09237269312143326,R,1
20.308300018310547,58556.366458300035,0.4081979990005493,g,1
20.027000427246094,58559.25599539978,0.2405209988355637,R,1
20.42350006103516,58572.2614352,0.285970002412796,g,1
20.346399307250977,58572.30793979997,0.2997640073299408,R,1
20.39713478088379,58575.286840300076,0.18919038772583008,g,1
