ant_mag,ant_mjd,ant_magerr,ant_passband,ant_survey
18.84040069580078,58833.09372689994,0.0791729986667633,R,1
19.08919906616211,58833.12947920011,0.08739600330591203,g,1
17.375299453735348,58837.1009837999,0.052824001759290695,R,1
16.747100830078125,58846.10393519978,0.0313819982111454,g,1
16.616500854492188,58849.08219909994,0.03757499903440476,R,1
16.914600372314453,58849.11979170004,0.03193100169301033,g,1
16.667400360107422,58850.11060190015,0.03582699969410896,R,1
17.161699295043945,58851.13359950018,0.05559200048446655,g,1
16.916500091552734,58853.08035880001,0.04458099976181984,R,1
17.461700439453125,58853.095289399855,0.06364999711513519,g,1
16.89069938659668,58854.134363399826,0.04701799899339676,R,1
17.85689926147461,58856.095289399855,0.042109999805688865,g,1
17.055299758911133,58856.166215300094,0.038534998893737786,R,1
18.316600799560547,58859.096782399814,0.08374100178480147,g,1
17.268600463867188,58860.201493099805,0.045534998178482056,R,1
18.85460090637207,58867.1410995,0.20476700365543365,g,1
18.32309913635254,58872.11890049977,0.06853500008583069,R,1
19.169300079345703,58872.18211810011,0.11239200085401536,g,1
18.41990089416504,58875.110370399896,0.07785400003194809,R,1
19.271799087524414,58875.135810200125,0.11104299873113632,g,1
18.678600311279297,58881.115821800195,0.09162399917840958,R,1
19.007299423217773,58884.1099537001,0.2852349877357483,g,1
18.929800033569336,58887.118807900224,0.13009800016880035,R,1
19.379600524902344,58887.176967599895,0.3164440095424652,g,1
19.14178466796875,58891.113206000075,0.11699844151735304,R,1
