time,mag,magerr,band
58581.27121530008,18.810300827026367,0.1153659969568252,R
58584.25379629992,18.608699798583984,0.080654002726078,g
58593.31392360013,18.385499954223636,0.1067610010504722,R
58598.25325229997,19.75429916381836,0.1466149985790252,g
58598.29695599992,18.52939987182617,0.0813440009951591,R
58601.23298610002,20.012699127197266,0.2149569988250732,g
58637.1854514,20.097585678100582,0.188399001955986,R
