ant_mag,ant_mjd,ant_magerr,ant_passband,ant_survey
19.526500701904297,58526.44877310004,0.14668799936771393,g,1
18.92789077758789,58543.35045140004,0.09136398136615753,R,1
