time,mag,magerr,band
58730.30145830009,19.3528995513916,0.1032079979777336,g
58730.38759260019,19.37540054321289,0.105284996330738,R
58733.31831019977,19.105100631713867,0.0958489999175071,g
58740.36253469996,18.96839904785156,0.1573369950056076,R
58747.30262729991,19.3346004486084,0.1091429963707923,g
58750.25804399978,19.239500045776367,0.1119270026683807,R
58754.27462959988,19.831100463867188,0.1448519974946975,g
58776.19298609998,20.074195861816406,0.1871575117111206,R
