ant_mag,ant_mjd,ant_magerr,ant_passband,ant_survey
20.501399993896484,58788.51059029997,0.24436399340629575,g,1
18.284099578857425,58794.539548600085,0.07692199945449829,R,1
17.525199890136722,58798.54871529992,0.04550899937748909,g,1
17.379400253295902,58801.534733800225,0.1927579939365387,R,1
17.236700057983402,58804.49959489983,0.05305000022053719,g,1
17.25469970703125,58804.5322106001,0.048953000456094735,R,1
17.180000305175778,58805.51958330022,0.04516100138425827,g,1
17.251100540161133,58806.50494210003,0.03795599937438965,R,1
17.317499160766598,58811.43288190012,0.0436910018324852,g,1
17.659500122070312,58819.5180902998,0.17018799483776093,R,1
18.239200592041016,58823.429560199846,0.11081100255250932,g,1
18.053199768066406,58828.245104200214,0.08887699991464615,R,1
18.862699508666992,58830.22333330009,0.1428920030593872,g,1
18.095199584960934,58833.40138889988,0.07193700224161148,R,1
19.486799240112305,58833.50989580015,0.31369298696517944,g,1
18.798599243164066,58846.29025459987,0.08515100181102753,R,1
19.92009925842285,58850.42966439994,0.2905400097370148,g,1
18.896699905395508,58851.43140049977,0.1091810017824173,R,1
20.28730010986328,58853.46283560013,0.1518239974975586,g,1
19.051700592041016,58854.44649309991,0.14403699338436127,R,1
19.98209953308105,58854.49274310004,0.3020069897174835,g,1
19.274700164794922,58860.24202550016,0.18122200667858124,R,1
20.35700035095215,58861.111817100085,0.3551110029220581,g,1
19.255300521850586,58862.306122700225,0.1361449956893921,R,1
20.372299194335934,58864.1745023001,0.22000400722026825,g,1
19.34760093688965,58864.222523100216,0.11658799648284912,R,1
20.576900482177734,58867.214305600144,0.2283110022544861,g,1
19.680200576782227,58874.249733800076,0.17101000249385834,R,1
20.596099853515625,58876.187928199775,0.22783799469470975,g,1
19.885799407958984,58878.18488429999,0.2592889964580536,R,1
20.40399932861328,58879.17836809997,0.271465003490448,g,1
20.343599319458008,58898.1520602,0.2237270027399063,R,1
20.85580062866211,58898.206481500056,0.3244749903678894,g,1
20.18730354309082,58900.216631900046,0.1713317185640335,R,1
