ant_mag,ant_mjd,ant_magerr,ant_passband,ant_survey
18.75230026245117,58581.21181710018,0.08426599949598312,g,1
18.52359962463379,58584.170868100126,0.08135899901390076,R,1
18.388999938964844,58584.22658560006,0.06799499690532684,g,1
18.52720069885254,58594.15415510022,0.08991900086402893,R,1
18.519100189208984,58594.189675900154,0.0892530009150505,g,1
18.96839904785156,58601.25893520005,0.10951899737119676,R,1
19.813600540161133,58606.15093749993,0.18745900690555573,g,1
19.08438491821289,58609.15070600017,0.10077942162752153,R,1
