ant_mag,ant_mjd,ant_magerr,ant_passband,ant_survey
19.87808990478516,58776.15212959983,0.17462991178035736,R,1
