time,mag,magerr,band
58789.50278940005,17.923999786376953,0.071833997964859,g
58799.48115740018,17.669099807739258,0.0832690000534057,R
58799.52357639978,17.825000762939453,0.0748509988188743,g
58803.43233799981,17.883399963378906,0.0793370008468627,R
58806.46553240018,18.45809936523437,0.0937869995832443,g
58806.53984950017,18.081100463867188,0.0797249972820282,R
58812.422546300106,19.01619911193848,0.1160020008683204,g
58830.43841439998,19.21534538269043,0.174856349825859,R
