ant_mag,ant_mjd,ant_magerr,ant_passband,ant_survey
18.871700286865234,58715.42048610003,0.07385899871587752,R,1
18.13010025024414,58718.4115046002,0.05632700026035309,g,1
17.838699340820312,58724.398854199804,0.05420700088143349,R,1
17.646499633789062,58727.3990162001,0.03927800059318543,g,1
17.772300720214844,58730.4000116,0.053369998931884766,R,1
17.731700897216797,58730.474039400004,0.04134099930524826,g,1
17.87809944152832,58733.400104199995,0.04677699878811836,R,1
17.865699768066406,58733.452638899915,0.04303999990224838,g,1
18.053600311279297,58736.41888889996,0.04900100082159042,R,1
18.0314998626709,58736.45771990017,0.056809999048709876,g,1
18.280399322509766,58739.37620369997,0.07393699884414673,R,1
18.33650016784668,58739.4994907002,0.08489800244569777,g,1
18.42970085144043,58743.36811339995,0.10198000073432922,R,1
18.94669914245605,58746.381458300166,0.08843299746513368,g,1
18.56909942626953,58749.297071800094,0.06455499678850174,R,1
19.23259925842285,58749.321377300184,0.10028500109910964,g,1
18.98539924621582,58760.2972569,0.07299400120973587,R,1
20.030500411987305,58760.37361110003,0.1865359991788864,g,1
19.085899353027344,58763.35186340008,0.0807809978723526,R,1
20.16580009460449,58763.379386600114,0.16181200742721558,g,1
19.141300201416016,58764.1302546002,0.10667099803686142,R,1
20.201900482177734,58764.15943290014,0.29841500520706177,g,1
19.208200454711914,58765.13043980022,0.12156499922275545,R,1
20.179500579833984,58765.16387729999,0.2724800109863281,g,1
19.72960090637207,58775.131273100145,0.1442829966545105,R,1
20.756000518798828,58775.15969910008,0.22832299768924716,g,1
19.773500442504886,58777.131458300166,0.17738300561904907,R,1
20.614500045776367,58777.15935190023,0.360491007566452,g,1
19.71949958801269,58779.131435200106,0.1300780028104782,R,1
20.684200286865234,58779.15935190023,0.2801220118999481,g,1
20.0275993347168,58782.13042820013,0.19669100642204285,R,1
20.55489921569824,58782.15810190002,0.3203139901161194,g,1
19.993000030517575,58783.13164350018,0.22046899795532227,R,1
21.006000518798828,58783.159618100144,0.4098620116710663,g,1
20.06232261657715,58786.138125000056,0.17488598823547366,R,1
