time,mag,magerr,band
58568.212789400015,17.953899383544922,0.054891999810934,g
58568.27435189998,18.09239959716797,0.0487469993531703,R
58573.22385419998,17.621299743652344,0.0695599988102912,g
58584.1681597,17.84709930419922,0.0581329986453056,R
58587.21156249987,18.181900024414062,0.0650990009307861,g
58592.24621530017,18.270999908447266,0.1061989963054657,R
58596.18851849996,18.82038688659668,0.1176053062081337,g
