ant_mag,ant_mjd,ant_magerr,ant_passband,ant_survey
19.17790031433105,58777.09640049982,0.1218769997358322,R,1
19.457399368286133,58777.12120370008,0.14130499958992004,g,1
18.7012996673584,58785.08113430021,0.09912800043821336,R,1
19.14704132080078,58790.09810189996,0.16150079667568207,g,1
18.87180519104004,58790.10638889996,0.1401529461145401,R,1
