ant_mag,ant_mjd,ant_magerr,ant_passband,ant_survey
18.418800354003906,58781.468437499825,0.16490399837493894,g,1
18.5093994140625,58781.523865699775,0.13792400062084198,R,1
18.280000686645508,58784.49370370014,0.13655099272727966,g,1
18.227500915527344,58790.51104169991,0.08428099751472473,R,1
18.270099639892575,58790.54247689992,0.08757399767637253,g,1
18.304399490356445,58798.534537000116,0.06855800002813339,R,1
19.218385696411133,58804.50388889993,0.1742382049560547,g,1
20.09575080871582,58846.459988399874,0.1339133232831955,R,1
