ant_mag,ant_mjd,ant_magerr,ant_passband,ant_survey
18.61840057373047,58644.33124999981,0.09962300211191176,R,1
18.798200607299805,58644.34645830003,0.08475799858570099,g,1
17.422500610351562,58647.303830999874,0.05072600021958351,R,1
17.50200080871582,58647.35099539999,0.06243700161576271,g,1
16.77440071105957,58650.30146990017,0.051134001463651664,R,1
16.509000778198242,58653.309456000105,0.05186299979686737,g,1
16.496000289916992,58653.41001159978,0.037129998207092285,R,1
16.37179946899414,58657.24432870001,0.04066099971532822,g,1
16.303199768066403,58657.361898099996,0.04139799997210503,R,1
16.366100311279293,58660.34361110022,0.03214599937200546,g,1
16.322399139404293,58663.32519679982,0.034758999943733215,R,1
16.552799224853516,58666.24388890015,0.04033999890089035,g,1
16.638700485229492,58669.32160879998,0.037914998829364784,R,1
16.929899215698242,58672.32039349992,0.044863000512123115,g,1
17.036399841308597,58675.27881939989,0.04047799855470657,R,1
17.181400299072266,58675.32771989983,0.05414799973368645,g,1
17.100000381469727,58678.24098380003,0.045430000871419914,R,1
17.636600494384766,58681.21733799996,0.05965099856257439,g,1
17.146799087524414,58684.179421300076,0.04804600030183792,R,1
17.914499282836914,58684.222777800176,0.0642860010266304,g,1
17.499799728393555,58694.20501160016,0.0468050017952919,R,1
18.670299530029297,58694.220370400224,0.10359500348567964,g,1
17.87619972229004,58700.18474540021,0.05473800003528595,R,1
18.972400665283203,58700.26076389988,0.11392100155353545,g,1
17.99850082397461,58703.172280100174,0.06431999802589418,R,1
19.170900344848636,58709.160659700174,0.1375740021467209,g,1
18.24020004272461,58709.2629976999,0.08167099952697754,R,1
19.19260025024414,58712.15831020009,0.11107300221920012,g,1
18.35610008239746,58712.24585650022,0.07141599804162979,R,1
19.222700119018555,58715.165439799894,0.12415699660778046,g,1
18.403400421142575,58715.327708300196,0.07599599659442903,R,1
19.4414005279541,58723.17577550002,0.1329060047864914,g,1
18.77059936523437,58727.13413190004,0.09728600084781648,R,1
19.360200881958008,58727.183657399844,0.12526099383831024,g,1
19.021299362182614,58734.13620370022,0.12890100479125974,R,1
19.60169982910156,58740.139386599876,0.2486229985952377,g,1
19.36949920654297,58740.265335599885,0.22259700298309326,R,1
19.970199584960934,58760.14070599992,0.2307340055704117,g,1
19.92285919189453,58764.11976849986,0.20436152815818787,R,1
