ant_mag,ant_mjd,ant_magerr,ant_passband,ant_survey
19.34530067443848,58723.258669000126,0.12269999831914903,g,1
19.32379913330078,58723.326458300005,0.14669300615787506,R,1
18.298900604248047,58737.12361110003,0.13584299385547638,g,1
18.56570053100586,58740.252164400175,0.14310500025749207,R,1
18.884300231933594,58746.134930599954,0.08927399665117264,g,1
18.992799758911133,58749.109791699804,0.14668099582195282,R,1
19.17790031433105,58749.207511600114,0.15797799825668335,g,1
19.382770538330078,58760.09935190016,0.20420506596565247,R,1
