ant_mag,ant_mjd,ant_magerr,ant_passband,ant_survey
19.32270050048828,58580.254490700085,0.11132100224494934,g,1
18.36750030517578,58586.2308565001,0.0579879991710186,R,1
18.221200942993164,58592.18925930001,0.09943199902772903,g,1
18.247900009155273,58592.253784699824,0.0950779989361763,R,1
18.29030036926269,58596.19084489998,0.06534299999475479,g,1
18.20829963684082,58596.252338000115,0.06839200109243393,R,1
19.0177001953125,58605.23157409997,0.10128500312566756,g,1
18.850299835205078,58608.232580999844,0.08846200257539749,R,1
19.39539909362793,58608.27564809984,0.14296099543571472,g,1
20.19930076599121,58639.17578699999,0.1796429455280304,R,1
