ant_mag,ant_mjd,ant_magerr,ant_passband,ant_survey
19.55332946777344,58278.306759300176,0.0994376689195633,R,1
19.34565734863281,58281.28075229983,0.059867460280656815,g,1
19.172815322875977,58281.34040510002,0.06819848716259003,R,1
19.122499465942386,58284.25894680014,0.05429999902844429,g,1
18.956016540527344,58287.32003469997,0.05257169902324677,R,1
19.12185478210449,58290.24395829997,0.11867378652095795,g,1
19.18939971923828,58297.33114580018,0.15945400297641754,R,1
19.783329010009766,58300.21672450006,0.15039728581905365,g,1
19.729928970336914,58314.19837959996,0.15855875611305234,R,1
