ant_mag,ant_mjd,ant_magerr,ant_passband,ant_survey
20.171199798583984,58722.26131939981,0.16493600606918335,R,1
20.077600479125977,58722.28729170003,0.17065200209617615,g,1
19.923200607299805,58723.28582180013,0.13933399319648745,R,1
19.831100463867188,58723.30981480004,0.14459800720214844,g,1
19.64640045166016,58724.28587959986,0.12220200151205066,R,1
19.667499542236328,58724.30984950018,0.1306850016117096,g,1
19.45949935913086,58725.25981480022,0.10773900151252748,R,1
19.453800201416016,58725.28605319979,0.10816500335931778,g,1
19.341699600219727,58726.26127310004,0.10700000077486037,R,1
19.26210021972656,58726.287442099776,0.10379199683666228,g,1
19.242900848388672,58727.286030100186,0.09318400174379347,R,1
19.171600341796875,58727.30939809977,0.12669199705123899,g,1
18.978599548339844,58732.26016200008,0.1034649983048439,R,1
18.938400268554688,58732.28442130005,0.0886479988694191,g,1
18.924800872802734,58733.25976849999,0.08476199954748154,R,1
18.832599639892575,58733.28374999993,0.09962700307369232,g,1
18.88610076904297,58734.26148150022,0.07640299946069717,R,1
18.899700164794922,58734.28498840006,0.108133003115654,g,1
18.949499130249023,58735.26016200008,0.10518000274896623,R,1
19.02750015258789,58735.28356479992,0.11722899973392488,g,1
18.996299743652344,58736.269861099776,0.11522100120782852,R,1
18.90139961242676,58736.2931597,0.11636699736118315,g,1
18.889299392700195,58737.28447919991,0.13951100409030914,R,1
19.69860076904297,58747.13482639985,0.15768000483512878,g,1
19.620800018310547,58754.14061339991,0.12030100077390672,R,1
20.936500549316406,58757.20697919978,0.304084986448288,g,1
20.02912712097168,58764.12255789992,0.20744238793849945,R,1
