ant_mag,ant_mjd,ant_magerr,ant_passband,ant_survey
19.380699157714844,58763.45856480022,0.1084510013461113,g,1
19.39119911193848,58763.49959489983,0.12871000170707705,R,1
19.100099563598636,58766.40789349983,0.1505649983882904,g,1
18.904199600219727,58775.3568171002,0.10813499987125397,R,1
19.14229965209961,58778.31171299982,0.17711099982261658,g,1
18.959699630737305,58778.45796300005,0.11390099674463272,R,1
19.225799560546875,58781.414502299864,0.12466800212860107,g,1
19.234699249267575,58784.39228009991,0.2475560009479523,R,1
19.92289924621582,58790.335069399785,0.17433300614356995,g,1
19.5851993560791,58790.36902779992,0.16301900148391724,R,1
19.94540023803711,58793.35030090017,0.17101800441741946,g,1
19.851261138916016,58806.316875000026,0.20066146552562714,R,1
