time,mag,magerr,band
58774.19245370012,18.931900024414062,0.1263779997825622,R
58777.1157176001,18.72920036315918,0.0919039994478225,g
58777.192291699816,18.71969985961914,0.1017709970474243,R
58781.18519680016,18.60260009765625,0.097690001130104,g
58785.24265050003,18.671300888061523,0.1045949980616569,R
58788.1822106,19.011699676513672,0.1170689985156059,g
58791.12430559984,19.13170051574707,0.1461839973926544,R
58794.170555599965,19.21735191345215,0.1905379295349121,g
