ant_mag,ant_mjd,ant_magerr,ant_passband,ant_survey
18.843299865722656,58641.24972219997,0.09302700310945512,g,1
18.36590003967285,58644.31597220013,0.07530900090932846,R,1
18.298099517822266,58644.33855320001,0.06432200223207474,g,1
18.13409996032715,58647.27549770009,0.08897300064563751,R,1
17.90570068359375,58650.213854200214,0.06874799728393555,g,1
17.969200134277344,58650.31560190023,0.07677199691534042,R,1
17.82819938659668,58653.312083300196,0.0729840025305748,g,1
17.927499771118164,58653.402013900224,0.08388199657201767,R,1
17.933900833129886,58657.236909700085,0.05465000122785568,g,1
17.882600784301758,58657.35722219991,0.054575998336076736,R,1
18.049400329589844,58660.340393499944,0.05842500180006027,g,1
18.140300750732425,58663.29929400002,0.06061099842190744,R,1
18.428199768066406,58666.23552080012,0.06094900146126748,g,1
18.406099319458008,58669.328553199775,0.0676250010728836,R,1
18.977500915527344,58672.33146989998,0.08897099643945694,g,1
18.616600036621094,58678.21604169997,0.08749199658632277,R,1
19.707500457763672,58681.19168980001,0.26600998640060425,g,1
18.866600036621094,58684.17474539997,0.12887799739837644,R,1
19.927499771118164,58684.21443289983,0.17324300110340118,g,1
19.486499786376953,58697.184409699876,0.1385372281074524,R,1
