ant_mag,ant_mjd,ant_magerr,ant_passband,ant_survey
20.18107414245605,58336.20592590003,0.18339118361473086,R,1
20.07015419006348,58336.237106500186,0.20968617498874664,g,1
19.12625312805176,58343.15449069999,0.1033666580915451,R,1
18.857999801635746,58346.157870400224,0.10267700254917143,g,1
19.050928115844727,58346.1754977,0.1260259747505188,R,1
18.841930389404297,58350.257870399866,0.11553574353456494,g,1
18.854642868041992,58353.23811340006,0.10559561103582382,R,1
19.123233795166016,58363.161215300206,0.11316660046577455,g,1
19.153684616088867,58363.227083299775,0.1518121063709259,R,1
19.20346069335937,58366.20688659978,0.16195665299892426,g,1
19.49472045898437,58378.133009300094,0.1441114991903305,R,1
