ant_mag,ant_mjd,ant_magerr,ant_passband,ant_survey
18.193588256835934,58315.23721060018,0.08506431430578232,R,1
18.57708549499512,58327.162534699775,0.13290935754775998,g,1
19.02120018005371,58334.156539400115,0.13923799991607666,R,1
19.443130493164066,58337.17163190013,0.16278284788131714,g,1
18.987247467041016,58337.202453699894,0.10634061694145204,R,1
