ant_mag,ant_mjd,ant_magerr,ant_passband,ant_survey
19.53164291381836,58369.397627300124,0.15441016852855682,R,1
20.2947998046875,58695.44013890019,0.23943899571895602,g,1
19.56290054321289,58695.47982640006,0.14140699803829193,R,1
18.654300689697266,58704.41840279987,0.11726299673318866,g,1
18.57099914550781,58704.4797685002,0.09134399890899657,R,1
18.5447998046875,58707.41603010008,0.08538900315761566,g,1
18.850900650024414,58719.4598495001,0.11496999859809875,R,1
19.563400268554688,58719.48211809992,0.1839749962091446,g,1
19.370027542114254,58735.37664349983,0.19352959096431727,R,1
