ant_mag,ant_mjd,ant_magerr,ant_passband,ant_survey
18.375600814819336,59109.407488400124,0.10545399785041808,R,1
17.941991806030273,59110.339050900184,0.08135413378477098,g,1
17.077692031860348,59115.34972220008,0.04928646609187126,R,1
16.926799774169922,59116.30969909997,0.06492935121059418,g,1
16.897775650024414,59118.29810190015,0.044477656483650214,R,1
16.815011978149414,59120.45868059992,0.03640378639101982,g,1
16.83268928527832,59120.49907410005,0.043877389281988144,R,1
16.78913688659668,59122.3287037001,0.06124598905444145,g,1
16.76025390625,59123.31351849996,0.043990500271320336,R,1
17.065296173095707,59128.3589005,0.05651041120290756,g,1
17.055082321166992,59130.29604170006,0.05817630141973496,R,1
17.440238952636722,59134.286574100144,0.0677919089794159,g,1
17.55965805053711,59136.31656249985,0.082281194627285,R,1
17.719371795654297,59136.39525459986,0.06431472301483154,g,1
17.69460105895996,59138.34861110012,0.06495235115289688,R,1
17.931718826293945,59138.371631899856,0.0815933421254158,g,1
17.631650924682614,59142.286215300206,0.07605849951505661,R,1
18.482257843017575,59144.38218750013,0.10482674092054367,g,1
17.831472396850586,59150.29483800009,0.07134614884853363,R,1
19.18079948425293,59155.21688660002,0.2460339963436127,g,1
18.86249351501465,59178.25436339992,0.10030995309352876,R,1
19.821195602416992,59188.191955999944,0.19023729860782626,g,1
