ant_mag,ant_mjd,ant_magerr,ant_passband,ant_survey
17.474985122680664,59281.266111100085,0.1473342329263687,R,1
18.741708755493164,59354.36630789982,0.1469743549823761,g,1
19.487886428833008,59358.32673610003,0.21179792284965515,R,1
19.625926971435547,59363.287430599805,0.15985825657844546,g,1
