ant_mag,ant_mjd,ant_magerr,ant_passband,ant_survey
19.76309967041016,58377.4732638998,0.14042100310325625,R,1
18.687000274658203,58383.49489580003,0.08022099733352661,g,1
18.51300048828125,58386.44855319987,0.0982239991426468,R,1
18.63260078430176,58389.46438660008,0.10924799740314484,g,1
18.53070068359375,58389.50317130005,0.06950200349092484,R,1
19.12215232849121,58397.49682869995,0.07713600993156433,g,1
