ant_mag,ant_mjd,ant_magerr,ant_passband,ant_survey
18.325000762939453,58772.31548610004,0.18884199857711792,g,1
16.909700393676758,58781.375115700066,0.03793999925255776,R,1
16.75510025024414,58784.4134837999,0.051378000527620316,g,1
16.883699417114258,58787.335138900205,0.059930000454187386,R,1
16.877199172973633,58790.31422450022,0.036603998392820365,g,1
17.182899475097653,58796.314618099954,0.04289700090885162,R,1
17.501800537109375,58800.21424769983,0.07689099758863449,g,1
17.58489990234375,58800.293240699924,0.07197300344705583,R,1
17.8169002532959,58803.22806710005,0.1171490028500557,g,1
17.634300231933594,58803.2935763998,0.04750699922442436,R,1
18.033899307250977,58806.33712959987,0.06577800214290619,g,1
17.69569969177246,58812.25206020009,0.0408100001513958,R,1
19.66399955749512,58833.18915509991,0.19456200301647186,g,1
18.598100662231445,58833.24215279985,0.0941860005259514,R,1
19.79210090637207,58837.214513900224,0.17026999592781067,g,1
19.206300735473636,58850.128587999854,0.2913059890270233,R,1
20.187400817871094,58850.186261599876,0.2399740070104599,g,1
19.19260025024414,58853.16787040001,0.19317999482154846,R,1
19.6299991607666,58859.126099499874,0.2879300117492676,g,1
19.6653995513916,58862.193669000175,0.16787299513816833,R,1
20.280197143554688,58872.18504629983,0.21465350687503812,g,1
