ant_mag,ant_mjd,ant_magerr,ant_passband,ant_survey
18.1023006439209,58567.30560189997,0.05646900087594986,g,1
17.907499313354492,58572.30385420006,0.06450200080871582,R,1
17.790700912475586,58575.30664349999,0.044906001538038254,g,1
17.900400161743164,58575.38914350001,0.0575609989464283,R,1
17.900400161743164,58580.262777800206,0.05048700049519539,g,1
17.938600540161133,58580.28892360022,0.061732999980449677,R,1
18.15589904785156,58584.2743981001,0.06319300085306168,g,1
18.33309936523437,58587.28266200004,0.05316999927163124,R,1
18.63279914855957,58591.217673600186,0.09454599767923356,g,1
18.475099563598636,58591.41484950018,0.12204299867153168,R,1
18.89859962463379,58594.21995369997,0.11904200166463852,g,1
18.618600845336914,58594.343807899866,0.0991860032081604,R,1
19.2150993347168,58597.28087959997,0.12686799466609955,g,1
18.67989921569824,58597.31796299992,0.08310200273990631,R,1
19.63039970397949,58600.22510420019,0.12059599906206132,g,1
18.8435001373291,58606.228437500075,0.09386000037193297,R,1
20.51219940185547,58612.265185200136,0.17305999994277954,g,1
19.264862060546875,58616.1802662001,0.10610731691122056,R,1
