ant_mag,ant_mjd,ant_magerr,ant_passband,ant_survey
20.34720039367676,58708.47568289982,0.26761099696159363,g,1
19.527000427246094,58711.44371529994,0.2454089969396591,R,1
19.132200241088867,58711.497881900046,0.21851199865341187,g,1
18.734600067138672,58714.456030100126,0.10542500019073486,R,1
18.266000747680664,58717.44238429982,0.10013899952173233,g,1
18.367900848388672,58717.481319400016,0.0678270012140274,R,1
18.13450050354004,58722.46233800008,0.04726500064134598,g,1
18.40069961547852,58732.50128469988,0.0647289976477623,R,1
18.80990028381348,58735.46037039999,0.06942600011825563,g,1
18.555700302124023,58735.50225690008,0.06800100207328796,R,1
19.033599853515625,58738.44212959986,0.1489029973745346,g,1
18.8927001953125,58747.46031250013,0.12619000673294067,R,1
20.05459976196289,58750.418217599865,0.20308199524879456,g,1
18.917299270629886,58750.46314809984,0.09848599880933763,R,1
20.48900032043457,58756.439629599925,0.2333099991083145,g,1
19.83209228515625,58766.48297449992,0.16495023667812347,R,1
