ant_mag,ant_mjd,ant_magerr,ant_passband,ant_survey
19.32460021972656,58747.325636600144,0.12004800140857695,g,1
19.186399459838867,58750.31892360003,0.12258200347423552,R,1
18.941200256347656,58754.28828699981,0.11690100282430647,g,1
18.997499465942386,58760.290682900224,0.07929500192403792,R,1
19.147899627685547,58760.3605324002,0.09389299899339676,g,1
19.179800033569336,58764.12658559997,0.12817400693893433,R,1
19.264799118041992,58764.15569439996,0.15394699573516846,g,1
19.11359977722168,58765.12677079997,0.1213579997420311,R,1
19.45009994506836,58765.15631939982,0.15428100526332855,g,1
19.170700073242188,58766.12649310008,0.14448300004005432,R,1
19.2322998046875,58766.15868060011,0.15902499854564667,g,1
19.21030044555664,58767.12668980006,0.25429800152778625,R,1
19.34449958801269,58767.15616900008,0.2363090068101883,g,1
19.345699310302734,58768.12688660016,0.16210900247097015,R,1
19.557300567626953,58768.15674770017,0.2993130087852478,g,1
19.58810043334961,58772.1276273001,0.16997799277305606,R,1
19.69339942932129,58772.157245399896,0.19571800529956815,g,1
19.678800582885746,58775.127534700085,0.20590800046920776,R,1
20.207000732421875,58775.15587959997,0.2170889973640442,g,1
19.61720085144043,58777.127696800046,0.1804800033569336,R,1
20.631999969482425,58777.15550930007,0.29767999053001404,g,1
20.085845947265625,58790.163946799934,0.20470865070819852,R,1
