time,mag,magerr,band
58584.28842590004,20.35790061950684,0.2974610030651092,g
58584.36136570014,20.305200576782227,0.2854860126972198,R
58597.295300900005,18.541000366210938,0.0851700007915496,g
58606.33725690004,18.729700088500977,0.0984160006046295,R
58617.19858800015,19.618000030517575,0.242917001247406,g
58636.20952549996,19.782453536987305,0.1748906970024109,R
