ant_mag,ant_mjd,ant_magerr,ant_passband,ant_survey
18.93440055847168,58784.491898099885,0.2037689983844757,g,1
19.09469985961914,58784.53008100018,0.24022600054740906,R,1
18.82460021972656,58788.51665510005,0.12196700274944305,g,1
19.1140251159668,58798.540034700185,0.1573009341955185,R,1
