ant_mag,ant_mjd,ant_magerr,ant_passband,ant_survey
19.06839942932129,58716.483101900194,0.18277299404144287,R,1
16.542900085449222,58724.46756940009,0.039514001458883286,g,1
16.631500244140625,58724.50141200004,0.03974400088191032,R,1
16.349700927734375,58727.46726850001,0.037386998534202576,g,1
16.308799743652347,58732.502696800046,0.038175001740455634,R,1
16.340299606323242,58735.4791898001,0.04036499932408333,g,1
16.306800842285153,58735.5045138998,0.03183100000023842,R,1
16.41550064086914,58738.48349539982,0.03753999993205071,g,1
16.579099655151367,58741.46085650008,0.04364899918437004,R,1
16.548999786376953,58741.502673599876,0.048822999000549316,g,1
16.778099060058597,58744.4617360998,0.03700999915599823,R,1
16.77280044555664,58744.49906249996,0.05548600107431412,g,1
16.899799346923828,58748.48149310006,0.05395599827170372,R,1
17.36680030822754,58751.440069399774,0.061730001121759415,g,1
16.955900192260742,58751.50912040007,0.05590000003576279,R,1
18.140199661254886,58759.44065969996,0.060825001448392875,g,1
17.133600234985348,58759.499849500135,0.043820999562740326,R,1
18.326900482177734,58763.4553704001,0.06689800322055818,g,1
17.555299758911133,58769.439062499914,0.062043000012636185,R,1
18.615699768066406,58769.503298600204,0.13735899329185486,g,1
17.969499588012695,58775.35954859993,0.1120299994945526,R,1
18.843799591064453,58778.50391199999,0.11106099933385848,g,1
18.235200881958008,58787.344178199775,0.15755900740623474,R,1
19.29159927368164,58790.33872690005,0.184579998254776,g,1
19.092199325561523,58803.314571800176,0.20451900362968445,R,1
19.431100845336914,58803.53092590022,0.2910510003566742,g,1
19.047983169555664,58806.317789400004,0.1399279087781906,R,1
