time,mag,magerr,band
58756.46903940011,19.17679977416992,0.1147700026631355,g
58756.51736109983,19.269699096679688,0.1335240006446838,R
58766.46538189985,18.66550064086914,0.0843420028686523,g
58766.52931710007,18.70050048828125,0.0742589980363845,R
58768.45760420011,18.823400497436523,0.1069559976458549,g
58769.47690969985,18.815399169921875,0.1060609966516494,R
58779.48127309978,19.86570167541504,0.1619310826063156,g
