ant_mag,ant_mjd,ant_magerr,ant_passband,ant_survey
19.356300354003906,58744.363402800176,0.16842800378799438,R,1
19.01650047302246,58747.30214119983,0.10616499930620192,g,1
19.043500900268555,58754.20703699999,0.10767100006341934,R,1
19.123300552368164,58757.18952549994,0.09938199818134308,g,1
19.145700454711914,58760.27004629978,0.11101000010967256,R,1
19.572900772094727,58764.252847199794,0.22423399984836576,g,1
19.76032829284668,58777.0945485998,0.2155722677707672,R,1
