ant_mag,ant_mjd,ant_magerr,ant_passband,ant_survey
20.55940055847168,58665.25380790001,0.3642660081386566,R,1
18.68000030517578,58672.18443290005,0.08573199808597565,g,1
18.36280059814453,58678.19075229997,0.11119800060987473,R,1
18.495800018310547,58682.189317100216,0.08661799877882004,g,1
18.924999237060547,58692.17208330008,0.14882400631904602,R,1
19.734899520874023,58692.21730320017,0.15196600556373596,g,1
19.292442321777344,58698.17300930014,0.16263613104820251,R,1
