ant_mag,ant_mjd,ant_magerr,ant_passband,ant_survey
19.94930076599121,58658.46290510008,0.21235699951648712,g,1
19.65730094909668,58661.424050900154,0.15518000721931458,R,1
19.37879943847656,58661.4599768999,0.13366200029850006,g,1
19.143299102783203,58665.43863430014,0.08835200220346451,R,1
19.041500091552734,58665.48031250015,0.09078600257635117,g,1
19.10300064086914,58668.37472219997,0.09530500322580338,R,1
18.970699310302734,58668.44553240017,0.08665499836206436,g,1
19.77909278869629,58690.38113430003,0.1465974897146225,R,1
