ant_mag,ant_mjd,ant_magerr,ant_passband,ant_survey
19.16990089416504,58754.27416669997,0.1096230000257492,g,1
19.018199920654297,58757.29753470003,0.09109699726104736,R,1
18.49489974975586,58761.253831000075,0.07158199697732925,g,1
18.808300018310547,58774.192905100055,0.10133499652147293,R,1
19.117799758911133,58777.185219900224,0.12579099833965302,g,1
19.00359916687012,58777.19184029987,0.09279900044202803,R,1
19.5585994720459,58781.18474540021,0.16875599324703214,g,1
19.471996307373047,58791.12524309987,0.1623716801404953,R,1
