ant_mag,ant_mjd,ant_magerr,ant_passband,ant_survey
20.20560073852539,58791.11284720013,0.32088398933410645,R,1
20.56570053100586,58791.15608800016,0.3177720010280609,g,1
19.394100189208984,58794.109224500135,0.15573999285697934,R,1
18.938400268554688,58796.161701399826,0.1386449933052063,g,1
18.80620002746582,58797.123946799904,0.13199199736118314,R,1
18.679100036621094,58798.14295140003,0.10861500352621077,g,1
18.76609992980957,58800.26799769978,0.1265369951725006,R,1
18.654499053955078,58811.09140049992,0.07406000047922134,g,1
18.527700424194336,58811.11486109997,0.07453499734401703,R,1
18.85460090637207,58814.095694399904,0.1366879940032959,g,1
18.617000579833984,58814.14196760021,0.15353000164031982,R,1
19.11540031433105,58820.15199070005,0.19655700027942655,g,1
19.334880828857425,58837.073680600144,0.16216523945331573,R,1
