time,mag,magerr,band
58443.23021990014,17.70639991760254,0.0641999989748001,g
58493.1235301001,19.744138717651367,0.1595425456762313,R
