ant_mag,ant_mjd,ant_magerr,ant_passband,ant_survey
17.930599212646484,58560.28846060018,0.07802099734544754,g,1
18.065200805664066,58560.3790972,0.07373200356960298,R,1
19.09410095214844,58575.3524536998,0.10440299659967422,g,1
18.769100189208984,58580.39324070001,0.0934389978647232,R,1
19.388399124145508,58580.398750000175,0.1361519992351532,g,1
18.823699951171875,58583.351851900115,0.10330799967050552,R,1
19.73509979248047,58583.374548600055,0.14887799322605133,g,1
18.924699783325195,58586.35444439994,0.09512600302696228,R,1
19.9862003326416,58586.398206000216,0.1432729959487915,g,1
19.726720809936523,58606.33979169978,0.17213045060634613,R,1
