ant_mag,ant_mjd,ant_magerr,ant_passband,ant_survey
18.917400360107425,58502.55406250013,0.08600500226020813,R,1
17.981399536132812,58505.4461110998,0.10334199666976927,g,1
17.841400146484375,58508.487800899886,0.05488700047135353,R,1
17.462699890136722,58511.450034699876,0.0455860011279583,g,1
17.505699157714847,58514.4323148001,0.057539001107215874,R,1
17.609399795532227,58522.48596059997,0.05457200109958649,g,1
17.652099609375,58522.538645800196,0.04324200004339218,R,1
17.874300003051758,58526.45111110015,0.061709001660346985,g,1
18.369199752807614,58543.34186339984,0.07464700192213057,R,1
19.638599395751953,58547.35091440008,0.1575710028409958,g,1
19.690099716186523,58572.30841440009,0.16188399493694305,R,1
19.906400680541992,58580.245243099984,0.2010390013456345,g,1
20.06180000305176,58580.28480320005,0.16059300303459167,R,1
20.56430053710937,58580.310011600144,0.2830860018730164,g,1
20.054000854492188,58583.283194399904,0.2710950076580048,R,1
19.975400924682614,58587.22543979995,0.2840760052204132,g,1
20.03260040283203,58592.305127299864,0.3709760010242462,R,1
20.868799209594727,58596.19762729992,0.2916159927845001,g,1
20.31444358825684,58602.263136600144,0.21520651876926425,R,1
