ant_mag,ant_mjd,ant_magerr,ant_passband,ant_survey
18.465999603271484,58486.517789400175,0.0628959983587265,R,1
19.122699737548828,58494.50788189982,0.08318699896335602,g,1
18.01449966430664,58494.549907399814,0.047846999019384384,R,1
19.807199478149414,58502.467696799904,0.3254149854183197,g,1
19.060100555419922,58508.49873840017,0.13076099753379822,R,1
20.277957916259766,58511.44855319987,0.1928514391183853,g,1
