ant_mag,ant_mjd,ant_magerr,ant_passband,ant_survey
18.661699295043945,58777.29238429992,0.0997840017080307,R,1
18.559999465942386,58781.392696800176,0.0866520032286644,g,1
18.52120018005371,58784.37876159978,0.07643300294876099,R,1
18.861900329589844,58790.3151273001,0.07808200269937515,g,1
19.599002838134766,58814.210127300124,0.1434202641248703,R,1
