ant_mag,ant_mjd,ant_magerr,ant_passband,ant_survey
19.63870048522949,58666.20836810023,0.12170399725437164,g,1
19.165700912475586,58670.310717599925,0.12532700598239901,R,1
18.85849952697754,58673.17627310008,0.09329500049352646,g,1
18.952299118041992,58676.21017359988,0.12698400020599365,R,1
18.90920066833496,58679.176261600114,0.10426899790763856,g,1
18.824499130249023,58679.19354170003,0.10185399651527403,R,1
19.00749969482422,58682.171076400205,0.11498499661684035,g,1
18.970800399780273,58682.23804400022,0.1387760043144226,R,1
19.292800903320312,58685.19273150014,0.09393499791622162,g,1
19.325899124145508,58691.1709838002,0.13893599808216095,R,1
20.3125,58694.22457179987,0.2560569941997528,g,1
19.85675621032715,58705.15969910008,0.21264532208442688,R,1
