time,mag,magerr,band
58794.31581019983,19.853500366210938,0.2309200018644333,R
58797.31038190005,19.194000244140625,0.1866780072450637,g
58803.33408559999,18.89739990234375,0.0955049991607666,R
58804.207893500105,18.879600524902344,0.1693959981203079,g
58804.24966439977,18.815099716186523,0.1187279969453811,R
58811.26239580009,19.12980079650879,0.124279998242855,g
58833.22770830011,19.929630279541016,0.2097757905721664,R
