ant_mag,ant_mjd,ant_magerr,ant_passband,ant_survey
18.438499450683594,58269.1761690001,0.046957001090049744,R,1
18.144699096679688,58269.259606500156,0.07147099822759627,g,1
17.65558433532715,58272.17788190022,0.020983193069696426,R,1
17.026399612426758,58276.242800899774,0.010730000212788582,g,1
17.034000396728516,58279.1771296002,0.013438000343739986,R,1
16.928712844848633,58279.196354200125,0.01022690162062645,g,1
17.09952735900879,58285.18033559992,0.0761849582195282,R,1
17.484600067138672,58288.202673600055,0.05142299830913544,g,1
17.716516494750977,58291.2490046001,0.046912532299757004,R,1
18.239900588989254,58294.20638890006,0.07199099659919739,g,1
17.94652557373047,58300.18510420014,0.042303439229726784,R,1
19.345090866088867,58303.203935199876,0.10706239193677902,g,1
18.451499938964844,58306.17759260022,0.09575600177049637,R,1
19.427000045776367,58306.22460650001,0.1714099943637848,g,1
19.302303314208984,58322.243981500156,0.1711478978395462,R,1
