time,mag,magerr,band
58646.44129629992,18.768999099731445,0.1033079996705055,g
58655.439571800176,18.622900009155277,0.1237730011343956,R
58660.45863430016,18.67040061950684,0.0886289998888969,g
58667.46293980023,19.16959953308105,0.1250559985637664,R
58670.43988429988,19.32979965209961,0.0995199978351593,g
58694.38892359985,20.036800384521484,0.1500719934701919,R
58694.427824100014,21.031099319458008,0.3023679852485657,g
58697.4146412001,20.24343490600586,0.1956702023744583,R
