ant_mag,ant_mjd,ant_magerr,ant_passband,ant_survey
18.697099685668945,58633.25464119995,0.08524899929761888,g,1
18.81329917907715,58636.22679399978,0.06977800279855728,R,1
18.70499992370605,58636.25126159983,0.07740999758243561,g,1
18.75160026550293,58639.27528940002,0.054889000952243805,R,1
18.992700576782227,58642.191944399856,0.08124300092458725,g,1
19.95800018310547,58668.17262730002,0.20245100557804108,R,1
20.82939910888672,58668.2072222,0.27837398648262024,g,1
20.23684310913086,58671.205069399904,0.211665078997612,R,1
