ant_mag,ant_mjd,ant_magerr,ant_passband,ant_survey
19.122900009155273,58831.547569400165,0.1633169949054718,g,1
18.21629905700684,58833.47740740003,0.11370199918746947,R,1
17.081499099731445,58837.51540509983,0.03091599978506565,g,1
16.556100845336914,58846.46328700008,0.03421900048851967,R,1
16.529800415039062,58846.52092589997,0.02661300078034401,g,1
16.612199783325195,58852.442847200204,0.03505000099539757,R,1
16.62339973449707,58852.50376159978,0.027348000556230545,g,1
17.125499725341793,58859.36133099999,0.04861300066113472,R,1
17.100500106811527,58859.526874999974,0.0427669994533062,g,1
17.220399856567386,58866.355405100156,0.03790999948978424,R,1
18.37120056152344,58871.43628469994,0.0778999999165535,g,1
17.347600936889652,58871.486817100085,0.04835300147533417,R,1
18.90010070800781,58877.39432869991,0.09289699792861937,g,1
17.826900482177734,58880.51802079986,0.06211600080132485,R,1
18.943700790405273,58883.461620400194,0.12380000203847885,g,1
18.13789939880371,58886.51008100017,0.0878949984908104,R,1
19.29290008544922,58894.3193171001,0.11912299692630768,g,1
18.671300888061523,58898.34091439982,0.10113199800252914,R,1
19.437599182128906,58899.42166669992,0.12142299860715865,g,1
18.87339973449707,58900.40034720022,0.17630399763584134,R,1
19.683399200439453,58903.313495399896,0.1581019014120102,g,1
