ant_mag,ant_mjd,ant_magerr,ant_passband,ant_survey
18.122600555419922,58556.426643500105,0.05227899923920632,R,1
17.488000869750973,58560.26428239979,0.047619998455047614,g,1
17.338199615478516,58567.387847200036,0.052855998277664185,R,1
17.14620018005371,58567.41043980001,0.07253099977970122,g,1
17.304399490356445,58572.3698148001,0.056673001497983926,R,1
17.453899383544922,58575.34504629998,0.04515299946069717,g,1
17.634000778198242,58580.38077550009,0.048050999641418464,R,1
17.789899826049805,58580.408472199924,0.04757000133395195,g,1
17.784799575805664,58583.34108800023,0.0739860013127327,R,1
18.100400924682614,58583.366180600126,0.06436999887228012,g,1
17.842599868774414,58586.32486109994,0.06732600182294846,R,1
18.40850067138672,58586.409826400224,0.07051099836826323,g,1
17.98539924621582,58592.32474539987,0.12894199788570404,R,1
19.14590072631836,58596.23706019996,0.09249699860811234,g,1
18.631500244140625,58606.3446411998,0.08066000044345856,R,1
19.89940071105957,58612.30633099983,0.14149799942970276,g,1
18.90530014038086,58612.348240700085,0.09090200066566467,R,1
20.055400848388672,58616.288946799934,0.23305700719356534,g,1
19.619199752807614,58632.28010419988,0.12255100160837172,R,1
20.33309936523437,58635.22809030023,0.17342600226402285,g,1
19.60330009460449,58635.258425899774,0.13700899481773374,R,1
20.645999908447266,58638.1961110998,0.2813189923763275,g,1
19.768800735473636,58638.25699070003,0.1395380049943924,R,1
20.371299743652344,58641.222731499925,0.2751649916172028,g,1
19.87241554260254,58641.30351850018,0.1348489075899124,R,1
