time,mag,magerr,band
58754.274166699965,19.16990089416504,0.1096230000257492,g
58757.29753470002,19.018199920654297,0.0910969972610473,R
58761.25383100007,18.49489974975586,0.0715819969773292,g
58774.19290510006,18.808300018310547,0.1013349965214729,R
58777.18521990022,19.117799758911133,0.125790998339653,g
58777.19184029987,19.00359916687012,0.092799000442028,R
58781.18474540021,19.5585994720459,0.1687559932470321,g
58791.12524309987,19.471996307373047,0.1623716801404953,R
