ant_mag,ant_mjd,ant_magerr,ant_passband,ant_survey
20.057199478149414,58645.422824100126,0.1603270024061203,g,1
19.94809913635254,58645.470486099824,0.12345100194215775,R,1
19.560800552368164,58648.444594900124,0.13171300292015076,g,1
19.072799682617188,58654.42824070017,0.13959799706935885,R,1
18.972000122070312,58655.29918979992,0.17994800209999084,g,1
18.971099853515625,58661.33843749993,0.09430799633264543,R,1
19.19669914245605,58661.45578699977,0.11348500102758408,g,1
19.02680015563965,58662.32427080022,0.08678899705410004,R,1
19.234600067138672,58662.426261600114,0.10990799963474274,g,1
18.98699951171875,58663.42244210001,0.08965899795293808,R,1
19.188600540161133,58663.45704860008,0.1325100064277649,g,1
19.212299346923828,58665.42408559984,0.0995289981365204,R,1
19.78770065307617,58668.30322920019,0.1692260056734085,g,1
19.38789939880371,58668.341527800076,0.10778400301933287,R,1
20.351900100708008,58674.4302662001,0.21273699402809146,g,1
20.63982582092285,58696.30011569987,0.19332973659038544,R,1
