ant_mag,ant_mjd,ant_magerr,ant_passband,ant_survey
19.35810089111328,58450.37041669991,0.11888699978590013,R,1
19.515600204467773,58450.42581020017,0.2506850063800812,g,1
18.694499969482425,58462.29994209996,0.16982300579547882,R,1
18.85140037536621,58465.228506899904,0.12084899842739105,g,1
18.768999099731445,58465.48783560004,0.07680699974298477,R,1
18.96809959411621,58468.405520800035,0.0911019966006279,g,1
18.95709991455078,58468.4916087999,0.0964910015463829,R,1
19.26759910583496,58471.1146296002,0.18715700507164,g,1
19.51210021972656,58480.4339815001,0.16820000112056732,R,1
20.418800354003906,58487.218078699894,0.1904820054769516,g,1
19.53179931640625,58487.2555670999,0.13545699417591095,R,1
20.84149932861328,58491.19892359991,0.3574250042438507,g,1
19.56043243408203,58491.23435189994,0.13021650910377502,R,1
