ant_mag,ant_mjd,ant_magerr,ant_passband,ant_survey
19.214599609375,58770.49822920003,0.2460300028324127,R,1
18.60639953613281,58775.515752300154,0.10122600197792052,g,1
18.69129943847656,58778.49923609988,0.1292160004377365,R,1
18.684600830078125,58781.4620949002,0.2309460043907165,g,1
18.858200073242188,58781.5224768999,0.20385999977588654,R,1
19.28226089477539,58789.502338000115,0.12109102308750153,g,1
19.15957260131836,58789.52451389981,0.11717994511127472,R,1
