ant_mag,ant_mjd,ant_magerr,ant_passband,ant_survey
19.26966094970703,58306.1728356001,0.1162474974989891,R,1
