ant_mag,ant_mjd,ant_magerr,ant_passband,ant_survey
18.587900161743164,58573.22340280004,0.12447900325059892,g,1
17.63610076904297,58584.16861109994,0.06370999664068222,R,1
17.56130027770996,58587.21201389981,0.0681380033493042,g,1
17.572500228881836,58587.292719900135,0.07547199726104736,R,1
17.80590057373047,58592.136643500075,0.07454799860715866,g,1
18.28709983825684,58601.25388889993,0.06907200068235397,R,1
19.35300636291504,58608.18935190002,0.15611451864242554,g,1
