ant_mag,ant_mjd,ant_magerr,ant_passband,ant_survey
18.75469970703125,58801.18976850017,0.10739800333976746,g,1
17.84309959411621,58811.14667819999,0.05379800125956535,R,1
17.697399139404297,58814.10885420023,0.1023550033569336,g,1
17.76460075378418,58814.167430600144,0.08511699736118318,R,1
18.72480010986328,58828.10535879992,0.16555599868297574,g,1
19.698238372802734,58863.087488399826,0.19180263578891754,R,1
