time,mag,magerr,band
58447.33930560015,18.611099243164062,0.1469790041446685,R
58450.25410880009,18.029199600219727,0.1716960072517395,g
58456.20967590017,17.79490089416504,0.0508700013160705,R
58462.264270800166,17.972900390625,0.0816499963402748,g
58472.11944440007,18.32869911193848,0.0769089981913566,R
58472.190196800046,18.88719940185547,0.1380729973316192,g
58486.10883100005,18.818395614624023,0.1020633354783058,R
58490.10929400008,20.274799346923828,0.2662290036678314,g
58493.12444439996,19.19034576416016,0.119030974805355,R
