ant_mag,ant_mjd,ant_magerr,ant_passband,ant_survey
18.725000381469727,58764.20601850003,0.10262499749660492,g,1
18.465499877929688,58770.193761600174,0.14721299707889554,R,1
18.375999450683594,58776.121030100156,0.07092499732971191,g,1
18.71769905090332,58785.09493059991,0.10684300214052199,R,1
19.200300216674805,58789.11752310023,0.15415500104427338,g,1
18.932117462158203,58792.12160879978,0.11042680591344832,R,1
