ant_mag,ant_mjd,ant_magerr,ant_passband,ant_survey
18.44179916381836,58266.20028939982,0.08290600031614304,g,1
18.635499954223636,58269.202685200136,0.06524699926376343,R,1
18.40069961547852,58272.23802080005,0.030858000740408894,g,1
18.536258697509766,58272.28978009988,0.04784703254699707,R,1
18.697900772094727,58276.261215299826,0.039305999875068665,g,1
18.678020477294922,58276.28322920018,0.04649507254362106,R,1
18.85051155090332,58279.226678200066,0.042130626738071435,g,1
19.148399353027344,58282.22396990005,0.06787600368261337,R,1
19.996700286865234,58288.20509260008,0.16632600128650665,g,1
19.276100158691406,58291.242881900165,0.12218199670314787,R,1
20.262500762939453,58294.186516200185,0.25574898719787603,g,1
19.408863067626953,58294.24423609999,0.12308722734451295,R,1
