ant_mag,ant_mjd,ant_magerr,ant_passband,ant_survey
17.89109992980957,58658.409826400224,0.06912200152873993,R,1
17.8262996673584,58658.470925900154,0.07877899706363678,g,1
17.389799118041992,58661.43618059997,0.03893699869513512,R,1
17.275800704956055,58661.46997690015,0.044213999062776566,g,1
16.964899063110348,58669.43410879978,0.03397899866104126,R,1
16.964300155639652,58672.43424770003,0.04595699906349182,g,1
16.997900009155273,58672.46856479999,0.03673199936747551,R,1
17.312200546264652,58678.44619210018,0.05804599821567536,g,1
17.560400009155273,58681.44724539992,0.04777099937200546,R,1
18.002199172973633,58684.42525460013,0.07832899689674377,g,1
17.72439956665039,58688.42521989998,0.05070199817419052,R,1
18.40139961242676,58688.49303240003,0.0678659975528717,g,1
17.745899200439453,58691.43211810011,0.04719100147485733,R,1
18.80340003967285,58691.46689809999,0.08955299854278563,g,1
17.90410041809082,58694.41031249985,0.08084800094366074,R,1
19.081300735473636,58694.448854200076,0.10373300313949584,g,1
18.159900665283203,58697.431967599776,0.05854300037026405,R,1
19.29170036315918,58697.49770830013,0.1470160037279129,g,1
18.356300354003906,58700.45048609981,0.06462500244379044,R,1
19.57550048828125,58700.4681712999,0.14814800024032593,g,1
18.501100540161133,58703.430138899945,0.08519099652767181,R,1
19.639699935913086,58703.4754745001,0.13668300211429596,g,1
18.611400604248047,58706.40767360013,0.0880270004272461,R,1
19.64780044555664,58706.452268499874,0.15745900571346286,g,1
19.018741607666016,58721.453564799864,0.11444810777902605,R,1
