ant_mag,ant_mjd,ant_magerr,ant_passband,ant_survey
18.118000030517575,58828.116458300035,0.13616099953651428,g,1
18.09860038757324,58828.19997690013,0.12799300253391266,R,1
18.10420036315918,58830.17877310003,0.08200400322675705,g,1
18.036399841308594,58831.096840300124,0.0756170004606247,R,1
18.07710075378418,58831.19865739998,0.10192999988794328,g,1
18.09670066833496,58833.09789349978,0.06692200154066086,R,1
18.150299072265625,58833.14135419997,0.0821940004825592,g,1
18.1643009185791,58836.10332180001,0.07714899629354477,R,1
18.17919921875,58836.14155089995,0.08470799773931502,g,1
18.210899353027344,58837.080578700174,0.07974400371313095,R,1
18.227500915527344,58837.14322920004,0.1091890037059784,g,1
18.787399291992188,58850.12387729995,0.13468599319458008,R,1
19.07509994506836,58853.11920139985,0.23541299998760226,g,1
18.855073928833008,58854.133425899774,0.1955692172050476,R,1
