ant_mag,ant_mjd,ant_magerr,ant_passband,ant_survey
20.35790061950684,58584.28842590004,0.29746100306510925,g,1
20.305200576782227,58584.36136570013,0.28548601269721985,R,1
18.541000366210934,58597.29530090001,0.08517000079154967,g,1
18.729700088500977,58606.33725690004,0.09841600060462953,R,1
19.618000030517575,58617.19858800016,0.242917001247406,g,1
19.782453536987305,58636.20952549996,0.1748906970024109,R,1
