ant_mag,ant_mjd,ant_magerr,ant_passband,ant_survey
17.69930076599121,58686.354930600144,0.0602560006082058,R,1
17.89940071105957,58686.46037039999,0.10529600083827972,g,1
17.19890022277832,58695.3368286998,0.044009998440742486,R,1
17.422800064086914,58695.387719899874,0.05424299836158752,g,1
18.53388977050781,58722.3135879999,0.10088329017162324,R,1
