ant_mag,ant_mjd,ant_magerr,ant_passband,ant_survey
18.487300872802734,58601.23343749996,0.07901600003242493,g,1
17.94099998474121,58607.24935190008,0.07163900136947632,R,1
18.26650047302246,58617.191342600156,0.10086899995803833,g,1
18.204500198364254,58617.25121530006,0.1095850020647049,R,1
20.172000885009766,58635.189606499865,0.256415992975235,g,1
19.153209686279297,58635.2311689998,0.1477227807044983,R,1
