ant_mag,ant_mjd,ant_magerr,ant_passband,ant_survey
19.79910087585449,58511.464884299785,0.1845169961452484,g,1
18.60580062866211,58514.436493100126,0.08163300156593323,R,1
16.935199737548828,58526.420775500126,0.05927399918437004,g,1
17.27869987487793,58538.246597200174,0.13030800223350525,R,1
18.980199813842773,58556.34018519986,0.12296699732542038,g,1
18.072399139404297,58559.25231479992,0.06509099900722504,R,1
19.15139961242676,58559.333518499974,0.15035399794578552,g,1
18.354299545288086,58567.233368100126,0.05395999923348427,R,1
19.74239921569824,58572.25439810008,0.2054470032453537,g,1
18.61240005493164,58572.275717599776,0.10882200300693512,R,1
19.727399826049805,58580.23175929999,0.14157499372959134,g,1
18.99209976196289,58583.25871529988,0.08324100077152252,R,1
19.875,58586.170266199864,0.2370990067720413,g,1
19.41889953613281,58594.15689809992,0.0957840010523796,R,1
20.00779914855957,58601.228171300136,0.1455409973859787,g,1
19.743200302124023,58608.21458330005,0.16777299344539642,R,1
20.127349853515625,58612.17328700004,0.17711736261844635,g,1
