ant_mag,ant_mjd,ant_magerr,ant_passband,ant_survey
19.8194522857666,58320.429074100226,0.2016923874616623,g,1
19.446657180786133,58323.26002309984,0.1419690102338791,R,1
18.865100860595703,58326.182175899856,0.1132590025663376,g,1
19.04569435119629,58326.285289399784,0.1446349173784256,R,1
18.993900299072266,58326.44833330018,0.25420498847961426,g,1
18.757041931152344,58329.308807900175,0.1068912073969841,R,1
18.569440841674805,58332.22497690003,0.06786689162254332,g,1
18.661426544189453,58332.30870370008,0.08637906610965729,R,1
18.60895538330078,58338.17818289995,0.07741253077983856,g,1
18.84368133544922,58342.33229169994,0.089897021651268,R,1
18.78675651550293,58343.17700230004,0.11958613991737364,g,1
18.77926254272461,58343.329791699995,0.09308519959449768,R,1
18.96999740600586,58345.18460649997,0.08672156184911728,g,1
18.85919952392578,58345.328796300106,0.11007899791002274,R,1
19.27796173095703,58348.3427893999,0.13174274563789368,g,1
19.2050895690918,58351.19385420019,0.10600658506155014,R,1
19.32150077819824,58352.186435199816,0.15760299563407898,g,1
19.533693313598636,58361.242245399866,0.12305626273155212,R,1
20.658700942993164,58363.17408559984,0.32884401082992554,g,1
19.613779067993164,58364.179224499974,0.10293421894311904,R,1
20.388479232788086,58364.220289399855,0.17809124290943146,g,1
19.647174835205078,58369.15239580022,0.15437917411327362,R,1
20.935800552368164,58370.225208300166,0.2961849868297577,g,1
19.941619873046875,58373.158044000156,0.1402779072523117,R,1
20.879600524902344,58376.21837959997,0.3047429919242859,g,1
20.172897338867188,58379.22513889987,0.16424304246902466,R,1
