ant_mag,ant_mjd,ant_magerr,ant_passband,ant_survey
18.752700805664066,58836.50266199977,0.10972999781370164,R,1
18.761600494384766,58836.547268500086,0.1268319934606552,g,1
18.29540061950684,58849.45541669987,0.0715010017156601,R,1
18.6560001373291,58852.50141200004,0.07283499836921692,g,1
18.588638305664066,58855.375127300154,0.11628059297800065,R,1
