ant_mag,ant_mjd,ant_magerr,ant_passband,ant_survey
20.076900482177734,58777.163865699906,0.2793999910354614,g,1
19.42169952392578,58778.13607640006,0.13685299456119535,R,1
19.159400939941406,58779.16387729999,0.19062499701976776,g,1
18.56570053100586,58781.13578699995,0.19991199672222135,R,1
18.584999084472656,58782.16265049996,0.11259499937295915,g,1
18.59480094909668,58783.136099500116,0.1172259971499443,R,1
18.64389991760254,58783.164189800154,0.08704599738121033,g,1
18.459199905395508,58785.13575229981,0.09798900038003923,R,1
18.416400909423828,58785.16390050016,0.07914599776268005,g,1
18.394100189208984,58786.14265049994,0.09148500114679337,R,1
18.387500762939453,58786.1708796001,0.11594700068235395,g,1
18.41309928894043,58787.135011599865,0.09294000267982484,R,1
18.267099380493164,58787.163205999874,0.09257400035858154,g,1
18.2273006439209,58788.135902800124,0.08415000140666963,R,1
18.203800201416016,58788.16413189982,0.10756699740886687,g,1
18.16819953918457,58789.136296300225,0.0798960030078888,R,1
18.30870056152344,58789.164537,0.07645700126886368,g,1
18.19109916687012,58790.19950230001,0.08577899634838104,R,1
18.25950050354004,58793.189675900154,0.09224999696016313,g,1
18.579500198364254,58801.28587959986,0.1333319991827011,R,1
18.82469940185547,58803.204861099824,0.12323500216007233,g,1
18.83209991455078,58803.28390049982,0.13603399693965912,R,1
19.128000259399414,58806.19224540005,0.1342339962720871,g,1
18.91419982910156,58811.15033560013,0.14708200097084045,R,1
19.56319999694824,58811.2016551001,0.20431600511074066,g,1
18.827199935913086,58812.205243099954,0.12572400271892548,R,1
19.641599655151367,58813.16255789995,0.3118340075016022,g,1
19.2371883392334,58819.14921300019,0.12432976067066193,R,1
