time,mag,magerr,band
58464.30165510019,18.98270034790039,0.139515995979309,R
58468.415011600126,18.69409942626953,0.0814220011234283,g
58474.32775459997,18.69289970397949,0.1251039952039718,R
58480.28171300003,19.231599807739254,0.1747049987316131,g
58486.44843749981,19.377689361572266,0.1624050587415695,R
58488.24692129996,20.436199188232425,0.2462069988250732,g
58490.221319399774,19.57549476623535,0.1445095688104629,R
58493.24228010001,20.732799530029297,0.2683329880237579,g
58493.27751159994,19.567834854125977,0.1312467902898788,R
