ant_mag,ant_mjd,ant_magerr,ant_passband,ant_survey
19.00320053100586,58719.37614580012,0.09678900241851808,R,1
18.34779930114746,58725.41834490001,0.07680299878120422,g,1
18.201900482177734,58730.40181710013,0.04990199953317642,R,1
18.268999099731445,58730.470370400224,0.07025499641895294,g,1
18.15130043029785,58733.39829860022,0.07022500038146973,R,1
18.427099227905273,58733.441284699824,0.09982799738645554,g,1
18.606300354003906,58744.380347200204,0.09922599792480467,R,1
19.828500747680664,58747.31638889993,0.2123659998178482,g,1
19.79632568359375,58764.415428199805,0.1506349742412567,R,1
