time,mag,magerr,band
58546.26032410003,18.876100540161133,0.1756560057401657,g
58547.2026505,18.854700088500977,0.0750709995627403,R
58556.35756940022,19.320899963378903,0.1446709930896759,g
58559.23938659998,19.23590087890625,0.1873539984226226,R
58560.22008100012,19.558900833129883,0.2152359932661056,g
58580.21763890004,20.0209903717041,0.2018645405769348,R
