ant_mag,ant_mjd,ant_magerr,ant_passband,ant_survey
19.270000457763672,58746.38099539978,0.12319199740886687,g,1
18.88500022888184,58749.297974499874,0.058533001691102975,R,1
18.968900680541992,58749.32229170018,0.09004999697208405,g,1
18.975400924682614,58757.328935199876,0.0802529975771904,R,1
19.68440055847168,58757.40473379986,0.1335970014333725,g,1
19.164600372314453,58760.318391200155,0.09051600098609924,R,1
19.902999877929688,58760.38108799978,0.18948400020599365,g,1
19.49020004272461,58763.35232640012,0.13065800070762634,R,1
20.287900924682614,58763.37983800005,0.23922500014305115,g,1
19.716169357299805,58774.13351849979,0.1766723245382309,R,1
