time,mag,magerr,band
58547.22942129988,20.240699768066406,0.2151679992675781,g
58556.15616900008,18.921600341796875,0.2117310017347335,R
58559.166134300176,18.834800720214844,0.1380019932985305,g
58562.12736110017,18.75659942626953,0.1140149980783462,R
58572.15084489994,19.55786895751953,0.1974997669458389,g
