time,mag,magerr,band
58690.42236110009,18.833200454711918,0.0778990015387535,R
58693.457071799785,19.084800720214844,0.090498998761177,g
58693.480138900224,18.90589904785156,0.0777480006217956,R
58696.43883100012,19.28249931335449,0.1062700003385543,g
58703.42410880001,19.231199264526367,0.0742369964718818,R
58706.46069440013,20.231599807739254,0.237072005867958,g
58709.416805599816,19.65733528137207,0.1696446388959884,R
