ant_mag,ant_mjd,ant_magerr,ant_passband,ant_survey
19.386600494384766,58801.31079859985,0.15246200561523438,R,1
18.85810089111328,58803.204398099806,0.09596099704504013,g,1
19.095699310302734,58803.28707179987,0.09664300084114076,R,1
18.624500274658203,58806.195416700095,0.08201099932193756,g,1
18.57570075988769,58811.1629745001,0.06650599837303163,R,1
18.46619987487793,58811.197592599776,0.09123200178146362,g,1
18.44930076599121,58812.203414400115,0.07023900002241135,R,1
20.31800079345703,58838.14251160016,0.3028849959373474,g,1
19.61240005493164,58846.12723380001,0.2258719950914383,R,1
20.75919914245605,58849.12634260021,0.2662979960441589,g,1
19.659931182861328,58849.14839120022,0.1314513385295868,R,1
