ant_mag,ant_mjd,ant_magerr,ant_passband,ant_survey
18.82740020751953,58754.28994210018,0.1022540032863617,g,1
17.70829963684082,58760.297743100215,0.04365599900484085,R,1
17.930400848388672,58760.35104170023,0.07333800196647644,g,1
17.57819938659668,58763.35137729999,0.04154999926686287,R,1
17.8262996673584,58766.37789350003,0.07153400033712387,g,1
17.968299865722656,58777.20209489996,0.050599999725818634,R,1
18.66900062561035,58781.21343749993,0.10279499739408493,g,1
18.1835994720459,58781.2477545999,0.07295800000429152,R,1
19.25230026245117,58788.18968749978,0.18626399338245392,g,1
18.283000946044922,58790.19675929983,0.06560300290584564,R,1
19.505599975585934,58791.275219900075,0.1445620059967041,g,1
18.31399917602539,58791.34271989996,0.07079499959945679,R,1
19.71389961242676,58794.20471059997,0.27197301387786865,g,1
20.236814498901367,58846.10935189994,0.20578418672084808,R,1
