time,mag,magerr,band
58744.36340280017,19.356300354003903,0.1684280037879943,R
58747.30214119982,19.01650047302246,0.1061649993062019,g
58754.20703699999,19.043500900268555,0.1076710000634193,R
58757.18952549994,19.123300552368164,0.099381998181343,g
58760.27004629979,19.145700454711918,0.1110100001096725,R
58764.252847199794,19.572900772094727,0.2242339998483657,g
58777.0945485998,19.76032829284668,0.2155722677707672,R
