ant_mag,ant_mjd,ant_magerr,ant_passband,ant_survey
20.54050064086914,58450.44932870008,0.22824199497699735,g,1
19.054399490356445,58464.302581000135,0.105322003364563,R,1
18.92569923400879,58464.32640049978,0.08842600136995317,g,1
19.1117000579834,58474.32231480022,0.16150499880313873,R,1
19.80159950256348,58480.280786999974,0.1676959991455078,g,1
20.220504760742188,58493.28270829981,0.18279562890529635,R,1
