ant_mag,ant_mjd,ant_magerr,ant_passband,ant_survey
19.05970001220703,58567.24541669991,0.1163339987397194,R,1
18.519699096679688,58572.270659700036,0.09929700195789336,g,1
18.095699310302734,58575.243171299815,0.10733400285243988,R,1
18.463499069213867,58575.27814809977,0.053178999572992325,g,1
18.187299728393555,58580.220381900195,0.06589599698781967,R,1
18.71339988708496,58582.1437615999,0.15913300216197968,g,1
18.403400421142575,58584.300243100144,0.07351700216531754,R,1
19.038000106811523,58587.22915509995,0.13617199659347534,g,1
18.850330352783203,58594.159675899886,0.12094516307115555,R,1
19.637897491455078,58594.18393519986,0.19744497537612915,g,1
19.11794853210449,58597.240023099825,0.10727129131555556,R,1
