ant_mag,ant_mjd,ant_magerr,ant_passband,ant_survey
18.697799682617188,58464.30689809984,0.10119699686765672,R,1
18.559999465942386,58464.32777780014,0.0694499984383583,g,1
18.294700622558594,58474.3287037001,0.08576399832963942,R,1
18.541200637817386,58480.28267360013,0.0898829996585846,g,1
18.969600677490234,58490.222233800225,0.10922499746084212,R,1
20.45429992675781,58507.20218749996,0.2360409945249557,g,1
20.41593170166016,58522.216631900046,0.17936651408672333,R,1
