time,mag,magerr,band
58732.44747690018,19.27315139770508,0.1215933412313461,g
