ant_mag,ant_mjd,ant_magerr,ant_passband,ant_survey
18.931900024414066,58774.192453700125,0.12637799978256226,R,1
18.72920036315918,58777.1157176001,0.09190399944782256,g,1
18.71969985961914,58777.192291699816,0.10177099704742433,R,1
18.60260009765625,58781.185196800165,0.09769000113010406,g,1
18.671300888061523,58785.242650500026,0.10459499806165697,R,1
19.011699676513672,58788.182210599996,0.11706899851560593,g,1
19.13170051574707,58791.12430559984,0.14618399739265442,R,1
19.21735191345215,58794.17055559997,0.1905379295349121,g,1
