ant_mag,ant_mjd,ant_magerr,ant_passband,ant_survey
20.293800354003906,58638.18951389985,0.18326599895954127,g,1
19.575899124145508,58641.27601849986,0.1177389994263649,R,1
18.875,58644.189375000075,0.07056000083684921,g,1
18.667499542236328,58647.23202549992,0.10382899641990663,R,1
18.422700881958008,58650.19129629992,0.07995200157165527,g,1
18.49099922180176,58654.18918980006,0.07547300308942795,R,1
18.35449981689453,58654.242442099836,0.08553899824619292,g,1
18.93120002746582,58669.18564809999,0.09621500223875046,R,1
19.26180076599121,58672.180752300184,0.11817300319671632,g,1
19.073400497436523,58672.19475689996,0.0967089980840683,R,1
19.600500106811523,58678.2546064998,0.20065300166606906,g,1
19.282400131225586,58684.18548610015,0.14061200618743894,R,1
21.05229949951172,58694.2118981001,0.353300005197525,g,1
19.787822723388672,58698.17798609985,0.2132181227207184,R,1
