time,mag,magerr,band
58778.31504630018,19.539899826049805,0.269115000963211,R
58781.21068290016,19.40439987182617,0.2013639956712722,g
58781.29028940015,19.46689987182617,0.2782450020313263,R
58789.20744210016,19.11409950256348,0.1168610006570816,g
58792.14693289995,18.94669914245605,0.1085909977555275,R
58792.19087960012,19.148500442504883,0.1390080004930496,g
58806.21033560019,19.498035430908203,0.1378360539674759,R
