ant_mag,ant_mjd,ant_magerr,ant_passband,ant_survey
19.40139961242676,58785.10064810003,0.17893600463867188,R,1
18.97209930419922,58788.11740740017,0.1285029947757721,g,1
19.021900177001953,58791.098483799964,0.11503499746322632,R,1
18.89229965209961,58791.13024310023,0.1083270013332367,g,1
18.941200256347656,58794.097974500146,0.11334700137376785,R,1
18.779800415039066,58794.13218750013,0.1159610003232956,g,1
18.916799545288086,58797.09233799996,0.13578499853610992,R,1
19.290340423583984,58804.09988430003,0.1841045618057251,g,1
