ant_mag,ant_mjd,ant_magerr,ant_passband,ant_survey
19.510595321655273,58317.34199069999,0.15129898488521576,g,1
19.26822662353516,58320.2790045999,0.09634744375944138,R,1
18.79750061035156,58326.203009299934,0.12084899842739105,g,1
18.718341827392575,58326.29883099999,0.12337697297334672,R,1
18.740758895874023,58330.19276619983,0.09218272566795348,g,1
18.759904861450195,58330.35315970006,0.08666136860847473,R,1
18.811777114868164,58333.17468750012,0.07309555262327194,g,1
18.819900512695312,58336.21725689992,0.07715299725532533,R,1
18.908199310302734,58336.24107640004,0.07246799767017365,g,1
19.014911651611328,58340.17711810023,0.09895838052034378,R,1
19.463367462158203,58343.17651619995,0.1180761381983757,g,1
19.29527282714844,58343.32887730002,0.1041860431432724,R,1
20.11577606201172,58349.19333329982,0.1968868523836136,g,1
19.38196563720703,58349.247326400124,0.13518157601356506,R,1
20.25349998474121,58352.20388890012,0.3564479947090149,g,1
20.00950050354004,58355.24721059995,0.2669669985771179,R,1
20.789100646972656,58361.17337960005,0.2216850072145462,g,1
20.005434036254886,58364.15615739999,0.1838148832321167,R,1
