time,mag,magerr,band
58439.39730319986,18.70219993591309,0.1813270002603531,R
58898.28879630007,18.89679908752441,0.1366090029478073,g
58898.31891199993,18.714599609375,0.1923920065164566,R
59882.52178240009,18.69565773010254,0.1481138318777084,g
