time,mag,magerr,band
58770.19059030013,17.961599349975586,0.083244003355503,R
58776.10908559989,18.58760070800781,0.0916479974985122,g
58779.08517359989,17.893800735473633,0.0643739998340606,R
58779.1080093002,18.74180030822754,0.1100160032510757,g
58782.12472219998,18.138429641723636,0.0919790491461753,R
58785.18476849981,19.635099411010746,0.2042810022830963,g
58790.107800900005,18.395132064819336,0.0980989634990692,R
