ant_mag,ant_mjd,ant_magerr,ant_passband,ant_survey
18.60540008544922,58726.480717599865,0.14172199368476868,g,1
18.64520072937012,58726.50293979981,0.10638199746608734,R,1
17.76300048828125,58733.48157409997,0.07288099825382233,g,1
17.866100311279297,58733.50554399983,0.04941200092434883,R,1
17.66469955444336,58736.500266199924,0.057663001120090485,g,1
17.770700454711914,58739.462569400195,0.06923499703407288,R,1
17.71929931640625,58739.50259259995,0.06379400193691254,g,1
17.994400024414062,58745.48103010002,0.07748299837112428,R,1
18.2317008972168,58749.48072919994,0.06452900171279907,g,1
18.64229965209961,58756.524305600215,0.10250499844551086,R,1
19.595632553100586,58764.50418980001,0.17488954961299896,g,1
18.874149322509766,58770.460486100055,0.12915761768817902,R,1
