time,mag,magerr,band
58441.35574069992,19.09830093383789,0.1484359949827194,R
58441.44253470004,19.300899505615234,0.120907999575138,g
58447.37767359987,18.458999633789062,0.1253750026226043,R
58450.40024309978,18.75469970703125,0.1570499986410141,g
58462.31004629983,18.847400665283203,0.159959003329277,R
58469.17383099999,19.97459983825684,0.2522619962692261,g
58490.16903939983,19.939599990844727,0.1615629941225052,R
58493.205578700174,20.927499771118164,0.3677859902381897,g
58493.26950229984,19.906890869140625,0.185569941997528,R
