time,mag,magerr,band
58370.34730320005,20.383331298828125,0.1960564851760864,g
58373.29663190013,19.50299072265625,0.1031549572944641,R
58376.29594910005,20.688800811767575,0.2682400047779083,g
58379.30950229988,19.922945022583008,0.149154782295227,R
