ant_mag,ant_mjd,ant_magerr,ant_passband,ant_survey
18.223100662231445,58836.50592589984,0.08552700281143187,R,1
18.708799362182614,58837.51540509983,0.10144499689340593,g,1
18.790000915527344,58846.46328700008,0.07507699728012085,R,1
19.528099060058594,58846.52092589997,0.12471999973058699,g,1
18.81089973449707,58852.442847200204,0.1001640036702156,R,1
20.27280044555664,58852.50376159978,0.18349799513816836,g,1
19.35853385925293,58866.355405100156,0.1285044103860855,R,1
