ant_mag,ant_mjd,ant_magerr,ant_passband,ant_survey
18.93630027770996,58581.19243060006,0.14462800323963165,g,1
18.75,58584.15966439992,0.09348300099372864,R,1
18.62669944763184,58587.20349540003,0.09447500109672546,g,1
18.649700164794922,58591.14341440005,0.0945499986410141,R,1
18.73189926147461,58594.174907399814,0.07696100324392319,g,1
18.86639976501465,58598.16313660005,0.07937899976968765,R,1
19.28890037536621,58602.201504599776,0.09548799693584442,g,1
19.403959274291992,58609.15986109991,0.17613118886947632,R,1
19.783227920532227,58609.17332179983,0.20310978591442108,g,1
