ant_mag,ant_mjd,ant_magerr,ant_passband,ant_survey
18.828899383544922,58849.426145799924,0.11857599765062332,R,1
18.7947998046875,58849.46390049997,0.0716250017285347,g,1
18.673599243164066,58852.434652800206,0.0896880030632019,R,1
18.787900924682614,58852.478692099925,0.06317900121212006,g,1
18.475284576416016,58855.360324100126,0.08621754497289658,R,1
18.717721939086914,58855.43908559997,0.11042546480894087,g,1
