time,mag,magerr,band
58777.09640049981,19.17790031433105,0.1218769997358322,R
58777.12120370008,19.457399368286133,0.14130499958992,g
58785.08113430021,18.7012996673584,0.0991280004382133,R
58790.09810189996,19.14704132080078,0.161500796675682,g
58790.10638889996,18.87180519104004,0.1401529461145401,R
