time,mag,magerr,band
58450.44932870008,20.54050064086914,0.2282419949769973,g
58464.30258100014,19.054399490356445,0.1053220033645629,R
58464.32640049979,18.92569923400879,0.0884260013699531,g
58474.32231480023,19.1117000579834,0.1615049988031387,R
58480.28078699997,19.80159950256348,0.1676959991455078,g
58493.28270829981,20.220504760742188,0.1827956289052963,R
