ant_mag,ant_mjd,ant_magerr,ant_passband,ant_survey
19.960908889770508,58334.305659700185,0.190431147813797,g,1
19.480037689208984,58337.330243099954,0.1014760211110115,R,1
19.40290069580078,58337.36454859981,0.15631799399852753,g,1
19.0915584564209,58340.178159699775,0.12307404726743698,R,1
19.02322006225586,58343.31185190008,0.1047787144780159,g,1
19.18729019165039,58343.33026620001,0.1278773844242096,R,1
19.113800048828125,58349.22039349983,0.1121089980006218,g,1
19.027921676635746,58352.219016199924,0.11516991257667543,R,1
19.26225471496582,58352.34821760002,0.16008420288562775,g,1
19.33403778076172,58362.178634299904,0.09185703098773956,R,1
20.188899993896484,58362.196411999874,0.22066299617290494,g,1
19.711048126220703,58374.18120370014,0.15941987931728366,R,1
