time,mag,magerr,band
58674.42387730023,19.864999771118164,0.126460999250412,g
58677.27375000017,19.356599807739254,0.1489209979772567,R
58677.33398150001,19.44260025024414,0.181204006075859,g
58680.31394679984,19.00629997253418,0.1660390049219131,R
58690.29851849983,19.393199920654297,0.1357569992542266,g
58690.38252309989,19.346900939941406,0.1241559982299804,R
58693.31450230023,19.531400680541992,0.1411570012569427,g
58699.37189809978,19.6186580657959,0.1228526607155799,R
