ant_mag,ant_mjd,ant_magerr,ant_passband,ant_survey
19.17340087890625,58737.18777780003,0.15679900348186493,R,1
18.504100799560547,58740.12210649997,0.10481099784374236,g,1
18.776599884033203,58740.25447920011,0.1507119983434677,R,1
18.225500106811523,58747.129178199924,0.08261699974536896,g,1
18.375099182128906,58747.20818290021,0.08066900074481964,R,1
18.8085994720459,58758.145520799786,0.09636799991130827,g,1
19.15850067138672,58769.09153940016,0.16467000544071198,R,1
20.10269927978516,58772.11570600001,0.2769010066986084,g,1
19.28520393371582,58775.10351849999,0.12541687488555908,R,1
