ant_mag,ant_mjd,ant_magerr,ant_passband,ant_survey
18.87380027770996,58686.19103009999,0.12137100100517273,g,1
18.724000930786133,58692.1763888998,0.09761500358581544,R,1
18.734600067138672,58692.21364580003,0.08122599869966507,g,1
19.09440040588379,58705.16519680014,0.1421090066432953,R,1
19.921615600585934,58714.15494209993,0.17739440500736234,g,1
