ant_mag,ant_mjd,ant_magerr,ant_passband,ant_survey
18.840999603271484,58801.305729200125,0.11283200234174727,R,1
19.247800827026367,58803.20394679997,0.1952050030231476,g,1
18.659299850463867,58811.15125000012,0.08424100279808044,R,1
19.33489990234375,58811.210486100055,0.14520099759101868,g,1
18.703100204467773,58812.204791699995,0.10377900302410126,R,1
19.416200637817386,58813.16483800019,0.2526099979877472,g,1
18.605100631713867,58814.174733799875,0.18059200048446652,R,1
19.618799209594727,58814.23607640015,0.23603299260139465,g,1
20.161584854125977,58846.146157400224,0.15528947114944458,R,1
