time,mag,magerr,band
58456.28138889978,18.85140037536621,0.074033997952938,R
58465.22353010019,18.197799682617188,0.0897350013256073,g
58465.47135420004,18.287500381469727,0.0647369995713234,R
58468.4271644,18.312599182128903,0.0621719993650913,g
58480.43202550011,19.225799560546875,0.1457100063562393,R
58480.49182870006,19.151599884033203,0.1481100022792816,g
58487.42765050009,19.40570068359375,0.1386580020189285,R
58491.19837959996,19.891700744628903,0.1810380071401596,g
58491.25659719994,19.424583435058597,0.1530589610338211,R
