time,mag,magerr,band
58781.46843749983,18.418800354003903,0.1649039983749389,g
58781.52386569977,18.5093994140625,0.1379240006208419,R
58784.49370370014,18.280000686645508,0.1365509927272796,g
58790.51104169991,18.227500915527344,0.0842809975147247,R
58790.54247689992,18.270099639892575,0.0875739976763725,g
58798.53453700012,18.304399490356445,0.0685580000281333,R
58804.503888899926,19.218385696411133,0.1742382049560547,g
58846.459988399874,20.09575080871582,0.1339133232831955,R
