ant_mag,ant_mjd,ant_magerr,ant_passband,ant_survey
19.832599639892575,58791.304942099836,0.13932600617408752,g,1
19.38809967041016,58793.37143519986,0.12644100189208984,R,1
19.259700775146484,58795.25711809984,0.12651699781417847,g,1
19.301000595092773,58796.29969910019,0.15958400070667267,R,1
19.17729949951172,58797.2698264001,0.17001700401306152,g,1
19.252599716186523,58797.327673600055,0.14149299263954165,R,1
19.180400848388672,58798.185763900176,0.17492100596427915,g,1
19.01300048828125,58799.23688660003,0.16980299353599548,R,1
19.17790031433105,58803.191284699824,0.1112079992890358,g,1
19.15999984741211,58803.276979200076,0.12417200207710265,R,1
19.14640045166016,58804.201504599776,0.14172300696372986,g,1
19.178300857543945,58804.353784699924,0.12262800335884096,R,1
19.252700805664066,58805.206030100126,0.07993800193071365,g,1
19.311199188232425,58805.22805560008,0.10461000353097916,R,1
19.21430015563965,58806.199143500075,0.08609999716281891,g,1
19.51810073852539,58811.160694399856,0.12578299641609192,R,1
19.60020065307617,58811.23908559977,0.10379599779844284,g,1
19.560100555419922,58812.19460650021,0.12761999666690824,R,1
19.779300689697266,58813.191157400135,0.2444020062685013,g,1
19.653125762939453,58814.207881900016,0.12117158621549605,R,1
20.326555252075195,58819.218576400075,0.16349127888679504,g,1
