ant_mag,ant_mjd,ant_magerr,ant_passband,ant_survey
18.694900512695312,58581.21443289983,0.09104499965906143,g,1
18.851600646972656,58581.23739580018,0.08604100346565248,R,1
18.704200744628906,58592.17765050009,0.13082000613212585,g,1
18.622600555419922,58592.2354629999,0.09140200167894363,R,1
19.009700775146484,58596.18098379998,0.09948399662971497,g,1
18.85700035095215,58599.15615739999,0.09398800134658812,R,1
20.056129455566406,58608.202685200136,0.18457567691802976,g,1
19.342618942260746,58608.240393499844,0.1463966965675354,R,1
