ant_mag,ant_mjd,ant_magerr,ant_passband,ant_survey
19.76320075988769,58567.51665510005,0.1894720047712326,g,1
18.69420051574707,58572.465671299964,0.07834599912166595,R,1
18.46310043334961,58572.49445600017,0.07195500284433365,g,1
18.349899291992188,58575.44802080003,0.05764700099825859,R,1
17.83449935913086,58580.427905099925,0.05184600129723549,g,1
18.05739974975586,58580.47212960013,0.05595500022172928,R,1
17.81760025024414,58583.4119213,0.055883999913930886,g,1
17.998600006103516,58586.38997690008,0.05404600128531456,R,1
18.204500198364254,58592.491747700136,0.07454700022935867,g,1
18.45369911193848,58596.40170140006,0.07961799949407578,R,1
18.448299407958984,58596.45273149992,0.07608599960803986,g,1
18.73040008544922,58605.38413190004,0.08170700073242188,R,1
19.46030044555664,58608.32593750022,0.11416299641132355,g,1
19.912500381469727,58632.29596060003,0.1677190065383911,R,1
20.56609916687012,58632.352419000126,0.19180700182914734,g,1
19.795299530029297,58635.277280100156,0.1302179992198944,R,1
20.7992000579834,58635.429374999825,0.23649899661540985,g,1
20.534576416015625,58660.246412000146,0.1941613405942917,R,1
