ant_mag,ant_mjd,ant_magerr,ant_passband,ant_survey
18.44599914550781,58580.29891199991,0.06990399956703186,g,1
18.354999542236328,58593.31622690009,0.10405000299215317,R,1
19.04840087890625,58596.231099499855,0.11378099769353868,g,1
18.50790023803711,58596.273553200066,0.092849001288414,R,1
19.578399658203125,58600.23179400014,0.109266996383667,g,1
19.133678436279297,58606.25083329994,0.13806115090847015,R,1
