ant_mag,ant_mjd,ant_magerr,ant_passband,ant_survey
18.345199584960934,58455.48043979983,0.060516998171806335,R,1
18.773700714111328,58461.45435190015,0.10671199858188628,g,1
18.687299728393555,58461.523009300225,0.07852800190448761,R,1
19.02020072937012,58464.468576400075,0.11745999753475188,g,1
19.89486312866211,58486.474201399826,0.1565261334180832,R,1
