ant_mag,ant_mjd,ant_magerr,ant_passband,ant_survey
17.942399978637695,58828.32652779994,0.06190900132060051,R,1
18.206100463867188,58833.14471059991,0.07238800078630447,g,1
19.302276611328125,58862.21130790003,0.13698619604110718,R,1
