ant_mag,ant_mjd,ant_magerr,ant_passband,ant_survey
19.84449958801269,58732.37931710017,0.15526099503040314,g,1
19.25510025024414,58735.37017360004,0.16019800305366516,R,1
19.26300048828125,58735.39907409996,0.10866399854421616,g,1
18.82159996032715,58743.33855320001,0.19892700016498568,R,1
18.891399383544922,58746.37868059985,0.12889300286769867,g,1
18.918500900268555,58749.285092600156,0.12561699748039246,R,1
19.05649948120117,58749.31546299997,0.11424700170755385,g,1
19.546262741088867,58760.2935763998,0.17142565548419952,R,1
