ant_mag,ant_mjd,ant_magerr,ant_passband,ant_survey
19.382699966430664,58593.44137729983,0.2673810124397278,R,1
19.464599609375,58593.48383100005,0.2468920052051544,g,1
18.16209983825684,58607.38528939989,0.09206700325012207,R,1
18.84079933166504,58617.460509300225,0.1052599996328354,g,1
18.94289970397949,58633.42260419997,0.1087929978966713,R,1
20.170499801635746,58633.44163190015,0.16354000568389893,g,1
19.016725540161133,58636.404583300005,0.1400553435087204,R,1
20.697399139404297,58636.470289399855,0.3621169924736023,g,1
19.19514274597168,58639.40237270017,0.1428382396697998,R,1
20.63419914245605,58642.4182639001,0.2684090137481689,g,1
19.25943946838379,58642.472037000116,0.11879976838827133,R,1
