time,mag,magerr,band
58288.273541700095,19.033056259155277,0.0874386727809906,R
58288.33972219983,19.4006462097168,0.0940189957618713,g
58303.17231479986,19.44441795349121,0.1411922723054886,R
59784.21521990001,20.3695011138916,0.1775757819414138,g
