ant_mag,ant_mjd,ant_magerr,ant_passband,ant_survey
20.2390251159668,58303.2192245,0.16903617978096008,g,1
18.826499938964844,58306.181840300094,0.1373790055513382,R,1
18.913000106811523,58306.22648150008,0.08638600260019302,g,1
17.99370002746582,58312.21909719986,0.07197900116443634,R,1
17.839153289794922,58315.17724539992,0.05507232993841171,g,1
17.89031219482422,58315.24402779992,0.0757291167974472,R,1
17.98189926147461,58320.17452549982,0.06279099732637405,g,1
18.27387046813965,58324.17944440013,0.08104442805051804,R,1
18.194839477539066,58324.280300899874,0.10420358926057817,g,1
18.410415649414066,58330.29847220006,0.10275523364543916,R,1
19.189773559570312,58333.177557900075,0.09672416746616364,g,1
18.565824508666992,58336.20384259988,0.10739000141620636,R,1
20.10650062561035,58344.16594910016,0.207383006811142,g,1
19.863670349121094,58365.1412037001,0.1854296177625656,R,1
