time,mag,magerr,band
58588.3859490999,19.132200241088867,0.1445479989051818,R
58588.49021989992,19.10849952697754,0.1264860033988952,g
58606.32416669978,19.07958221435547,0.1462887227535247,R
58606.469490699936,19.453933715820312,0.1161673888564109,g
