ant_mag,ant_mjd,ant_magerr,ant_passband,ant_survey
19.70170021057129,58833.18245369988,0.1902939975261688,g,1
19.6117000579834,58833.28328699991,0.2275940030813217,R,1
19.024999618530273,58836.223530100186,0.11759500205516815,g,1
18.303199768066406,58846.13466440002,0.07503300160169601,R,1
18.516599655151367,58849.13461809978,0.07828599959611893,g,1
18.37989997863769,58850.11927080015,0.10071200132369997,R,1
18.714599609375,58852.14281249978,0.11929400265216827,g,1
18.445899963378906,58852.17707179999,0.07820100337266922,R,1
19.18779945373535,58856.1179860998,0.18866999447345734,g,1
18.81570053100586,58861.16586809978,0.12469299882650375,R,1
19.7406005859375,58863.14078699984,0.19912399351596832,g,1
18.979400634765625,58863.19465279997,0.2204129993915558,R,1
19.884899139404297,58864.11586809997,0.17447000741958618,g,1
18.951499938964844,58867.12025459996,0.13337500393390656,R,1
20.25659942626953,58871.17488430021,0.2539309859275818,g,1
19.500946044921875,58877.13420139997,0.1531037539243698,R,1
