time,mag,magerr,band
58573.396261599846,19.71430015563965,0.1877650022506714,g
58584.3938310002,18.890199661254883,0.0890429988503456,R
58587.35709490022,19.0221004486084,0.1896609961986541,g
58597.379687500186,19.36440086364746,0.1470890045166015,R
58600.38626160007,20.079200744628903,0.1571239978075027,g
58606.35695599997,19.63870048522949,0.1534000039100647,R
58606.43651620019,20.439699172973636,0.2782399952411651,g
58616.29443289992,19.9385929107666,0.2105724066495895,R
