ant_mag,ant_mjd,ant_magerr,ant_passband,ant_survey
19.48110008239746,58668.208576399826,0.11682700365781785,g,1
19.10059928894043,58671.20693290001,0.1556369960308075,R,1
18.679100036621094,58674.20403939997,0.10705800354480743,g,1
18.83300018310547,58680.2332870001,0.1458130031824112,R,1
19.17989921569824,58686.19103009999,0.10376100242137908,g,1
19.2971134185791,58689.17497690023,0.17839249968528748,R,1
19.598068237304688,58692.21364580003,0.1546538472175598,g,1
