ant_mag,ant_mjd,ant_magerr,ant_passband,ant_survey
19.13629913330078,58747.271134300165,0.13650600612163544,R,1
18.8528995513916,58747.29393520019,0.11822699755430223,g,1
18.641399383544922,58760.27195600001,0.08787599951028824,R,1
19.78510093688965,58772.18412039987,0.3739719986915589,g,1
19.161500930786133,58774.28325230022,0.18277800083160398,R,1
20.32229995727539,58775.182766200036,0.22749699652194974,g,1
19.50076675415039,58778.31686339992,0.18045979738235474,R,1
