ant_mag,ant_mjd,ant_magerr,ant_passband,ant_survey
17.686800003051758,58978.28915510001,0.059066001325845725,R,1
16.912399291992188,58980.20862270008,0.03304300084710121,g,1
16.840599060058597,58980.25260420004,0.02894599922001362,R,1
15.61750030517578,58986.223645799786,0.02851999923586845,g,1
15.426600456237793,58991.22861109999,0.0276040006428957,R,1
15.531999588012695,58997.214224500116,0.032071001827716834,g,1
15.486599922180176,58997.24996529985,0.026825999841094017,R,1
16.072999954223633,59004.19267359981,0.03216100111603737,g,1
16.119600296020508,59009.172314799864,0.0291959997266531,R,1
16.96339988708496,59012.199768499944,0.040396999567747116,g,1
16.17329978942871,59012.227627300184,0.03377800062298775,R,1
17.7085018157959,59021.227604200125,0.04993147775530815,g,1
16.629249572753903,59021.24148150021,0.034175753593444824,R,1
17.89798355102539,59024.20487269992,0.06761691719293594,g,1
17.006889343261722,59027.183842599865,0.05032430961728096,R,1
18.150957107543945,59031.17416669987,0.0857391282916069,g,1
17.227045059204098,59031.21440970013,0.05035155639052391,R,1
18.1923770904541,59036.19809029997,0.07809417694807053,g,1
17.49569320678711,59036.256458300166,0.05481740459799767,R,1
18.384174346923828,59039.17685189982,0.08178649842739105,g,1
17.790498733520508,59045.20774309988,0.04995203763246536,R,1
18.48130226135254,59045.2380903,0.08310434222221375,g,1
