time,mag,magerr,band
58581.19243060006,18.93630027770996,0.1446280032396316,g
58584.15966439992,18.75,0.0934830009937286,R
58587.20349540003,18.62669944763184,0.0944750010967254,g
58591.14341440005,18.64970016479492,0.0945499986410141,R
58594.17490739981,18.73189926147461,0.0769610032439231,g
58598.16313660005,18.86639976501465,0.0793789997696876,R
58602.20150459977,19.28890037536621,0.0954879969358444,g
58609.15986109991,19.403959274291992,0.1761311888694763,R
58609.17332179984,19.783227920532227,0.203109785914421,g
