time,mag,magerr,band
58464.30689809984,18.697799682617188,0.1011969968676567,R
58464.32777780015,18.559999465942383,0.0694499984383583,g
58474.3287037001,18.294700622558597,0.0857639983296394,R
58480.28267360013,18.541200637817383,0.0898829996585846,g
58490.22223380022,18.969600677490234,0.1092249974608421,R
58507.20218749996,20.45429992675781,0.2360409945249557,g
58522.21663190005,20.41593170166016,0.1793665140867233,R
