ant_mag,ant_mjd,ant_magerr,ant_passband,ant_survey
17.44729995727539,58471.505474499885,0.04776100069284439,g,1
17.616500854492188,58474.47787040007,0.052792001515626914,R,1
18.072999954223636,58482.502569399774,0.052404999732971184,g,1
18.372800827026367,58486.48444439982,0.05661800131201744,R,1
18.816600799560547,58491.47373839981,0.0961429998278618,g,1
18.444499969482425,58494.452685200136,0.05848899856209755,R,1
19.67840003967285,58502.46289349999,0.1946209967136383,g,1
18.87885093688965,58508.47392359981,0.1524944007396698,R,1
