time,mag,magerr,band
58751.40456019994,19.12159919738769,0.1080619990825653,g
58758.31739579979,18.667600631713867,0.0819410011172294,R
58761.28296299977,18.8887996673584,0.0934500023722648,g
58761.360324100126,18.827600479125977,0.1032420024275779,R
58766.16340279998,19.40142059326172,0.2054461538791656,g
