ant_mag,ant_mjd,ant_magerr,ant_passband,ant_survey
19.02750015258789,58526.175416700076,0.11242400109767914,R,1
17.541900634765625,58534.18674769998,0.0652260035276413,g,1
17.360000610351562,58538.154884300195,0.15268999338150024,R,1
17.496200561523438,58542.13707179995,0.0498029999434948,g,1
17.607099533081055,58547.152418999925,0.06227799877524376,R,1
18.39539909362793,58557.15162040014,0.15620100498199466,g,1
18.18709945678711,58557.21290510008,0.12860499322414398,R,1
18.762699127197266,58558.13072919985,0.1342409998178482,g,1
18.153099060058594,58558.16518520005,0.10134200006723404,R,1
18.68563842773437,58560.18584490009,0.19878122210502625,g,1
18.107999801635746,58562.146273099825,0.1340710073709488,R,1
19.307899475097656,58567.164525500026,0.1199669986963272,g,1
18.86216926574707,58585.138090299915,0.17787234485149386,R,1
