ant_mag,ant_mjd,ant_magerr,ant_passband,ant_survey
20.112205505371094,59042.249317099806,0.20998281240463254,R,1
19.895221710205078,59042.301284700174,0.1711897850036621,g,1
19.50839233398437,59045.229305599816,0.09756358712911606,R,1
19.310916900634766,59045.26151619991,0.11158286035060884,g,1
19.143795013427734,59048.2473726999,0.08383994549512863,R,1
18.82077980041504,59054.289919000126,0.08156660944223404,g,1
18.793254852294922,59054.35210649995,0.09537815302610396,R,1
18.886205673217773,59057.269467600156,0.08487404137849808,g,1
19.07825469970703,59063.187384299934,0.11968953162431716,R,1
19.217811584472656,59066.193761600174,0.1366472691297531,g,1
19.168439865112305,59066.23825229983,0.11667931824922563,R,1
19.5330867767334,59069.17704859981,0.11514270305633545,g,1
19.562036514282227,59072.192592599895,0.13324090838432312,R,1
20.139991760253906,59075.19299770008,0.19217334687709808,g,1
19.583511352539066,59078.18475690018,0.11079258471727373,R,1
20.311506271362305,59078.20805560006,0.21593298017978668,g,1
19.665084838867188,59081.20376159996,0.1645175814628601,R,1
