ant_mag,ant_mjd,ant_magerr,ant_passband,ant_survey
18.975299835205078,58776.51074070018,0.12099099904298782,R,1
17.35849952697754,58785.46773150005,0.04746999964118004,g,1
17.579500198364258,58785.507083300035,0.04548799991607666,R,1
17.318199157714847,58789.511840300176,0.04611700028181076,g,1
17.495399475097653,58790.50931710005,0.041777998208999634,R,1
17.335699081420902,58790.53982640012,0.04347600042819977,g,1
17.879100799560547,58799.492060199846,0.07514200359582901,R,1
17.918899536132812,58802.548425899826,0.06433700025081635,g,1
18.28770065307617,58806.55728009995,0.07328300178050995,R,1
18.866500854492188,58812.429942099836,0.11430200189352036,g,1
19.39150047302246,58836.48525460018,0.08962800353765488,R,1
20.055700302124023,58836.55393519998,0.11828699707984924,g,1
19.59510040283203,58846.470879599925,0.12619300186634064,R,1
20.392799377441406,58846.515775499865,0.2007790058851242,g,1
19.749900817871094,58849.44841440023,0.11605700105428696,R,1
20.32570075988769,58849.51560189994,0.14619000256061554,g,1
19.911500930786133,58850.492615699775,0.17806899547576904,R,1
20.271799087524414,58850.531932900194,0.2387859970331192,g,1
19.63640022277832,58851.49086809997,0.1194709986448288,R,1
20.17340087890625,58851.51181709999,0.16832900047302246,g,1
19.8804988861084,58852.41930560023,0.11980175226926805,R,1
20.366199493408203,58852.50596059999,0.19674399495124814,g,1
19.772518157958984,58853.436446799904,0.1251171976327896,R,1
20.38689994812012,58853.51153940009,0.21877500414848328,g,1
19.704002380371094,58854.476620399866,0.20064406096935272,R,1
