ant_mag,ant_mjd,ant_magerr,ant_passband,ant_survey
18.86359977722168,58472.40293980017,0.07752200216054916,R,1
18.08679962158203,58475.5124884001,0.07931800186634064,g,1
17.60070037841797,58480.42629629978,0.05081899836659432,R,1
17.409099578857422,58482.55539349979,0.04639000073075295,g,1
17.516899108886722,58490.21709490009,0.043425001204013824,R,1
17.775800704956055,58493.24366899999,0.05685900151729584,g,1
17.677499771118164,58493.2765740999,0.038759000599384315,R,1
19.28529930114746,58509.2437616,0.19413000345230105,g,1
19.0275993347168,58522.223240700085,0.09439200162887572,R,1
20.103200912475586,58522.40493059997,0.21928299963474274,g,1
19.827770233154297,58547.19467590004,0.19235840439796448,R,1
