ant_mag,ant_mjd,ant_magerr,ant_passband,ant_survey
19.135499954223636,58343.16335650021,0.08152099698781967,R,1
19.22406578063965,58346.1607638998,0.14769716560840607,g,1
18.92669677734375,58350.147580999874,0.08841434121131897,R,1
19.25727653503418,58350.24939810018,0.17247706651687622,g,1
19.677000045776367,58365.1333912001,0.14647699892520905,R,1
20.4064998626709,58365.215625000186,0.26168400049209595,g,1
19.86573982238769,58371.13409719988,0.16817396879196167,R,1
20.676000595092773,58371.202685200136,0.30350399017333984,g,1
19.860788345336914,58374.12982639996,0.16317741572856906,R,1
