ant_mag,ant_mjd,ant_magerr,ant_passband,ant_survey
19.047700881958008,58507.279606500175,0.08483199775218964,R,1
18.74329948425293,58508.20531249978,0.10929899662733078,g,1
18.44750022888184,58510.291504600085,0.08615399897098541,R,1
18.143299102783203,58522.18399310019,0.06382200121879578,g,1
18.247100830078125,58526.228298599824,0.07216700166463852,R,1
18.161800384521484,58526.40159719996,0.1840430051088333,g,1
18.7406005859375,58534.22782409983,0.16455599665641785,R,1
20.215900421142575,58543.22856480022,0.2245199978351593,g,1
19.443872451782227,58556.19075229997,0.1766836941242218,R,1
