ant_mag,ant_mjd,ant_magerr,ant_passband,ant_survey
19.0531005859375,58667.43722219997,0.12482500076293945,g,1
19.201000213623047,58667.480335600216,0.1883549988269806,R,1
18.78610038757324,58674.42203699984,0.0967859998345375,g,1
18.967599868774414,58684.43971059984,0.16924500465393064,R,1
19.549699783325195,58690.29671300016,0.16479100286960602,g,1
19.59722328186035,58698.39853010001,0.180648535490036,R,1
