ant_mag,ant_mjd,ant_magerr,ant_passband,ant_survey
18.98579978942871,58722.474780099925,0.08955900371074678,g,1
17.182100296020508,58732.50083329994,0.02964399941265583,R,1
17.009599685668945,58733.4801852,0.05552899837493897,g,1
17.437400817871097,58733.50414349978,0.06394899636507034,R,1
16.96969985961914,58735.443576400176,0.03504600003361702,g,1
17.12019920349121,58735.50180559978,0.029234999790787693,R,1
16.95989990234375,58736.47983800016,0.04768500104546547,g,1
17.160400390625,58736.50175930001,0.05330000072717666,R,1
17.05109977722168,58737.47981479997,0.0501290000975132,g,1
17.089300155639652,58737.52266199981,0.04907700046896935,R,1
16.992599487304688,58738.441678199924,0.03759099915623665,g,1
17.12849998474121,58739.460648099885,0.053197000175714486,R,1
17.254600524902347,58742.52194439992,0.12431800365447998,g,1
17.346200942993164,58744.439664400175,0.04434800148010254,R,1
17.277700424194336,58744.480775500175,0.04471300169825554,g,1
17.412500381469727,58745.460219900124,0.06484399735927583,R,1
17.422500610351562,58745.52163190022,0.08381599932909012,g,1
17.568099975585938,58747.459861100186,0.0512939989566803,R,1
17.479799270629886,58747.48344910005,0.05997699871659279,g,1
17.584100723266598,58748.43869209987,0.143777996301651,R,1
17.76289939880371,58750.43898149999,0.06347999721765518,g,1
17.772899627685547,58750.46269680001,0.048482999205589294,R,1
17.866199493408203,58751.41782409978,0.07888499647378923,g,1
17.854799270629886,58751.503865700215,0.08487199991941452,R,1
18.39249992370605,58756.43872690015,0.10472799837589264,g,1
17.920400619506836,58759.38481480022,0.05770999938249587,R,1
18.633399963378906,58760.43881940004,0.11845800280570985,g,1
17.99679946899414,58764.44032410019,0.06684000045061111,R,1
19.21579933166504,58767.46019680007,0.2730720043182373,g,1
18.510499954223636,58775.35547449999,0.1003979966044426,R,1
19.46339988708496,58775.39804399992,0.1591320037841797,g,1
18.93280029296875,58787.3473727,0.2806180119514465,R,1
20.023399353027344,58791.31401620014,0.20072700083255768,g,1
19.572200775146484,58806.31552080018,0.20783500373363492,R,1
20.029499053955078,58806.35541669978,0.2302899956703186,g,1
19.756799697875977,58812.27195600001,0.21824300289154053,R,1
20.113710403442386,58812.31928239996,0.2102145403623581,g,1
