ant_mag,ant_mjd,ant_magerr,ant_passband,ant_survey
19.078500747680664,58712.43981479992,0.15175999701023102,R,1
18.450300216674805,58718.43947920018,0.04835199937224388,g,1
18.711200714111328,58733.40555559984,0.046994999051094055,R,1
19.18819999694824,58736.47885419987,0.0564740002155304,g,1
19.017000198364254,58739.39960649982,0.11526499688625336,R,1
19.357799530029297,58739.483402799815,0.24383099377155304,g,1
19.03339958190918,58748.33425930003,0.07186699658632277,R,1
20.32990074157715,58751.40013890015,0.12341400235891342,g,1
19.4089298248291,58756.393159700085,0.12131673842668532,R,1
20.557144165039066,58756.41570599983,0.20057566463947296,g,1
19.510787963867188,58759.37483800016,0.1359845995903015,R,1
