time,mag,magerr,band
58471.50547449989,17.44729995727539,0.0477610006928443,g
58474.477870400064,17.616500854492188,0.0527920015156269,R
58482.502569399774,18.072999954223636,0.0524049997329711,g
58486.48444439983,18.372800827026367,0.0566180013120174,R
58491.4737383998,18.816600799560547,0.0961429998278617,g
58494.45268520014,18.444499969482425,0.0584889985620975,R
58502.46289349999,19.67840003967285,0.1946209967136383,g
58508.47392359981,18.87885093688965,0.1524944007396698,R
