time,mag,magerr,band
58291.24855320016,19.51442146301269,0.1650220602750778,R
58294.2078009001,18.44930076599121,0.1046060025691986,g
58300.18416670011,18.05438041687012,0.0735134705901146,R
58303.20252310019,17.850341796875,0.0467986762523651,g
58319.21375000011,18.47351455688477,0.1431776285171508,R
58333.18055560021,19.80828666687012,0.1407855153083801,g
