time,mag,magerr,band
58334.160740700085,18.97732162475586,0.1011063829064369,R
58337.17673610011,18.61874389648437,0.0819212272763252,g
58337.1973611,18.37209129333496,0.0744645893573761,R
58348.16059029987,18.166200637817383,0.0827549993991851,g
58375.11912039993,18.629016876220703,0.0844755321741104,R
