ant_mag,ant_mjd,ant_magerr,ant_passband,ant_survey
19.46389961242676,58750.16799770017,0.19510099291801453,R,1
19.949800491333008,58751.19416669988,0.14892399311065674,g,1
18.85580062866211,58758.174282399945,0.08512900024652481,R,1
19.00230026245117,58758.21079860022,0.0833199992775917,g,1
18.91069984436035,58760.166736099876,0.11148600280284883,R,1
18.922199249267575,58760.19509259983,0.07444199919700623,g,1
18.855199813842773,58761.16571759991,0.08096899837255478,R,1
18.987300872802734,58761.19413190009,0.093129001557827,g,1
18.933799743652344,58762.16546300008,0.0824899971485138,R,1
19.184799194335934,58764.335219900124,0.14068900048732758,g,1
19.46210289001465,58777.19138889993,0.13441485166549685,R,1
