ant_mag,ant_mjd,ant_magerr,ant_passband,ant_survey
19.25200080871582,58775.37175930013,0.11952300369739532,R,1
19.24839973449707,58778.309444400016,0.1458590030670166,g,1
19.12420082092285,58778.38245370006,0.13725000619888306,R,1
19.038799285888672,58781.39954859996,0.09638600051403046,g,1
18.89310073852539,58787.33966440009,0.15288099646568298,R,1
19.188100814819336,58790.31744210003,0.11387600004673006,g,1
18.881999969482425,58790.36722220015,0.08429799973964691,R,1
19.30739974975586,58793.35347220022,0.1250399947166443,g,1
19.055599212646484,58793.358657400124,0.0983470007777214,R,1
19.267099380493164,58796.257928200066,0.19481199979782104,g,1
18.898799896240234,58796.312233800076,0.08997400104999542,R,1
19.43269920349121,58797.304513900075,0.16570499539375305,g,1
19.25510025024414,58805.350520799875,0.11012600362300873,R,1
20.50629997253418,58811.25193289992,0.2348710000514984,g,1
19.44348907470703,58812.234490700066,0.10750933736562727,R,1
