time,mag,magerr,band
58638.19379629986,19.370800018310547,0.1118180006742477,g
58653.19244210003,19.09530067443848,0.1225989982485771,R
58657.20019679982,19.710100173950195,0.1673769950866699,g
58663.20179399988,19.523351669311523,0.1705874800682068,R
