ant_mag,ant_mjd,ant_magerr,ant_passband,ant_survey
18.85140037536621,58456.28138889978,0.07403399795293808,R,1
18.197799682617188,58465.223530100186,0.0897350013256073,g,1
18.287500381469727,58465.47135420004,0.0647369995713234,R,1
18.312599182128906,58468.427164400004,0.062171999365091324,g,1
19.225799560546875,58480.432025500115,0.14571000635623932,R,1
19.151599884033203,58480.49182870006,0.14811000227928162,g,1
19.40570068359375,58487.42765050009,0.13865800201892853,R,1
19.891700744628906,58491.19837959996,0.1810380071401596,g,1
19.424583435058594,58491.25659719994,0.1530589610338211,R,1
