ant_mag,ant_mjd,ant_magerr,ant_passband,ant_survey
18.52440071105957,58756.45834490005,0.0848739966750145,g,1
18.51689910888672,58756.52476850013,0.07519300282001495,R,1
17.56089973449707,58760.48057870008,0.054416000843048096,g,1
17.30069923400879,58764.48208330013,0.03892400115728378,R,1
16.990299224853516,58767.47773149982,0.04442400112748146,g,1
17.069000244140625,58770.461388899945,0.04558800160884857,R,1
17.003799438476562,58770.50295139988,0.03945999965071678,g,1
17.085899353027347,58775.36089120014,0.041533999145030975,R,1
17.037399291992188,58775.41861109994,0.04239699989557266,g,1
17.233999252319336,58778.459016200155,0.034970998764038086,R,1
17.175399780273438,58778.52085650014,0.04001900181174278,g,1
17.652599334716797,58785.48186339997,0.06334500014781952,R,1
18.04560089111328,58789.41888889996,0.06259799748659134,g,1
17.844999313354492,58795.42667819979,0.06011199951171875,R,1
18.77400016784668,58802.528576400124,0.19522400200366974,g,1
18.06599998474121,58805.37682869983,0.07970300316810608,R,1
19.086200714111328,58805.48487270017,0.1738480031490326,g,1
18.46649932861328,58812.312372699846,0.07867199927568436,R,1
19.479999542236328,58812.410023100216,0.15596500039100647,g,1
19.18494415283203,58833.36859950004,0.1757887303829193,R,1
