ant_mag,ant_mjd,ant_magerr,ant_passband,ant_survey
19.771799087524414,58769.51586809987,0.23049600422382355,g,1
18.616600036621094,58778.49394680001,0.0906739979982376,R,1
19.699499130249023,58784.48712959979,0.30708199739456177,g,1
18.78089904785156,58784.5151505,0.16308799386024475,R,1
20.34749984741211,58788.510115699835,0.24820999801158905,g,1
19.278738021850586,58791.50863429997,0.1185966059565544,R,1
