ant_mag,ant_mjd,ant_magerr,ant_passband,ant_survey
17.53493309020996,58534.35615740017,0.09691067785024644,R,1
17.643299102783203,58896.224432900075,0.05953700095415115,g,1
17.73080062866211,58896.28982640012,0.052462000399827964,R,1
17.096500396728516,58899.21439810004,0.03861400112509728,g,1
17.001899719238278,58903.213217599776,0.04362599924206734,R,1
16.835500717163086,58903.3024420999,0.06310400366783142,g,1
16.964599609375,58906.21428239998,0.05291600152850151,R,1
17.024200439453125,58909.23114580009,0.0642319992184639,g,1
17.342399597167972,58912.21474540001,0.05398000031709671,R,1
17.288999557495114,58912.25020830008,0.055667314678430564,g,1
