time,mag,magerr,band
58300.18461810006,19.17318344116211,0.1025454103946685,R
58303.202974500135,19.35405921936035,0.1263118684291839,g
58321.21873839991,19.450313568115234,0.1626593321561813,R
