time,mag,magerr,band
58428.2115162001,19.488100051879883,0.1355150043964386,g
58431.191400500014,19.33930015563965,0.2060340046882629,R
58431.232430600096,19.236499786376957,0.2361299991607666,g
58434.18893520022,19.20890045166016,0.1290660053491592,R
58437.21130790003,19.00510025024414,0.125460997223854,g
58447.31615740014,18.808570861816406,0.1958953738212585,R
58451.252847199794,19.51059913635254,0.1434150040149688,g
58456.18546300009,19.39175033569336,0.1167313009500503,R
