time,mag,magerr,band
58286.28141199984,19.92166328430176,0.134238913655281,R
59763.225590299815,20.183090209960938,0.1944619566202163,g
