ant_mag,ant_mjd,ant_magerr,ant_passband,ant_survey
19.80853843688965,58754.1369097,0.1680253893136978,R,1
