ant_mag,ant_mjd,ant_magerr,ant_passband,ant_survey
19.713699340820312,58547.18696760014,0.1155959963798523,R,1
19.60867500305176,58547.28840279997,0.17456980049610138,g,1
18.6968994140625,58556.15763889997,0.13149400055408478,R,1
18.568500518798828,58560.192534700036,0.10663100332021712,g,1
18.807600021362305,58567.14517359994,0.06789399683475494,R,1
19.339500427246094,58575.202118100126,0.2058919966220856,g,1
19.68527030944824,58581.166585599996,0.21574859321117398,R,1
19.95450592041016,58581.19099539983,0.14719268679618835,g,1
