ant_mag,ant_mjd,ant_magerr,ant_passband,ant_survey
18.7278995513916,58776.51298609981,0.11326300352811812,R,1
18.26420021057129,58779.5170948999,0.09098300337791444,g,1
18.260499954223636,58785.511169000056,0.07886499911546707,R,1
18.27739906311035,58789.508669000126,0.0756089985370636,g,1
18.796003341674805,58799.48929399997,0.11027662456035614,R,1
