time,mag,magerr,band
58667.43722219998,19.0531005859375,0.1248250007629394,g
58667.48033560021,19.201000213623047,0.1883549988269806,R
58674.42203699984,18.78610038757324,0.0967859998345375,g
58684.43971059984,18.96759986877441,0.1692450046539306,R
58690.29671300016,19.549699783325195,0.164791002869606,g
58698.39853010001,19.59722328186035,0.180648535490036,R
