time,mag,magerr,band
58836.50266199978,18.752700805664062,0.1097299978137016,R
58836.547268500086,18.76160049438477,0.1268319934606552,g
58849.45541669987,18.29540061950684,0.0715010017156601,R
58852.50141200004,18.6560001373291,0.0728349983692169,g
58855.37512730016,18.588638305664062,0.1162805929780006,R
