ant_mag,ant_mjd,ant_magerr,ant_passband,ant_survey
19.421499252319336,58878.32547450018,0.15812499821186066,R,1
19.381500244140625,58878.39041669992,0.21137599647045133,g,1
19.431299209594727,58879.34166669985,0.16727200150489807,R,1
19.224300384521484,58879.471782399814,0.1542149931192398,g,1
19.297199249267575,58880.3484259001,0.10134299844503404,R,1
19.135099411010746,58880.43101850013,0.09946300089359283,g,1
19.34600067138672,58881.363009300076,0.09790699928998947,R,1
18.816699981689453,58883.45262729983,0.09738899767398834,g,1
19.099300384521484,58883.5123263998,0.1416739970445633,R,1
18.742700576782227,58884.43292819987,0.09938099980354308,g,1
18.914100646972656,58885.240057900075,0.15995800495147705,R,1
18.83989906311035,58885.30311340001,0.1095540001988411,g,1
18.890600204467773,58886.30266200006,0.11566799879074095,R,1
18.739200592041016,58888.308090299826,0.15487399697303772,g,1
18.94230079650879,58890.42739580013,0.1519560068845749,R,1
18.917400360107425,58891.220416699995,0.10379599779844284,g,1
18.948999404907227,58891.32579859997,0.1140180006623268,R,1
18.892200469970703,58892.17159719997,0.1118289977312088,g,1
19.06789970397949,58892.30015050016,0.10412099957466124,R,1
19.13249969482422,58893.244629600085,0.12036299705505372,g,1
19.244600296020508,58894.28055559984,0.10362999886274338,R,1
19.270000457763672,58895.24068289995,0.1351190060377121,g,1
19.510499954223636,58898.3683449002,0.15055200457572934,R,1
20.00950050354004,58903.34462960018,0.1916240006685257,g,1
19.834299087524414,58903.38913189992,0.18255700170993805,R,1
20.148906707763672,58908.327060199816,0.17827580869197845,g,1
