ant_mag,ant_mjd,ant_magerr,ant_passband,ant_survey
18.97732162475586,58334.160740700085,0.10110638290643692,R,1
18.61874389648437,58337.17673610012,0.08192122727632523,g,1
18.37209129333496,58337.19736109999,0.0744645893573761,R,1
18.166200637817386,58348.16059029987,0.08275499939918518,g,1
18.629016876220703,58375.11912039992,0.08447553217411041,R,1
