ant_mag,ant_mjd,ant_magerr,ant_passband,ant_survey
18.069900512695312,59302.17817129986,0.09008599817752838,g,1
17.369016647338867,59304.181805599954,0.03771291673183441,R,1
17.327465057373047,59304.19481479983,0.06155316159129143,g,1
16.95870018005371,59306.24665510002,0.04113899916410446,R,1
16.883899688720707,59306.327048600186,0.031679000705480576,g,1
16.62637710571289,59308.20862270008,0.03917669132351875,R,1
16.33786392211914,59310.24437499978,0.023560753092169758,g,1
16.452241897583008,59310.305370400194,0.03440598398447037,R,1
16.220659255981445,59312.223136600114,0.026210982352495197,g,1
16.254518508911133,59314.175706000075,0.031073544174432755,R,1
16.172538757324222,59314.228437500075,0.02810381911695004,g,1
16.252910614013672,59316.28493059985,0.028600275516510013,R,1
16.163049697875973,59316.32420139993,0.025073250755667686,g,1
16.297981262207028,59319.2040161998,0.034907352179288864,R,1
16.251161575317386,59319.25016199984,0.02518697641789913,g,1
16.402765274047848,59321.229606499895,0.02788790687918663,R,1
16.489688873291016,59323.18746529985,0.028137769550085068,g,1
16.62369155883789,59325.177199100144,0.03157180920243263,R,1
16.681825637817386,59325.22199069987,0.029240177944302562,g,1
16.867700576782227,59329.206782400135,0.04821500182151794,R,1
17.14900016784668,59329.327060199816,0.048840999603271484,g,1
17.035089492797848,59335.18633100018,0.05213221162557602,R,1
18.097301483154297,59338.180381900165,0.04645366594195366,g,1
17.059030532836914,59338.24909720012,0.04187505319714546,R,1
18.237043380737305,59340.17946759983,0.06335821747779846,g,1
17.161632537841793,59340.26432870002,0.044071897864341736,R,1
18.450986862182614,59342.22124999993,0.06805194914340973,g,1
17.382768630981445,59344.21467590006,0.07736635953187943,R,1
18.575050354003906,59344.262048599776,0.07320959120988846,g,1
17.677114486694336,59346.30844909978,0.05521360412240029,R,1
18.613889694213867,59346.32403940009,0.12508460879325867,g,1
17.747217178344727,59348.20531249978,0.07503329962491989,R,1
18.921594619750977,59350.200659700204,0.1184549331665039,g,1
17.949052810668945,59353.195740699775,0.0729498416185379,R,1
18.944114685058594,59353.21620369983,0.1291426569223404,g,1
18.07759666442871,59355.20052079996,0.11115633696317673,R,1
18.939653396606445,59358.266088000026,0.2032215446233749,g,1
