ant_mag,ant_mjd,ant_magerr,ant_passband,ant_survey
20.55389976501465,58487.44601849979,0.2452089935541153,g,1
18.93490028381348,58491.41480319993,0.1224839985370636,R,1
17.86440086364746,58509.246967600186,0.07508300244808197,g,1
18.79393577575684,58526.22599539999,0.1242169514298439,R,1
