ant_mag,ant_mjd,ant_magerr,ant_passband,ant_survey
18.456600189208984,58833.33443289995,0.06464499980211258,R,1
17.971399307250977,58853.451481500175,0.044211998581886285,g,1
18.06170082092285,58854.44696759991,0.07974500209093094,R,1
18.21139907836914,58856.100694399785,0.084136001765728,g,1
18.136999130249023,58856.193946800195,0.06394100189208984,R,1
18.32309913635254,58859.144409699824,0.1160150021314621,g,1
18.297199249267575,58859.275613400154,0.10187999904155733,R,1
18.5531005859375,58860.11835649982,0.1321129947900772,g,1
18.282400131225586,58860.279328700155,0.07977999746799469,R,1
18.71969985961914,58861.11543980008,0.09938599914312364,g,1
18.544300079345703,58863.22126160003,0.20322300493717196,R,1
19.030799865722656,58864.17075229995,0.08297800272703171,g,1
18.431900024414066,58864.2447453998,0.054450001567602165,R,1
19.255800247192386,58867.21853009983,0.09356699883937836,g,1
18.73419952392578,58875.216527800076,0.0673850029706955,R,1
20.024700164794922,58876.199351899784,0.1331540048122406,g,1
18.873199462890625,58878.15944440012,0.14453299343585968,R,1
19.8700008392334,58878.22262729983,0.24361799657344815,g,1
19.023000717163086,58880.20480319997,0.0960640013217926,R,1
20.38360023498535,58881.180208299775,0.29716500639915466,g,1
19.42009925842285,58892.28003469994,0.13404099643230438,R,1
20.604400634765625,58895.16082180013,0.27244600653648376,g,1
19.812068939208984,58903.18630790013,0.12099727243185045,R,1
