time,mag,magerr,band
58812.55437499983,18.914100646972656,0.1251779943704605,R
58823.51157409977,18.23500061035156,0.1631930023431778,g
58828.42395830015,18.06110000610352,0.0630730018019676,R
58828.55016200012,18.575899124145508,0.13714100420475,g
58831.4536342998,18.26849937438965,0.0927139967679977,R
58831.54938660003,18.627599716186523,0.1361099928617477,g
58837.46396989981,18.47640037536621,0.0936419963836669,R
58837.51358800009,19.008699417114254,0.1232339963316917,g
58866.3558565001,19.54087829589844,0.1530635058879852,R
