time,mag,magerr,band
58776.15212959983,19.87808990478516,0.1746299117803573,R
