ant_mag,ant_mjd,ant_magerr,ant_passband,ant_survey
19.89069938659668,58712.483298600186,0.30745598673820496,g,1
17.583599090576172,58719.464594900135,0.04811400175094605,R,1
17.447700500488278,58722.441099499825,0.049075998365879066,g,1
17.345699310302734,58722.486898099996,0.04156700149178505,R,1
17.375999450683597,58725.463611099876,0.038005001842975616,g,1
17.236900329589847,58725.4994907002,0.03289199993014336,R,1
17.570600509643555,58732.42134260014,0.06235900148749352,g,1
17.383899688720707,58732.47770830012,0.03962299972772598,R,1
17.816699981689453,58735.44131939997,0.05206799879670143,g,1
18.069900512695312,58747.44056709996,0.06457400321960449,R,1
19.286500930786133,58750.37702549994,0.1302260011434555,g,1
18.15690040588379,58750.466805600096,0.06274399906396866,R,1
19.872800827026367,58756.41292819986,0.1871979981660843,g,1
18.677000045776367,58759.37254629983,0.06825599819421768,R,1
19.87529945373535,58759.42053239979,0.12168599665164948,g,1
18.80660057067871,58763.374583300196,0.08178199827671051,R,1
20.037399291992188,58763.41084490017,0.18480999767780304,g,1
19.867700576782227,58789.2692477,0.17472299933433533,R,1
20.660499572753906,58791.29679400008,0.22472000122070312,g,1
19.966632843017575,58794.316736099776,0.20917581021785736,R,1
