time,mag,magerr,band
58830.41631940007,18.3031005859375,0.0870369970798492,R
58830.55392359989,18.32320022583008,0.091398999094963,g
58838.4358333,17.931800842285156,0.0704979971051216,R
58850.42222219985,19.5088005065918,0.2204840034246444,g
58854.441446799785,18.4281005859375,0.1343490034341812,R
58854.48356480012,19.893400192260746,0.3550660014152527,g
58855.30744209979,18.624282836914062,0.1191919669508934,R
