time,mag,magerr,band
58508.49484949978,19.16959953308105,0.1595930010080337,R
58511.49039349984,19.043100357055664,0.1172190010547638,g
58514.43372689979,18.542499542236328,0.1757909953594207,R
58522.500995399896,19.842300415039062,0.2007550001144409,g
58522.53207179997,18.8356990814209,0.0833019986748695,R
58526.46986109996,20.46839904785156,0.365458995103836,g
58543.35993060004,20.374725341796875,0.1956588923931121,R
