time,mag,magerr,band
58441.3762730998,19.63999938964844,0.278775006532669,R
58441.44253470004,19.690900802612305,0.2118780016899109,g
58450.3744212999,18.94580078125,0.0910630002617836,R
58450.40024309978,18.77580070495605,0.1233429983258247,g
58462.31187500013,19.249900817871094,0.1710070073604583,R
58466.3126968001,19.66530036926269,0.1620080024003982,g
58466.31828700006,19.34029960632324,0.1897380053997039,R
58472.24843750009,19.86989974975586,0.2970300018787384,g
58490.16903939983,20.154022216796875,0.1685795933008194,R
