ant_mag,ant_mjd,ant_magerr,ant_passband,ant_survey
18.31703758239746,58275.34287039982,0.032425187528133385,R,1
18.309999465942386,58278.226979199804,0.025061000138521198,g,1
18.583799362182614,58288.27400460001,0.06439200043678284,R,1
18.72714233398437,58288.351504600134,0.06908345222473145,g,1
18.747467041015625,58291.25596059999,0.11280754953622818,R,1
19.131441116333008,58294.194583300035,0.1472529172897339,g,1
18.925264358520508,58294.26878469996,0.10140502452850343,R,1
19.47960090637207,58297.22692129994,0.19582100212574005,g,1
19.09449958801269,58297.29627310018,0.16405999660491946,R,1
19.60332679748535,58300.22579859988,0.1322091668844223,g,1
19.030385971069336,58303.17177079991,0.09880993515253067,R,1
20.18120002746582,58306.218020800035,0.17896200716495514,g,1
19.41798973083496,58314.170891200185,0.13902857899665833,R,1
20.673099517822266,58314.24335649982,0.2513740062713623,g,1
20.572071075439453,58344.185763900176,0.2168928235769272,R,1
