time,mag,magerr,band
58764.48164349981,18.78661727905273,0.0884540230035781,R
58767.47818290023,19.205299377441406,0.1641329973936081,g
58785.48141200002,19.230995178222656,0.2036585658788681,R
