ant_mag,ant_mjd,ant_magerr,ant_passband,ant_survey
18.15139961242676,58534.28966439982,0.12576399743556976,g,1
18.11680030822754,58534.39780090004,0.13954100012779236,R,1
17.866100311279297,58538.32145830012,0.0791030004620552,g,1
17.808700561523438,58538.35307870014,0.057734999805688865,R,1
17.874900817871094,58543.31054400001,0.07362300157546997,g,1
17.97610092163086,58543.362743100144,0.056935001164674766,R,1
19.235300064086914,58556.366458300035,0.21042999625205994,g,1
19.49659919738769,58572.30793979997,0.1752920001745224,R,1
20.63190078735352,58580.26136570005,0.25535398721694946,g,1
19.92478370666504,58584.318368100096,0.20081280171871185,R,1
