ant_mag,ant_mjd,ant_magerr,ant_passband,ant_survey
18.99503898620605,58364.158969900105,0.08644092828035355,R,1
18.8895320892334,58364.20291669992,0.08491355180740356,g,1
18.91417121887207,58367.14900460001,0.1069030538201332,R,1
19.034921646118164,58370.1727661998,0.10433401167392732,g,1
19.038856506347656,58373.16415510001,0.09246166050434113,R,1
19.362045288085934,58373.21615740005,0.11463172733783722,g,1
19.318899154663086,58377.1437615999,0.10672099888324738,R,1
20.311899185180664,58380.12002310018,0.2980319857597351,g,1
19.58303642272949,58383.11373839992,0.17574919760227206,R,1
