ant_mag,ant_mjd,ant_magerr,ant_passband,ant_survey
19.75359916687012,58471.508229199804,0.16218000650405884,g,1
19.072999954223636,58474.494259300176,0.12389200180768968,R,1
18.033899307250977,58480.51755789992,0.058933001011610024,g,1
17.98710060119629,58486.50702549982,0.06557299941778183,R,1
17.967300415039062,58491.47327549989,0.05525299906730652,g,1
18.13500022888184,58494.450786999885,0.06953799724578857,R,1
18.764299392700195,58502.469213000026,0.13713599741458893,g,1
18.639699935913086,58502.550706000075,0.0818990021944046,R,1
19.36090087890625,58505.45137730008,0.2384089976549149,g,1
18.701499938964844,58508.47334490017,0.0973389968276024,R,1
19.21030044555664,58508.538807900164,0.1813820004463196,g,1
18.71780014038086,58511.38871529978,0.08462099730968475,R,1
19.503999710083008,58511.459039399866,0.11805599927902223,g,1
18.776599884033203,58514.42327550008,0.09298700094223022,R,1
20.27569961547852,58522.41739579989,0.289328008890152,g,1
19.17449951171875,58522.53437499981,0.10862699896097183,R,1
20.417499542236328,58526.44122690009,0.21416200697422028,g,1
19.411609649658203,58618.215636599816,0.16592341661453247,R,1
