time,mag,magerr,band
58747.294386600144,20.0039005279541,0.2552460134029388,g
58750.27476850012,19.642000198364254,0.1928160041570663,R
58750.36155090016,19.51609992980957,0.1849299967288971,g
58760.27287039999,18.999000549316406,0.1151129975914955,R
58775.1832059999,19.92539978027344,0.2224819958209991,g
58778.31731479988,19.454376220703125,0.1993084102869033,R
