ant_mag,ant_mjd,ant_magerr,ant_passband,ant_survey
18.905099868774414,58598.25234950008,0.09557399898767473,g,1
19.052499771118164,58598.29650459997,0.10521599650382996,R,1
17.944799423217773,58601.23343749996,0.05633600056171417,g,1
17.398199081420902,58607.24935190008,0.04296899959445,R,1
17.299999237060547,58617.191342600156,0.05885599926114082,g,1
17.37809944152832,58617.25121530006,0.0445609986782074,R,1
18.859100341796875,58635.189606499865,0.10427399724721907,g,1
19.55422019958496,58669.17240739986,0.20983999967575076,R,1
