ant_mag,ant_mjd,ant_magerr,ant_passband,ant_survey
18.32939910888672,58761.204375000205,0.08262500166893005,R,1
17.81290054321289,58770.183113399886,0.08599399775266647,g,1
17.69860076904297,58770.23959490005,0.08012799918651581,R,1
17.84939956665039,58773.187928199775,0.12964199483394626,g,1
17.972200393676758,58773.18932869983,0.08323200047016144,R,1
18.09129905700684,58776.18162039992,0.06517700105905533,g,1
18.117599487304688,58776.189375000075,0.0723010003566742,R,1
18.354799270629886,58779.18210650002,0.06854599714279175,g,1
18.387699127197266,58782.181122700225,0.09070300310850143,R,1
18.630599975585934,58782.21034719981,0.10800100117921828,g,1
18.878215789794922,58794.07466439996,0.19562821090221405,R,1
