ant_mag,ant_mjd,ant_magerr,ant_passband,ant_survey
19.24346923828125,58338.17818289995,0.14961975812911987,g,1
18.144216537475586,58342.33229169994,0.06808623671531677,R,1
17.84932518005371,58345.18460649997,0.04811420291662216,g,1
17.760400772094727,58345.328796300106,0.059459000825881965,R,1
17.65327262878418,58348.3427893999,0.05462377518415451,g,1
17.964691162109375,58357.275636599865,0.06287887692451477,R,1
19.44636344909668,58363.17408559984,0.13679268956184387,g,1
18.31060028076172,58363.224097200204,0.07394199818372726,R,1
20.19239997863769,58378.18165510008,0.1808830052614212,g,1
19.48430633544922,58381.16373840022,0.14363181591033936,R,1
