ant_mag,ant_mjd,ant_magerr,ant_passband,ant_survey
18.87150001525879,58746.39377309987,0.1125049963593483,g,1
18.590200424194336,58749.29432869983,0.0935019999742508,R,1
18.563800811767575,58749.318182900075,0.08596999943256378,g,1
18.42790031433105,58760.29584489996,0.053095001727342606,R,1
18.859100341796875,58764.35604170011,0.1043500006198883,g,1
19.586627960205078,58788.21023150021,0.16242842376232147,R,1
