ant_mag,ant_mjd,ant_magerr,ant_passband,ant_survey
19.32550048828125,58638.29149310011,0.1333640068769455,R,1
18.41670036315918,58641.230347199824,0.092508003115654,g,1
18.467899322509766,58641.292835600216,0.07453999668359756,R,1
18.008100509643555,58644.209872699816,0.06269799917936325,g,1
18.09650039672852,58644.27309030014,0.07541699707508087,R,1
17.76180076599121,58647.213611099876,0.059533998370170586,g,1
17.93079948425293,58647.25326390006,0.06941500306129456,R,1
17.773500442504886,58650.21018519998,0.06591299921274185,g,1
17.633699417114258,58653.227557899896,0.05680400133132935,R,1
17.805500030517578,58657.21282410016,0.0685650035738945,g,1
17.730199813842773,58657.25395830022,0.06923399865627289,R,1
17.978700637817386,58660.207511600114,0.05851700156927109,g,1
18.02389907836914,58663.19064809987,0.058625999838113785,R,1
18.258699417114254,58663.211805600215,0.0612110011279583,g,1
18.265100479125977,58666.17151620006,0.08353299647569656,R,1
18.393199920654297,58666.210474499974,0.06199600175023079,g,1
18.24090003967285,58669.183842599865,0.08772300183773041,R,1
19.033300399780273,58672.18674769998,0.09293899685144424,g,1
18.293100357055664,58672.21252309997,0.06963399797677994,R,1
19.156400680541992,58674.20630790014,0.12992900609970093,g,1
18.44610023498535,58675.24479170004,0.10309600085020064,R,1
19.337799072265625,58675.299004599925,0.14560799300670624,g,1
18.596200942993164,58678.1921759001,0.08211299777030945,R,1
19.390100479125977,58678.27204860003,0.1819099932909012,g,1
18.66220092773437,58684.1687384001,0.08534599840641023,R,1
20.0004997253418,58684.21069440013,0.192564994096756,g,1
19.01000022888184,58690.16991900001,0.08888799697160721,R,1
20.39579963684082,58693.23378469981,0.21165500581264496,g,1
19.66038703918457,58698.1761690001,0.17970342934131622,R,1
