ant_mag,ant_mjd,ant_magerr,ant_passband,ant_survey
18.17659950256348,58423.24353010021,0.06272699683904648,g,1
18.238300323486328,58426.254178199924,0.057275999337434776,R,1
18.026500701904297,58429.23254630017,0.059181999415159225,g,1
18.005699157714844,58432.27077550023,0.06417600065469742,R,1
18.14259910583496,58435.21109949984,0.09236899763345717,g,1
20.12631225585937,58487.09829859994,0.18262769281864166,R,1
