ant_mag,ant_mjd,ant_magerr,ant_passband,ant_survey
19.5762996673584,58594.20885419985,0.2641820013523102,g,1
19.600400924682614,58594.332916699816,0.20610399544239044,R,1
18.549400329589844,58597.312928199775,0.072673000395298,g,1
18.814599990844727,58597.35126159992,0.0814250037074089,R,1
18.19440078735352,58600.21635420014,0.07059100270271301,g,1
18.12190055847168,58606.269838000175,0.07058200240135193,R,1
17.92329978942871,58606.403194400016,0.05588499829173088,g,1
18.05459976196289,58608.259756899904,0.08238700032234192,R,1
18.03510093688965,58612.29153939989,0.062291000038385384,g,1
18.408100128173828,58618.217673600186,0.08191999793052672,R,1
18.743000030517575,58622.17280089995,0.1330689936876297,g,1
18.89419937133789,58633.198425900184,0.08006999641656876,R,1
19.53019905090332,58633.261169000056,0.15001000463962555,g,1
18.96310043334961,58636.22163189994,0.09296499937772752,R,1
19.773000717163086,58636.257361100055,0.16672100126743314,g,1
19.042400360107425,58639.180497699876,0.0980129987001419,R,1
20.1476993560791,58642.20113429987,0.2072020024061203,g,1
20.0870418548584,58660.22181709996,0.14735384285449982,R,1
