time,mag,magerr,band
58678.23229169985,19.890899658203125,0.2300339937210083,R
58678.31488429988,19.989500045776367,0.3006849884986877,g
58684.44287039992,18.70159912109375,0.1056850031018257,R
58688.31467590016,18.804500579833984,0.0904430001974105,g
58691.37728009978,18.55940055847168,0.075543999671936,R
58694.31410880014,19.01460075378418,0.08627600222826,g
58697.37863430008,18.91681480407715,0.0911132395267486,R
