time,mag,magerr,band
58559.33150460012,19.457040786743164,0.1606836020946502,g
