ant_mag,ant_mjd,ant_magerr,ant_passband,ant_survey
20.35169982910156,58690.41462960001,0.25752100348472595,R,1
19.149700164794922,58693.419375000056,0.12410800158977507,g,1
18.938600540161133,58696.46056709997,0.08856099843978882,R,1
18.414100646972656,58704.421157400124,0.07672800123691559,g,1
18.83580017089844,58715.41863430013,0.1332309991121292,R,1
19.13689994812012,58718.41524309991,0.1396380066871643,g,1
19.141399383544922,58724.3974421001,0.10382000356912613,R,1
20.39189910888672,58732.378425899886,0.24786099791526794,g,1
19.471628189086914,58735.36927080015,0.17670182883739471,R,1
