ant_mag,ant_mjd,ant_magerr,ant_passband,ant_survey
18.988000869750977,58572.38717589992,0.09817100316286087,g,1
19.13400077819824,58572.4196295999,0.10802499949932097,R,1
18.53569984436035,58575.33368059992,0.06817899644374847,g,1
18.62190055847168,58575.38035879983,0.09067899733781816,R,1
18.171899795532227,58580.304421300076,0.06904199719429016,g,1
18.210899353027344,58583.33131940012,0.06300900131464005,R,1
18.07659912109375,58583.36479170014,0.06192899867892265,g,1
18.169099807739254,58586.34078700003,0.061117000877857215,R,1
18.122100830078125,58586.40431710008,0.063850998878479,g,1
18.21689987182617,58589.2756829001,0.11056800186634064,R,1
18.24880027770996,58592.45123839984,0.11934000253677368,g,1
18.237499237060547,58593.307800900184,0.08938799798488617,R,1
18.42289924621582,58596.236157400075,0.0683320015668869,g,1
18.686199188232425,58606.3000115999,0.07022400200366974,R,1
19.05039978027344,58606.40042820013,0.08777300268411636,g,1
18.938100814819336,58612.23208330013,0.07877600193023683,R,1
19.59670066833496,58616.256145800005,0.1789180040359497,g,1
19.448200225830078,58632.26715280023,0.12884700298309326,R,1
20.400299072265625,58635.22670139978,0.21100400388240811,g,1
19.599300384521484,58635.26032410003,0.10016199946403503,R,1
20.403499603271484,58638.19241899997,0.1961749941110611,g,1
19.664499282836914,58638.240625000086,0.13830499351024628,R,1
20.312562942504886,58641.20328699984,0.17902129888534546,g,1
19.713939666748047,58641.284328700036,0.1063740774989128,R,1
