time,mag,magerr,band
58522.485960599966,19.1382999420166,0.0806080028414726,g
58522.5386458002,18.916900634765625,0.0796400010585784,R
58526.45111110015,18.930099487304688,0.0868609994649887,g
58543.34186339984,19.220199584960938,0.1452309936285019,R
58547.35091440007,20.124900817871094,0.2109529972076416,g
58559.268067100085,19.583465576171875,0.1817725151777267,R
