ant_mag,ant_mjd,ant_magerr,ant_passband,ant_survey
19.279300689697266,58709.4019559999,0.11958400160074235,R,1
19.471399307250977,58709.49717589981,0.1202860027551651,g,1
18.546199798583984,58712.425162000116,0.06806500256061554,R,1
18.73240089416504,58712.46037039999,0.08526699990034102,g,1
18.24930000305176,58715.44015049982,0.06187500059604645,R,1
18.16830062866211,58718.44042820018,0.05259300023317337,g,1
18.02140045166016,58718.46358799982,0.07674100250005722,R,1
18.34000015258789,58727.417835600216,0.04321499913930893,g,1
18.066999435424805,58727.48346060003,0.03907499834895134,R,1
18.51569938659668,58730.467881899785,0.04181699827313423,g,1
18.578899383544922,58736.437604200095,0.05051400139927864,R,1
19.017000198364254,58736.48228010022,0.06670700013637543,g,1
18.707399368286133,58739.40011569997,0.07348799705505371,R,1
19.24430084228516,58739.51863430021,0.17164500057697296,g,1
18.602500915527344,58743.35732640001,0.10200600326061247,R,1
20.256099700927734,58749.32320600003,0.17135800421237946,g,1
19.17779922485352,58756.39451389993,0.08993200212717056,R,1
20.63599967956543,58756.43799770017,0.19109800457954407,g,1
19.855573654174805,58775.137511599816,0.16223417222499847,R,1
