ant_mag,ant_mjd,ant_magerr,ant_passband,ant_survey
20.56570053100586,58696.43883100013,0.2780120074748993,g,1
19.13330078125,58703.42410880001,0.1083109974861145,R,1
19.745399475097656,58706.46069440013,0.13373799622058868,g,1
18.991899490356445,58709.416805599816,0.10218399763107301,R,1
20.04840087890625,58709.46262730006,0.2823019921779633,g,1
20.15829086303711,58736.41753470013,0.18401145935058594,R,1
