ant_mag,ant_mjd,ant_magerr,ant_passband,ant_survey
18.98970031738281,58663.20273149992,0.139492005109787,R,1
19.59410095214844,58663.221111100174,0.16326099634170532,g,1
19.106599807739254,58667.21791670006,0.09841799736022948,R,1
20.149099349975586,58670.195185199846,0.193572998046875,g,1
19.10700035095215,58670.30981480004,0.10631799697875977,R,1
20.412799835205078,58673.30284720008,0.23991799354553225,g,1
20.09280014038086,58682.24034720008,0.32082399725914,R,1
20.807899475097656,58685.19409719994,0.27104300260543823,g,1
19.986740112304688,58691.1728356001,0.18318289518356326,R,1
