ant_mag,ant_mjd,ant_magerr,ant_passband,ant_survey
18.824100494384766,58769.184780099895,0.14176900684833527,R,1
19.54840087890625,58772.18412039987,0.26306098699569697,g,1
18.83699989318848,58774.28325230022,0.13141900300979614,R,1
19.68829917907715,58778.187893500086,0.15911699831485748,g,1
18.77580070495605,58778.31686339992,0.13309299945831302,R,1
19.773500442504886,58782.22870370001,0.16230399906635284,g,1
19.009300231933594,58785.24762730022,0.09838400036096573,R,1
20.30599975585937,58789.204675899826,0.2949390113353729,g,1
19.34171867370605,58792.14787039999,0.1795111894607544,R,1
