ant_mag,ant_mjd,ant_magerr,ant_passband,ant_survey
18.957199096679688,58733.48112270003,0.10664600133895874,g,1
19.191600799560547,58733.505080999814,0.09704100340604782,R,1
18.39739990234375,58737.480717599865,0.07636900246143341,g,1
18.225299835205078,58741.45905089984,0.08466599881649017,R,1
18.14900016784668,58741.50077550019,0.08499699831008911,g,1
18.283100128173828,58748.47456019978,0.06172800064086914,R,1
18.730899810791016,58756.42307869997,0.08560799807310104,g,1
18.752899169921875,58756.523854199804,0.08686699718236922,R,1
19.01799964904785,58759.438368100215,0.09815499931573868,g,1
18.95509910583496,58764.48072919994,0.09091900289058684,R,1
19.674299240112305,58767.47953699995,0.21109099686145785,g,1
19.098499298095703,58767.50366900022,0.11532499641180037,R,1
19.571399688720703,58768.4287963002,0.2550710141658783,g,1
19.419919967651367,58778.457511600114,0.1850985735654831,R,1
