ant_mag,ant_mjd,ant_magerr,ant_passband,ant_survey
19.38920021057129,58706.17072919988,0.17987799644470215,g,1
18.368200302124023,58709.25795139978,0.11075299978256226,R,1
18.2234001159668,58712.148020800196,0.07258900254964827,g,1
18.01420021057129,58712.23606480006,0.09251199662685394,R,1
18.02239990234375,58718.15415510022,0.05358399823307991,g,1
17.9822998046875,58724.16615739978,0.0873429998755455,R,1
18.9512996673584,58727.15016200022,0.10557900369167328,g,1
18.5799503326416,58737.17340280023,0.11115255206823348,R,1
