ant_mag,ant_mjd,ant_magerr,ant_passband,ant_survey
19.615100860595703,58476.51947919978,0.1794860064983368,R,1
18.790000915527344,58480.539548600085,0.1124200001358986,g,1
18.879100799560547,58481.51998839992,0.1129470020532608,R,1
19.5403995513916,58502.495277800124,0.2755289971828461,g,1
19.35029411315918,58508.50346060004,0.1623174101114273,R,1
