ant_mag,ant_mjd,ant_magerr,ant_passband,ant_survey
20.029600143432614,58662.44293980022,0.2131569981575012,g,1
19.961000442504886,58662.465057900175,0.2138410061597824,R,1
18.98419952392578,58667.441770799924,0.12780800461769104,g,1
19.182199478149414,58667.48359949981,0.2219569981098175,R,1
19.003700256347656,58684.404687500086,0.2287209928035736,g,1
18.778600692749023,58684.45974540013,0.1187169998884201,R,1
19.59410095214844,58693.42576389993,0.12626299262046814,g,1
19.27890014648437,58693.47968749981,0.100041002035141,R,1
20.133100509643555,58699.47957180021,0.19676600396633148,g,1
19.5984001159668,58704.461365699775,0.1323709934949875,R,1
20.532100677490234,58707.43815970003,0.225055992603302,g,1
20.248321533203125,58726.3775578998,0.21560534834861755,R,1
