ant_mag,ant_mjd,ant_magerr,ant_passband,ant_survey
19.17318344116211,58300.18461810006,0.10254541039466858,R,1
19.35405921936035,58303.202974500135,0.12631186842918396,g,1
19.450313568115234,58321.21873839991,0.16265933215618136,R,1
