ant_mag,ant_mjd,ant_magerr,ant_passband,ant_survey
18.803199768066406,58776.51843750012,0.08721599727869034,R,1
18.57929992675781,58781.46888889978,0.20892800390720367,g,1
18.49029922485352,58781.52476850013,0.11051300168037416,R,1
18.374000549316406,58784.493252300184,0.1538420021533966,g,1
18.60110092163086,58784.528715299915,0.1669670045375824,R,1
18.636600494384766,58788.51849539997,0.1042260006070137,g,1
18.65959930419922,58791.51585649978,0.09489399939775467,R,1
18.804000854492188,58791.52939809999,0.10915599763393402,g,1
18.847299575805664,58794.53218750004,0.08227799832820892,R,1
19.038400650024414,58794.55042820005,0.14007699489593506,g,1
19.137866973876953,58803.42958329991,0.1544875204563141,R,1
