time,mag,magerr,band
58305.29741899995,18.70400047302246,0.0673120021820068,g
58305.33640050003,18.707199096679688,0.0954250022768974,R
58308.227812500205,18.747900009155277,0.0753410011529922,g
58314.22759260005,18.83731842041016,0.0775891095399856,R
58319.19120369991,19.71419906616211,0.1814689934253692,g
58319.27749999985,19.170841217041016,0.108440913259983,R
58322.209363400005,20.16990089416504,0.30622199177742,g
58336.22010419984,20.287708282470703,0.1824818253517151,R
