ant_mag,ant_mjd,ant_magerr,ant_passband,ant_survey
17.41200065612793,58449.45650460013,0.04934599995613098,R,1
18.895299911499023,58461.48106480017,0.10850799828767776,g,1
17.8656005859375,58461.54114580015,0.05800199881196023,R,1
19.27449989318848,58464.49818289978,0.11980299651622772,g,1
18.98209953308105,58481.47391200018,0.1205810010433197,R,1
19.926799774169922,58482.507141199894,0.17977899312973022,g,1
20.13543510437012,58514.43785879994,0.2083012163639069,R,1
