ant_mag,ant_mjd,ant_magerr,ant_passband,ant_survey
18.478099822998047,58734.13762729988,0.07784999907016754,R,1
17.420400619506836,58737.165312500205,0.05399100109934807,g,1
17.664499282836914,58737.18269680021,0.06952500343322754,R,1
16.885900497436527,58741.13487270009,0.04950999841094017,g,1
16.987499237060547,58744.125405100174,0.05144000053405762,R,1
17.336599349975586,58760.14122689982,0.05829000100493431,g,1
17.691999435424805,58771.103715300094,0.07203800231218338,R,1
18.40180015563965,58771.11244209996,0.13733099400997162,g,1
17.814899444580078,58775.09572920018,0.06836199760437013,R,1
18.92289924621582,58778.119907400105,0.12237899750471115,g,1
17.9468994140625,58781.092951400205,0.13261599838733673,R,1
19.608999252319336,58789.12349539995,0.4133099913597107,g,1
18.747730255126953,58792.111898099996,0.12906193733215332,R,1
20.301959991455078,58851.5571527998,0.2117233127355576,g,1
