time,mag,magerr,band
58820.14777779998,18.56879997253418,0.1773030012845993,g
58831.06984949997,18.59280014038086,0.111236996948719,R
58831.12607639981,18.55680084228516,0.1506769955158233,g
58835.07457179995,18.88759994506836,0.2286310046911239,R
58835.12528940011,18.778600692749023,0.1697349995374679,g
58838.09388889978,18.685800552368164,0.0770410001277923,R
58838.124317099806,18.929100036621094,0.2651450037956238,g
58847.07753469981,19.38229751586914,0.1161657497286796,R
