ant_mag,ant_mjd,ant_magerr,ant_passband,ant_survey
18.49333953857422,58362.15631939982,0.0721617192029953,R,1
18.29836654663086,58362.2021643999,0.062266077846288674,g,1
18.375999450683594,58365.158819399774,0.0775969997048378,R,1
18.124099731445312,58365.223125000026,0.06516099721193314,g,1
18.249120712280273,58368.161956000135,0.07060960680246353,R,1
18.135189056396484,58368.226388900075,0.06355606019496918,g,1
18.288095474243164,58371.13694440015,0.07297056913375853,R,1
18.1616268157959,58371.195925899774,0.05756434798240661,g,1
18.326635360717773,58374.14291669987,0.0774296373128891,R,1
18.245502471923828,58374.204120399896,0.06212199106812478,g,1
18.4950008392334,58377.16396989999,0.07271400094032288,R,1
19.119199752807614,58386.124282400124,0.13396500051021576,g,1
18.979049682617188,58389.12274309992,0.0911870002746582,R,1
19.319021224975586,58389.141678200096,0.09725400060415268,g,1
