ant_mag,ant_mjd,ant_magerr,ant_passband,ant_survey
19.49239921569824,58785.37980319979,0.1400340050458908,g,1
19.18370056152344,58788.338796299875,0.11469899863004684,R,1
19.125999450683594,58791.32384259999,0.08642599731683731,g,1
18.999799728393555,58794.32621529978,0.09406299889087676,R,1
19.30680084228516,58797.21755790013,0.17311500012874606,g,1
19.072900772094727,58803.30181710003,0.10322099924087524,R,1
19.987600326538086,58806.36270829989,0.18219499289989471,g,1
19.50116539001465,58812.275925899856,0.1342330127954483,R,1
