ant_mag,ant_mjd,ant_magerr,ant_passband,ant_survey
18.78089904785156,58666.2489120001,0.0953970029950142,g,1
18.734100341796875,58666.266875000205,0.1647540032863617,R,1
18.833999633789066,58669.20681709983,0.08496399968862534,g,1
18.603900909423828,58672.21670140001,0.13568900525569916,R,1
19.217130661010746,58675.321689799894,0.14809410274028778,g,1
