ant_mag,ant_mjd,ant_magerr,ant_passband,ant_survey
19.29490089416504,58784.37876159978,0.13823699951171875,R,1
18.72170066833496,58790.3151273001,0.104373000562191,g,1
18.36280059814453,58793.36497690016,0.07716000080108643,R,1
18.521900177001953,58797.211400500026,0.14642399549484253,g,1
18.561199188232425,58804.250115700066,0.09671399742364883,R,1
19.729999542236328,58811.21325229992,0.25427401065826416,g,1
19.06542205810547,58814.210127300124,0.11900428682565688,R,1
