ant_mag,ant_mjd,ant_magerr,ant_passband,ant_survey
20.44960021972656,58703.44215280004,0.213688999414444,R,1
19.319700241088867,58706.46618060023,0.14417000114917755,g,1
19.50909996032715,58706.49888890004,0.10438299924135208,R,1
18.808399200439453,58709.49946760014,0.09534700214862823,g,1
18.343700408935547,58715.422395799775,0.07058099657297134,R,1
18.312700271606445,58718.41013889993,0.10971599817276,g,1
18.352500915527344,58724.416736099876,0.08431199938058853,R,1
18.62730026245117,58727.43920140015,0.08763100206851959,g,1
18.635400772094727,58730.42224540003,0.06446199864149094,R,1
18.827999114990234,58730.4713078998,0.08886300027370453,g,1
18.86470031738281,58733.40649309987,0.0828929990530014,R,1
19.064699172973636,58733.46449070005,0.09992799907922743,g,1
18.929100036621094,58736.43399310019,0.08378399908542633,R,1
19.35420036315918,58736.46150460001,0.1130789965391159,g,1
19.173799514770508,58749.300358800225,0.10425399988889694,R,1
20.825000762939453,58756.40290510002,0.36494800448417664,g,1
19.693199157714844,58759.357638900176,0.14446499943733215,R,1
20.794300079345703,58759.40473379986,0.32368698716163635,g,1
20.068777084350586,58763.336365699775,0.1818295270204544,R,1
