ant_mag,ant_mjd,ant_magerr,ant_passband,ant_survey
19.533100128173828,58788.27828700003,0.11830099672079085,R,1
19.7593994140625,58788.36247690023,0.1708180010318756,g,1
19.213699340820312,58789.264583299875,0.0749410018324852,R,1
18.83329963684082,58791.2847684999,0.08837100118398666,g,1
18.233800888061523,58793.372835599825,0.06049099937081338,R,1
18.1658992767334,58794.267164399855,0.06973200291395187,g,1
17.987300872802734,58794.321122699876,0.04989299923181534,R,1
18.024599075317386,58795.258506900165,0.08116599917411804,g,1
17.75160026550293,58796.29924769978,0.034497998654842384,R,1
17.880199432373047,58797.27075230004,0.06876099854707718,g,1
17.694599151611328,58797.3272338002,0.06495600193738937,R,1
17.76140022277832,58798.182141200174,0.04957799986004829,g,1
17.634899139404297,58799.26677080012,0.04594499990344048,R,1
17.719600677490234,58801.22047450022,0.057932998985052116,g,1
17.565099716186527,58801.29682870022,0.036607999354600906,R,1
17.694400787353516,58802.20480319997,0.046682000160217285,g,1
17.535600662231445,58804.22530090017,0.04430299997329712,R,1
17.811899185180664,58805.20510420018,0.0598910003900528,g,1
17.609100341796875,58805.33949070005,0.04822799935936928,R,1
17.89459991455078,58806.20057869983,0.052643999457359314,g,1
18.060800552368164,58811.16024310003,0.03287599980831146,R,1
18.65169906616211,58812.149814799894,0.08449800312519072,g,1
18.08639907836914,58812.19552080008,0.06911999732255936,R,1
18.595699310302734,58813.19208330009,0.12900899350643158,g,1
18.103099822998047,58814.178449099876,0.05393999814987183,R,1
19.518299102783203,58819.21716440003,0.11374100297689438,g,1
18.229900360107425,58819.258877300184,0.13293500244617462,R,1
19.589099884033203,58820.16140050023,0.21198900043964386,g,1
19.565399169921875,58836.10151620022,0.14969900250434875,R,1
20.35300064086914,58837.144606499925,0.17973199486732486,g,1
19.905391693115234,58849.18662039982,0.13987436890602112,R,1
