time,mag,magerr,band
58766.43657410005,18.875200271606445,0.1398829966783523,g
58769.4737383998,18.75670051574707,0.138040006160736,R
58769.51863430021,18.78420066833496,0.1228300034999847,g
58776.48387729982,18.867799758911133,0.1297059953212738,R
58779.50562500022,19.000200271606445,0.1361680030822754,g
58785.5042940001,19.307600021362305,0.1107589974999427,R
58788.50827550003,19.69176483154297,0.1945096105337143,g
58791.50585650001,19.580554962158203,0.1227429434657096,R
