ant_mag,ant_mjd,ant_magerr,ant_passband,ant_survey
19.470399856567386,58584.278518499814,0.14313900470733645,g,1
18.88689994812012,58587.304837999865,0.10858500003814696,R,1
18.99099922180176,58591.213055599954,0.18410499393939966,g,1
18.61240005493164,58593.28959489986,0.11765100061893465,R,1
19.214399337768555,58594.227025500026,0.16082699596881864,g,1
18.54540061950684,58594.341955999844,0.10518000274896623,R,1
19.25309944152832,58597.283657399945,0.1411059945821762,g,1
18.550500869750977,58597.36163190008,0.096671000123024,R,1
19.46660041809082,58600.21865739999,0.16523200273513794,g,1
19.19528579711914,58618.217222199775,0.18786968290805814,R,1
