time,mag,magerr,band
58788.10987270018,19.600400924682617,0.2030750066041946,g
58791.08597220015,18.992700576782227,0.1317269951105117,R
58794.1434491002,18.534400939941406,0.1025749966502189,g
58797.0753008998,18.365800857543945,0.0760729983448982,R
58797.13362269988,18.376100540161133,0.076505996286869,g
58801.082661999855,18.24220085144043,0.1151439994573593,R
58804.10035880003,18.38940048217773,0.0886500030755996,g
58812.103414400015,18.85043334960937,0.1240464225411415,R
58812.11956019979,19.22710418701172,0.1368854790925979,g
