ant_mag,ant_mjd,ant_magerr,ant_passband,ant_survey
19.53030014038086,58712.45107640001,0.13892099261283875,R,1
19.67259979248047,58712.48930560006,0.20842500030994413,g,1
18.58970069885254,58715.44385420019,0.06616800278425218,R,1
18.127700805664066,58718.44288189989,0.07336299866437912,g,1
18.05139923095703,58718.48249999993,0.04696200042963028,R,1
17.598100662231445,58724.471203700174,0.05389999970793724,g,1
17.61840057373047,58724.488356499925,0.037723999470472336,R,1
17.58139991760254,58727.4713773001,0.040486998856067664,g,1
17.535699844360348,58727.49767359997,0.041992999613285065,R,1
17.658100128173828,58732.42317129998,0.048245001584291465,g,1
17.531700134277347,58732.488761600114,0.03740200027823448,R,1
17.75779914855957,58735.45068289992,0.05611800029873848,g,1
17.63159942626953,58735.49412039992,0.042330000549554825,R,1
17.92919921875,58738.495555600144,0.07154600322246553,g,1
18.09000015258789,58744.44633099996,0.06404700130224228,R,1
18.45949935913086,58744.488495400175,0.09593100100755693,g,1
18.189699172973636,58747.47124999993,0.049623001366853714,R,1
19.118600845336914,58750.378402799826,0.11287999898195268,g,1
18.21640014648437,58750.47004629998,0.056699998676776886,R,1
19.54050064086914,58756.40998840006,0.1352519989013672,g,1
18.50349998474121,58759.383298600085,0.07854700088500978,R,1
19.954700469970703,58763.424328700174,0.1457040011882782,g,1
18.649799346923828,58763.48620369983,0.06580699980258943,R,1
20.204500198364254,58766.455046299845,0.1614769995212555,g,1
19.16950035095215,58775.33766200022,0.1228720024228096,R,1
20.4335994720459,58778.300532400135,0.289667010307312,g,1
19.34160041809082,58778.388136600144,0.14081400632858276,R,1
20.49970054626465,58781.40825230022,0.30153098702430725,g,1
19.832000732421875,58789.27859950018,0.1908890008926392,R,1
20.580400466918945,58790.33122690023,0.2876180112361908,g,1
19.760299682617188,58790.35767359985,0.133992999792099,R,1
20.46629905700684,58791.29999999981,0.2844809889793396,g,1
19.988609313964844,58803.32027779985,0.17494069039821625,R,1
