time,mag,magerr,band
58794.530798600055,18.44879913330078,0.084486000239849,R
58794.54857640015,18.4325008392334,0.0702740028500557,g
58798.5317592998,18.372499465942383,0.0993549972772598,R
58798.54365740018,18.39259910583496,0.0776449963450431,g
58801.5254861,18.25830078125,0.1928769946098327,R
58804.50295139989,18.679000854492188,0.151975005865097,g
58828.43333330005,19.1433162689209,0.1679380238056183,R
