ant_mag,ant_mjd,ant_magerr,ant_passband,ant_survey
20.205400466918945,58686.477013899945,0.2709540128707886,g,1
19.82509994506836,58690.43666670006,0.1449439972639084,R,1
19.44569969177246,58693.430115699775,0.0922600030899048,g,1
19.41230010986328,58693.468333300196,0.07540799677371979,R,1
19.1033992767334,58696.428136600174,0.07110299915075302,g,1
18.88330078125,58699.3823032002,0.06514900177717209,R,1
18.90060043334961,58699.454097200185,0.06759700179100038,g,1
18.738300323486328,58703.42874999996,0.06223800033330916,R,1
18.933799743652344,58703.472233800225,0.07150500267744064,g,1
18.72220039367676,58706.4067592998,0.06806199997663498,R,1
19.502899169921875,58709.481284699876,0.14005100727081302,g,1
18.890399932861328,58712.42612269986,0.11791600286960602,R,1
19.521299362182614,58712.475011600174,0.17740599811077118,g,1
18.995399475097656,58715.42898150021,0.10767000168561937,R,1
20.20890045166016,58718.40964120022,0.20040200650691986,g,1
19.44650077819824,58724.415300900124,0.0962980017066002,R,1
20.98970031738281,58724.433275499854,0.2970399856567383,g,1
20.099971771240234,58735.39146990003,0.14539898931980133,R,1
