ant_mag,ant_mjd,ant_magerr,ant_passband,ant_survey
19.08099937438965,58776.182986100204,0.12457700073719025,g,1
19.226600646972656,58776.19027779997,0.2604050040245056,R,1
18.926300048828125,58779.18255789997,0.11271300166845323,g,1
19.167476654052734,58782.18206019978,0.19009293615818024,R,1
18.93743705749512,58782.21079860022,0.16839641332626346,g,1
19.18709945678711,58785.0806828998,0.13958099484443665,R,1
19.23430061340332,58789.182604200214,0.11985400319099425,g,1
19.13393211364746,58789.211134300094,0.2048727869987488,R,1
