ant_mag,ant_mjd,ant_magerr,ant_passband,ant_survey
18.33690071105957,58472.106967600055,0.08302100002765657,R,1
18.15250015258789,58475.09375,0.08528900146484375,g,1
18.381200790405273,58475.165161999874,0.0819690003991127,R,1
18.572099685668945,58482.12788189994,0.08926399797201158,g,1
18.738500595092773,58487.09829859994,0.0731630027294159,R,1
19.03890037536621,58487.12701389985,0.09037499874830246,g,1
18.895675659179688,58491.1166087999,0.10672888159751892,R,1
