ant_mag,ant_mjd,ant_magerr,ant_passband,ant_survey
18.45144271850586,59077.216053199954,0.08103235065937042,g,1
17.321279525756836,59081.196585599806,0.04331385344266892,R,1
17.55721092224121,59081.213101900175,0.05347263440489769,g,1
16.997381210327152,59085.190590300124,0.04001666232943535,R,1
17.188165664672848,59085.26964120008,0.04643085226416588,g,1
16.962631225585938,59094.279699100174,0.04460902512073517,R,1
17.292015075683597,59096.15810190002,0.06089483201503754,g,1
17.167200088500973,59098.17554400022,0.03788400068879128,R,1
17.486499786376953,59099.15824070013,0.054859001189470284,g,1
17.260799407958984,59099.19606480002,0.0454769991338253,R,1
18.066490173339844,59106.17277779988,0.10173752158880234,g,1
17.648983001708984,59107.139386599876,0.051662161946296685,R,1
18.239479064941406,59108.27849540021,0.09585337340831757,g,1
17.667903900146484,59109.15093749993,0.06266284734010696,R,1
18.383180618286133,59109.19326390001,0.089228555560112,g,1
17.619653701782227,59110.14467590022,0.04692531004548073,R,1
18.571922302246094,59111.13949069986,0.08164016157388687,g,1
17.642152786254886,59111.22230320005,0.0497702918946743,R,1
18.64568519592285,59112.142905099776,0.08539864420890808,g,1
17.708223342895508,59113.13229170023,0.057045023888349526,R,1
18.76321601867676,59113.185949100174,0.08846544474363327,g,1
17.699026107788086,59114.177743100096,0.0573231652379036,R,1
18.84786796569824,59114.21699069999,0.11396383494138718,g,1
17.72393226623535,59115.159166700214,0.057059187442064285,R,1
18.96471405029297,59115.19498840022,0.1160261407494545,g,1
17.782352447509766,59116.200011599816,0.059122152626514435,R,1
19.016639709472656,59116.22039349983,0.11067311465740204,g,1
17.814512252807614,59117.11627310003,0.06353618204593657,R,1
19.10640525817871,59118.196932900224,0.13319836556911469,g,1
17.905506134033203,59120.19988430013,0.053993523120880134,R,1
19.094358444213867,59120.21966439997,0.15145035088062286,g,1
18.519426345825195,59129.11968749993,0.06256738305091858,R,1
19.86127281188965,59131.17856479995,0.1806323379278183,g,1
18.813962936401367,59137.11644680007,0.09364645928144456,R,1
20.047082901000977,59137.15756940004,0.1796398013830185,g,1
18.90365600585937,59141.11746530003,0.10571137815713882,R,1
20.05267333984375,59143.15420140001,0.21494346857070926,g,1
19.535097122192386,59157.092708299875,0.16218489408493042,R,1
