ant_mag,ant_mjd,ant_magerr,ant_passband,ant_survey
18.99410057067871,58547.39312499993,0.13877899944782254,g,1
19.029300689697266,58556.43402779987,0.1305750012397766,R,1
19.250099182128906,58556.48465280003,0.17385800182819364,g,1
19.402000427246094,58560.40167819987,0.2662850022315979,R,1
19.68838882446289,58560.520937500056,0.1713981330394745,g,1
