ant_mag,ant_mjd,ant_magerr,ant_passband,ant_survey
19.87859916687012,58635.26216439996,0.10481099784374236,R,1
18.41360092163086,58641.192291699816,0.04352099820971489,g,1
18.66069984436035,58641.28155090008,0.0553940013051033,R,1
18.130199432373047,58644.19028940005,0.035982999950647354,g,1
18.23970031738281,58647.239687500056,0.0608460009098053,R,1
18.35580062866211,58657.19456019998,0.040989000350236886,g,1
18.343799591064453,58657.258101900115,0.03924499824643135,R,1
18.5093994140625,58660.19260419997,0.03136799857020378,g,1
18.7091007232666,58663.197615699835,0.059160001575946815,R,1
19.074100494384766,58666.20836810023,0.05212400108575821,g,1
18.904800415039066,58670.310717599925,0.09189199656248093,R,1
19.71940040588379,58673.17627310008,0.1434130072593689,g,1
19.32509994506836,58682.23804400022,0.13534499704837802,R,1
20.78890037536621,58685.19273150014,0.18308499455451965,g,1
19.690343856811523,58691.1709838002,0.13858306407928467,R,1
