ant_mag,ant_mjd,ant_magerr,ant_passband,ant_survey
19.337299346923828,58747.4617360998,0.18782299757003784,R,1
18.865100860595703,58750.441331000075,0.10144100338220596,g,1
19.01210021972656,58750.480196800076,0.09381199628114699,R,1
18.74399948120117,58759.45907410002,0.057562001049518585,g,1
18.655500411987305,58759.50030090008,0.06197600066661835,R,1
18.96139907836914,58763.45811339981,0.08684200048446655,g,1
18.691499710083008,58763.50004629978,0.08386000245809555,R,1
19.084199905395508,58766.4386574002,0.11934900283813475,g,1
19.900630950927734,58788.34224539995,0.17951151728630066,R,1
