ant_mag,ant_mjd,ant_magerr,ant_passband,ant_survey
19.25749969482422,58539.35572919994,0.21246999502182007,R,1
19.40019989013672,58539.379895799786,0.15428200364112854,g,1
19.136199951171875,58543.35809030012,0.2327480018138885,R,1
18.556699752807614,58543.3796759001,0.1799210011959076,g,1
18.75629997253418,58547.31212959997,0.10451100021600723,R,1
19.059200286865234,58557.31452549994,0.1552170068025589,g,1
18.756799697875977,58557.358923600055,0.11566299945116044,R,1
18.9867000579834,58560.23317130003,0.1679850071668625,g,1
19.026100158691406,58560.33796299994,0.1377370059490204,R,1
19.61709976196289,58567.29278940009,0.146930992603302,g,1
19.327899932861328,58572.2974537001,0.2382510006427765,R,1
19.948400497436523,58572.316064800136,0.20169000327587128,g,1
19.857006072998047,58586.23175929999,0.18628963828086853,R,1
