ant_mag,ant_mjd,ant_magerr,ant_passband,ant_survey
18.949800491333008,58775.186550899874,0.12912100553512573,g,1
18.092300415039066,58782.32954860013,0.06103400141000748,R,1
17.87420082092285,58788.19288189989,0.08500300347805023,g,1
17.9153995513916,58788.2532060002,0.07363300025463104,R,1
18.09630012512207,58791.272002299775,0.06881500035524367,g,1
18.129499435424805,58794.2978356001,0.06612899899482727,R,1
19.369600296020508,58806.190405100126,0.15325899422168732,g,1
18.73695182800293,58811.14851849992,0.09803586453199388,R,1
