ant_mag,ant_mjd,ant_magerr,ant_passband,ant_survey
20.112300872802734,58669.317465300206,0.1734669953584671,R,1
19.333200454711914,58672.30268519978,0.10242799669504166,g,1
19.135499954223636,58675.24015050009,0.10523500293493272,R,1
18.824199676513672,58678.26917820005,0.11485999822616574,g,1
18.88599967956543,58681.26679399982,0.13927699625492096,R,1
19.376649856567386,58694.226412000135,0.1141943410038948,g,1
