time,mag,magerr,band
58777.29238429992,18.661699295043945,0.0997840017080307,R
58781.392696800176,18.559999465942383,0.0866520032286644,g
58784.37876159977,18.52120018005371,0.0764330029487609,R
58790.3151273001,18.861900329589844,0.0780820026993751,g
58814.21012730012,19.59900283813477,0.1434202641248703,R
