time,mag,magerr,band
58794.53034720011,18.57710075378418,0.0843309983611106,R
58794.548125000205,18.357799530029297,0.0719159990549087,g
58803.43053240003,18.565399169921875,0.1083180010318756,R
58812.505046300124,19.349300384521484,0.1170070022344589,g
58852.43600689992,20.2912654876709,0.2140234261751175,R
