time,mag,magerr,band
58522.18307870021,18.08580017089844,0.0553570017218589,g
58534.22325230017,18.23859977722168,0.1017049998044967,R
58534.25370369991,18.23080062866211,0.0970159992575645,g
58562.12736110017,19.14477157592773,0.1610056161880493,R
