ant_mag,ant_mjd,ant_magerr,ant_passband,ant_survey
18.74850082397461,58427.29815969988,0.16770200431346893,g,1
19.07659912109375,58428.255648099825,0.09668699651956557,R,1
18.568099975585934,58431.24068289995,0.10850899666547777,g,1
18.739999771118164,58431.27583329986,0.1366569995880127,R,1
18.55599975585937,58434.26569439982,0.09280399978160858,g,1
18.648799896240234,58434.30848379992,0.09854699671268463,R,1
18.55660057067871,58437.244293999865,0.08797299861907959,g,1
20.451343536376953,59144.411006900016,0.20472311973571775,R,1
