ant_mag,ant_mjd,ant_magerr,ant_passband,ant_survey
19.07159996032715,58778.49347219988,0.2380660027265549,R,1
20.19606590270996,58788.51059029997,0.17367048561573029,g,1
19.59600067138672,58846.29025459987,0.13433900475502014,R,1
19.984699249267575,58850.42966439994,0.23444199562072754,g,1
19.86540031433105,58851.43140049977,0.16042999923229218,R,1
20.100515365600586,58852.46815969981,0.13839876651763916,g,1
19.64299964904785,58903.20167820017,0.26395800709724426,R,1
18.49959945678711,58906.161643499974,0.0985570028424263,g,1
18.716800689697266,58906.202152799815,0.10979299992322923,R,1
18.64240074157715,58906.26681709987,0.0974230021238327,g,1
18.526199340820312,58909.15687499987,0.16172899305820465,R,1
18.245899200439453,58912.15627310006,0.07525599747896193,g,1
18.12159919738769,58915.137592600186,0.07084300369024278,R,1
18.07439994812012,58917.205046299845,0.16038300096988678,g,1
19.08521842956543,58939.15252309991,0.13720230758190155,R,1
19.78834342956543,58941.13804400014,0.20466524362564087,g,1
18.939128875732425,58941.20199069986,0.14542028307914734,R,1
