ant_mag,ant_mjd,ant_magerr,ant_passband,ant_survey
19.935861587524414,59262.408819399774,0.1713562160730362,g,1
