ant_mag,ant_mjd,ant_magerr,ant_passband,ant_survey
19.890899658203125,58678.23229169985,0.2300339937210083,R,1
19.989500045776367,58678.31488429987,0.3006849884986877,g,1
18.70159912109375,58684.44287039992,0.10568500310182573,R,1
18.804500579833984,58688.314675900154,0.09044300019741057,g,1
18.55940055847168,58691.377280099776,0.07554399967193604,R,1
19.01460075378418,58694.314108800136,0.08627600222826004,g,1
18.91681480407715,58697.378634300076,0.09111323952674866,R,1
