ant_mag,ant_mjd,ant_magerr,ant_passband,ant_survey
19.714599609375,58788.19333329982,0.22733700275421145,g,1
19.772600173950195,58790.20221060003,0.21973900496959686,R,1
19.497800827026367,58791.27339120022,0.17940700054168698,g,1
19.345500946044922,58799.209884299904,0.23704299330711365,R,1
18.997299194335934,58802.18876159983,0.14588600397109985,g,1
19.36680030822754,58805.210520800196,0.118756003677845,R,1
19.478099822998047,58806.190856500056,0.1489730030298233,g,1
19.52199935913086,58811.14896989986,0.2068839967250824,R,1
19.76460075378418,58811.189294000156,0.22366200387477875,g,1
19.6174259185791,58812.227048600085,0.1616503894329071,R,1
