ant_mag,ant_mjd,ant_magerr,ant_passband,ant_survey
18.553199768066406,58827.4382985998,0.10230299830436708,R,1
19.112499237060547,58830.549328700174,0.11432600021362305,g,1
19.71181297302246,58852.436458299875,0.16314929723739624,R,1
