time,mag,magerr,band
58461.51737269992,19.47529983520508,0.1357650011777877,R
58464.3186805998,18.8838005065918,0.0967480018734932,g
58472.40293980017,18.52720069885254,0.0779929980635643,R
58475.5124884001,18.68560028076172,0.132870003581047,g
58480.42629629979,18.65749931335449,0.0858130007982254,R
58482.55539349979,18.92460060119629,0.108085997402668,g
58490.21709490009,19.196399688720703,0.1171030029654502,R
58493.24366899999,19.91080093383789,0.1549679934978485,g
58522.223240700085,20.380672454833984,0.1930487006902694,R
