ant_mag,ant_mjd,ant_magerr,ant_passband,ant_survey
18.94179916381836,58836.45246529997,0.07415299862623215,R,1
19.308500289916992,58846.24508100003,0.09101100265979767,g,1
19.088600158691406,58846.28413189994,0.08586899936199187,R,1
19.56920051574707,58849.47664349992,0.15174800157546994,g,1
19.385700225830078,58850.45609949995,0.1527090072631836,R,1
19.448299407958984,58851.17936340022,0.2030470073223114,g,1
19.377199172973636,58851.42710650014,0.1312139928340912,R,1
19.82309913635254,58853.46333329986,0.14881600439548492,g,1
19.435199737548828,58854.447418999865,0.2887519896030426,R,1
20.09749984741211,58854.488599500146,0.3672490119934082,g,1
19.748699188232425,58862.30750000012,0.16132399439811707,R,1
21.14559936523437,58864.17030090001,0.3202100098133087,g,1
20.02980232238769,58867.26622689982,0.16089220345020294,R,1
