ant_mag,ant_mjd,ant_magerr,ant_passband,ant_survey
18.954599380493164,58632.191770799924,0.09521900117397307,g,1
18.802499771118164,58633.19467590004,0.13009299337863922,R,1
17.692800521850586,58638.198854200076,0.05109100043773651,g,1
17.67169952392578,58639.18695600005,0.04817600175738335,R,1
17.438499450683597,58641.187916699804,0.05333400145173073,g,1
17.678300857543945,58641.279687500086,0.06401800364255905,R,1
17.447700500488278,58642.20513889985,0.04997999966144562,g,1
17.613000869750977,58644.25894680014,0.0489719994366169,R,1
17.479499816894528,58645.20829859981,0.04569699987769127,g,1
17.60569953918457,58647.240659699775,0.06120900064706801,R,1
17.580900192260742,58648.18047450018,0.05212699994444847,g,1
17.605600357055664,58648.20497690002,0.06709899753332138,R,1
17.76919937133789,58651.177581000135,0.060676999390125275,g,1
17.82349967956543,58651.24061340001,0.06529299914836884,R,1
17.938899993896484,58653.28141199984,0.07132700085639954,g,1
18.10930061340332,58654.18228009995,0.07390999794006348,R,1
18.66900062561035,58660.18787040003,0.08614400029182434,g,1
18.349300384521484,58661.205347199924,0.08036699891090393,R,1
19.12529945373535,58665.196180600215,0.11925700306892395,g,1
18.454500198364254,58665.267800900154,0.08150900155305862,R,1
19.416200637817386,58667.20511570013,0.12241899967193605,g,1
18.48789978027344,58667.22497690003,0.08597999811172485,R,1
19.527000427246094,58668.194641199894,0.1477780044078827,g,1
18.716699600219727,58671.20166670019,0.15290099382400513,R,1
19.74489974975586,58673.18319439981,0.21770299971103668,g,1
18.995847702026367,58679.19739580015,0.10612113028764723,R,1
