time,mag,magerr,band
58716.186423600186,19.243200302124023,0.1124470010399818,g
58734.145092600025,19.30109977722168,0.1299690008163452,R
58734.22762730019,19.383699417114254,0.1859139949083328,g
58740.25493060006,19.535200119018555,0.2346139997243881,R
58747.14465280017,20.685699462890625,0.2700749933719635,g
58747.20862270007,19.569128036499023,0.1379996240139007,R
