ant_mag,ant_mjd,ant_magerr,ant_passband,ant_survey
18.962099075317386,58450.37041669991,0.12096799910068512,R,1
19.32379913330078,58450.42581020017,0.2791750133037567,g,1
18.415700912475586,58462.29994209996,0.14174799621105194,R,1
18.558500289916992,58465.228506899904,0.13232600688934326,g,1
18.399200439453125,58465.48783560004,0.0860380008816719,R,1
18.698400497436523,58468.405520800035,0.094029001891613,g,1
19.331100463867188,58480.4339815001,0.1905750036239624,R,1
19.70859909057617,58483.17148149992,0.2440740019083023,g,1
20.138328552246094,58523.20167820017,0.19135987758636475,R,1
