ant_mag,ant_mjd,ant_magerr,ant_passband,ant_survey
19.14389991760254,58684.16526619997,0.1821179986000061,R,1
18.53420066833496,58690.18954859999,0.07574000209569931,g,1
18.742136001586914,58698.174363399856,0.16838836669921875,R,1
