time,mag,magerr,band
58980.40333329979,18.45859909057617,0.0793320015072822,g
58981.27437500004,18.51320075988769,0.087906002998352,R
58981.29966440005,18.423799514770508,0.0880400016903877,g
58985.38188660005,18.43720054626465,0.0986479967832565,R
58991.32064810023,18.86210060119629,0.0927359983325004,g
58992.308263900224,18.66530036926269,0.0953119993209838,R
58996.33005789993,19.56399917602539,0.150064006447792,g
58999.31068289978,19.02164459228516,0.1009634882211685,R
