ant_mag,ant_mjd,ant_magerr,ant_passband,ant_survey
20.194599151611328,58693.445729199804,0.2556110024452209,g,1
20.103099822998047,58693.48567129998,0.2256669998168945,R,1
19.21150016784668,58696.45170139987,0.12642699480056765,g,1
19.203800201416016,58696.46879629978,0.10048899799585342,R,1
18.762399673461914,58699.46812500013,0.09122200310230257,g,1
18.44700050354004,58703.44443289982,0.06885399669408797,R,1
18.54019927978516,58706.4546991,0.08087299764156343,g,1
18.28689956665039,58709.40561340004,0.07021299749612807,R,1
18.461200714111328,58709.4916087999,0.13274499773979187,g,1
18.319900512695312,58712.44670139997,0.06508100032806396,R,1
18.537500381469727,58712.48511569993,0.10655999928712843,g,1
18.555599212646484,58719.46549770003,0.08428200334310533,R,1
19.310699462890625,58722.44200230017,0.11996900290250777,g,1
18.830799102783203,58722.48783560004,0.08244600147008896,R,1
19.70359992980957,58725.464536999825,0.1595350056886673,g,1
18.87730026245117,58725.49563660008,0.10064399987459184,R,1
20.558500289916992,58732.42224540003,0.2609269917011261,g,1
19.06920051574707,58732.47472220008,0.07791800051927568,R,1
20.64739990234375,58738.49989579991,0.3822900056838989,g,1
20.044588088989254,58759.36278939992,0.2045502066612244,R,1
