ant_mag,ant_mjd,ant_magerr,ant_passband,ant_survey
20.05470085144043,58650.19986109994,0.2919909954071045,g,1
19.203100204467773,58653.19244210003,0.11264000087976456,R,1
18.45680046081543,58660.18457179982,0.061787001788616173,g,1
18.45499992370605,58663.20179399987,0.0715159997344017,R,1
18.394699096679688,58663.22017360013,0.06885399669408797,g,1
18.40069961547852,58667.21745370002,0.06321699917316438,R,1
18.52440071105957,58670.195185199846,0.07172299921512604,g,1
18.4507999420166,58670.30981480004,0.07875300198793411,R,1
18.69599914550781,58673.30104169994,0.08357100188732147,g,1
18.739900588989254,58676.20581019996,0.09010499715805054,R,1
18.90570068359375,58676.297141199924,0.12071199715137483,g,1
18.983699798583984,58679.21893520001,0.10784800350666046,R,1
19.358200073242188,58682.17618060019,0.11386699974536894,g,1
19.0851993560791,58682.23987270008,0.1286270022392273,R,1
19.6466007232666,58685.19409719994,0.11936900019645692,g,1
19.211700439453125,58692.186631899785,0.20888499915599826,R,1
20.14590072631836,58692.19224540005,0.16685500741004944,g,1
19.319299697875977,58698.18165510008,0.12375933676958085,R,1
