ant_mag,ant_mjd,ant_magerr,ant_passband,ant_survey
20.363399505615234,58628.21483800002,0.2016109973192215,g,1
19.3754997253418,58632.28393519996,0.14878199994564054,R,1
19.62619972229004,58638.189050899826,0.12883000075817108,g,1
18.956199645996094,58638.23175929999,0.10156500339508057,R,1
19.612300872802734,58641.18997689989,0.1337299942970276,g,1
18.823299407958984,58641.275567099925,0.09122399985790253,R,1
19.63710021972656,58644.18892360013,0.18680499494075772,g,1
19.0452938079834,58650.232812500086,0.14045947790145874,R,1
