time,mag,magerr,band
58776.51298609981,18.7278995513916,0.1132630035281181,R
58779.5170948999,18.26420021057129,0.0909830033779144,g
58785.51116900006,18.260499954223636,0.078864999115467,R
58789.50866900012,18.27739906311035,0.0756089985370636,g
58799.48929399997,18.796003341674805,0.1102766245603561,R
