ant_mag,ant_mjd,ant_magerr,ant_passband,ant_survey
19.60420036315918,58305.21280089999,0.11608599871397017,g,1
19.65559959411621,58305.335486100055,0.14471399784088135,R,1
18.494600296020508,58308.22826390015,0.08783099800348282,g,1
17.762500762939453,58311.227430600215,0.05996600165963172,R,1
17.76219940185547,58311.325034699876,0.0559220016002655,g,1
17.245376586914062,58321.252222199924,0.04359878227114677,R,1
17.34160041809082,58324.271794000175,0.05806000158190727,g,1
17.438535690307614,58327.272083300166,0.0410669706761837,R,1
17.7392520904541,58330.27466440015,0.065653495490551,g,1
17.977699279785156,58336.22150459979,0.05739599838852881,R,1
18.324499130249023,58336.24483799982,0.0978659987449646,g,1
18.001161575317386,58340.17271990003,0.0677822157740593,R,1
19.25822639465332,58346.16591440002,0.13771674036979675,g,1
19.28380012512207,58365.1730324002,0.11020299792289734,R,1
20.194900512695312,58365.227800900124,0.19402800500392914,g,1
19.33974838256836,58368.147465299815,0.12317114323377608,R,1
20.157947540283203,58368.20712959999,0.1750566065311432,g,1
19.420589447021484,58371.14767359988,0.14148102700710294,R,1
20.215087890625,58371.207280099865,0.18090079724788666,g,1
19.5477294921875,58374.164930600215,0.13387572765350342,R,1
