time,mag,magerr,band
58641.43928240007,19.38629913330078,0.1602489948272705,g
58641.48159720004,19.49760055541992,0.1180669963359832,R
58644.439097200055,18.98889923095703,0.1280879974365234,g
58644.4812384001,19.045299530029297,0.161529004573822,R
58647.4641435002,18.81879997253418,0.1250569969415664,g
58650.4216781999,18.72069931030273,0.0804679989814758,R
58653.37628469989,18.614500045776367,0.1722999960184097,g
58657.41887729988,18.798662185668945,0.1207379028201103,R
