ant_mag,ant_mjd,ant_magerr,ant_passband,ant_survey
19.667499542236328,58503.1396296001,0.22441299259662628,R,1
18.80349922180176,58507.17714119983,0.08217000216245651,g,1
18.65089988708496,58507.22163189994,0.06867200136184692,R,1
18.3789005279541,58510.180555600215,0.08547399938106537,g,1
18.0314998626709,58514.11921299994,0.0409809984266758,R,1
18.285999298095703,58522.15495370002,0.07394099980592728,g,1
18.827999114990234,58538.11752310023,0.12070199847221375,R,1
19.50379943847656,58538.13568289997,0.261368989944458,g,1
19.58978843688965,58560.13168979995,0.19964545965194705,R,1
