time,mag,magerr,band
58361.31107639987,19.22249984741211,0.0957629978656768,R
58367.29840280023,18.92085266113281,0.0731250345706939,g
58370.29378469987,18.9518985748291,0.0773481950163841,R
58370.34730320005,18.9730167388916,0.0737231224775314,g
58373.29663190013,19.006799697875977,0.0758749991655349,R
58376.29594910005,19.328100204467773,0.0832369998097419,g
58379.30950229988,19.373199462890625,0.0939219966530799,R
58379.332245400175,19.467300415039062,0.0954559966921806,g
58400.22677080007,20.142457962036133,0.1430840939283371,R
