ant_mag,ant_mjd,ant_magerr,ant_passband,ant_survey
19.13349914550781,58799.496030100156,0.11487200111150743,R,1
19.06570053100586,58812.4261690001,0.08797799795866013,g,1
20.453712463378906,58849.4365393999,0.18698540329933167,R,1
