ant_mag,ant_mjd,ant_magerr,ant_passband,ant_survey
19.457040786743164,58559.33150460013,0.16068360209465027,g,1
