ant_mag,ant_mjd,ant_magerr,ant_passband,ant_survey
19.2012996673584,58846.259918999865,0.09954000264406204,R,1
19.14189910888672,58849.13274310018,0.09527499973773956,g,1
18.991899490356445,58849.173113400124,0.10961399972438812,R,1
18.98349952697754,58852.130694400046,0.1175839975476265,g,1
18.989999771118164,58862.2280323999,0.08826000243425369,R,1
19.76460075378418,58867.17800930003,0.3477259874343872,g,1
19.449087142944336,58874.13015050023,0.1722763180732727,R,1
