ant_mag,ant_mjd,ant_magerr,ant_passband,ant_survey
17.001399993896484,58493.441481499925,0.032774001359939575,R,1
13.862099647521973,58502.44069440012,0.02041500061750412,g,1
13.918600082397461,58502.51859949995,0.026529999449849132,R,1
13.411199569702148,58507.50981480022,0.017284000292420387,g,1
13.487600326538086,58513.4397454001,0.02376599982380867,R,1
14.25730037689209,58526.42313659983,0.020262999460101128,g,1
14.499799728393555,58538.23613430001,0.034770000725984566,R,1
15.504799842834473,58541.26931709983,0.030852999538183205,g,1
14.62689971923828,58541.27547449991,0.03720900043845177,R,1
16.090599060058597,58556.35603010002,0.03387400135397911,g,1
15.53909969329834,58559.24275460001,0.03381500020623207,R,1
16.386499404907227,58572.2063310002,0.04921099916100502,g,1
16.095199584960938,58575.228784699924,0.06201500073075295,R,1
16.53059959411621,58581.21041670023,0.03626599907875061,g,1
16.36319923400879,58584.18460649997,0.03191699832677841,R,1
16.600299835205078,58587.24814809999,0.03968600183725357,g,1
16.454900741577152,58587.256261600174,0.024003000929951668,R,1
16.684799194335938,58591.18302079989,0.04123599827289581,g,1
16.76420021057129,58597.241874999825,0.043965999037027366,R,1
16.805200576782227,58597.25502309995,0.03215200081467628,g,1
16.890899658203125,58601.26120370022,0.03739799931645394,R,1
16.954999923706055,58608.206608800225,0.036986999213695526,g,1
17.093900680541992,58608.21640049992,0.043935000896453864,R,1
17.027900695800778,58612.176053199924,0.038256000727415085,g,1
17.824600219726562,58634.171608800076,0.06668700277805327,R,1
17.338600158691403,58634.21856479999,0.06842699646949768,g,1
17.908100128173828,58637.176782399874,0.05021199956536293,R,1
17.452299118041992,58640.17335649999,0.05762099847197533,g,1
18.194000244140625,58650.248368099805,0.08898399770259857,R,1
20.464763641357425,58853.496215300176,0.2080458700656891,g,1
