time,mag,magerr,band
58695.3312615999,19.36930084228516,0.1408659964799881,R
58695.38274310017,19.29080009460449,0.1177819967269897,g
58698.40084489994,19.231599807739254,0.1396699994802475,R
58701.332893500105,19.088499069213867,0.1042430028319358,g
58701.3835880002,18.973499298095703,0.1192340031266212,R
58704.372303199954,19.04990005493164,0.1249430030584335,g
58707.187650499865,18.97360038757324,0.1447030007839203,R
58714.23192129983,19.59259986877441,0.2237379997968673,g
58718.33034719992,19.585811614990234,0.2027298808097839,R
