ant_mag,ant_mjd,ant_magerr,ant_passband,ant_survey
20.11370086669922,58640.21009259997,0.2224169969558716,R,1
19.04389953613281,58643.191064800136,0.13484199345111847,g,1
18.640100479125977,58649.2334143999,0.1858769953250885,R,1
18.261199951171875,58652.18988429987,0.09001799672842026,g,1
18.52989959716797,58655.17304399982,0.13127300143241882,R,1
18.48660087585449,58655.252280099776,0.12994599342346191,g,1
18.733400344848636,58658.17179400008,0.08993499726057053,R,1
19.02829933166504,58662.19065969996,0.09645400196313858,g,1
19.149900436401367,58668.17166669992,0.14320699870586395,R,1
19.5802001953125,58668.18999999993,0.13856199383735654,g,1
19.22920227050781,58671.20555560011,0.1832205206155777,R,1
