ant_mag,ant_mjd,ant_magerr,ant_passband,ant_survey
17.249700546264652,58480.284537000116,0.04826100170612335,g,1
16.732500076293945,58486.450266200125,0.04127499833703041,R,1
16.617300033569336,58488.24921299982,0.035645999014377594,g,1
16.624900817871097,58490.21390049997,0.030147999525070187,R,1
16.760799407958984,58495.248622700106,0.0338359996676445,g,1
17.345500946044922,58505.13146989979,0.052820999175310135,R,1
17.553600311279293,58505.238599500146,0.06070199981331825,g,1
17.41990089416504,58507.25803240017,0.04552600160241127,R,1
17.69930076599121,58508.204398099806,0.04585599899291992,g,1
17.41990089416504,58508.257129599806,0.04848099872469902,R,1
17.982200622558594,58511.18310189992,0.0500359982252121,g,1
17.458499908447266,58511.198425900184,0.04630700126290322,R,1
18.72949981689453,58522.18216439989,0.08617199957370758,g,1
18.98780059814453,58560.12206020019,0.09477300196886064,R,1
19.658599853515625,58560.17424769978,0.21594999730587008,g,1
19.423200607299805,58567.12947920011,0.11039800196886064,R,1
19.855854034423828,58581.17240739986,0.19077891111373899,g,1
