ant_mag,ant_mjd,ant_magerr,ant_passband,ant_survey
18.472900390625,58785.516620399896,0.07494200021028519,R,1
18.23290061950684,58789.50640049996,0.0881199985742569,g,1
18.339099884033203,58798.53590280004,0.0671520009636879,R,1
18.852100372314453,58804.506169000175,0.15869499742984772,g,1
20.61623191833496,58852.441481499925,0.18625053763389587,R,1
