ant_mag,ant_mjd,ant_magerr,ant_passband,ant_survey
19.380300521850586,58480.45385419997,0.15574400126934052,R,1
19.282400131225586,58480.48496530019,0.1548279970884323,g,1
19.154600143432614,58481.43523149983,0.1244949996471405,R,1
18.791000366210934,58486.437928199775,0.10379000008106233,g,1
18.71940040588379,58486.4760532002,0.07715100049972534,R,1
18.723899841308594,58491.45976850018,0.10967600345611572,g,1
18.752199172973636,58493.47187499981,0.076044000685215,R,1
18.92300033569336,58494.46741899987,0.0900069996714592,g,1
19.8784236907959,58523.212303199805,0.16182708740234375,R,1
