ant_mag,ant_mjd,ant_magerr,ant_passband,ant_survey
20.383331298828125,58370.34730320005,0.19605648517608645,g,1
19.50299072265625,58373.29663190013,0.10315495729446413,R,1
20.688800811767575,58376.29594910005,0.2682400047779083,g,1
19.922945022583008,58379.30950229988,0.14915478229522705,R,1
