ant_mag,ant_mjd,ant_magerr,ant_passband,ant_survey
18.851200103759766,58763.45856480022,0.08563400059938431,g,1
18.197900772094727,58763.49959489983,0.08243100345134735,R,1
18.621000289916992,58766.40789349983,0.11267799884080887,g,1
18.23859977722168,58775.3568171002,0.07770700007677077,R,1
18.947900772094727,58778.31171299982,0.1829629987478256,g,1
18.342899322509766,58778.45796300005,0.0887719988822937,R,1
19.229299545288086,58781.414502299864,0.1297129988670349,g,1
18.882549285888672,58793.471840300124,0.10896874219179152,R,1
