time,mag,magerr,band
58278.306759300176,19.55332946777344,0.0994376689195633,R
58281.28075229982,19.34565734863281,0.0598674602806568,g
58281.340405100025,19.172815322875977,0.06819848716259,R
58284.25894680014,19.122499465942383,0.0542999990284442,g
58287.32003469998,18.956016540527344,0.0525716990232467,R
58290.24395829998,19.12185478210449,0.1186737865209579,g
58297.33114580018,19.18939971923828,0.1594540029764175,R
58300.21672450006,19.78332901000977,0.1503972858190536,g
58314.19837959996,19.729928970336918,0.1585587561130523,R
