ant_mag,ant_mjd,ant_magerr,ant_passband,ant_survey
18.702199935913086,58439.39730319986,0.1813270002603531,R,1
18.896799087524414,58898.288796300076,0.1366090029478073,g,1
18.714599609375,58898.31891199992,0.1923920065164566,R,1
18.92532730102539,59367.23496530019,0.16872140765190125,g,1
