time,mag,magerr,band
58612.18203700008,20.69669914245605,0.2881059944629669,g
58619.19863429992,18.388999938964844,0.1761610060930252,R
58634.22936340002,19.236099243164062,0.1079490035772323,g
58637.20064810012,18.52630043029785,0.0820249989628791,R
58640.20406250004,20.02429962158203,0.1693309992551803,g
58640.2275231001,18.632699966430664,0.0861190035939216,R
58643.19854169991,20.16279983520508,0.2880240082740783,g
58652.27810190013,19.633323669433597,0.2037986367940902,R
