ant_mag,ant_mjd,ant_magerr,ant_passband,ant_survey
19.49740028381348,58785.509363399826,0.16196799278259275,R,1
18.934200286865234,58789.51369210008,0.1199510022997856,g,1
18.87523078918457,58799.490659699775,0.1352880448102951,R,1
19.13900375366211,58805.532245399896,0.1745547205209732,g,1
20.310283660888672,58836.507939800154,0.17824074625968933,R,1
