ant_mag,ant_mjd,ant_magerr,ant_passband,ant_survey
19.478599548339844,58714.33851849986,0.15759900212287906,R,1
18.873699188232425,58717.37810190023,0.15883299708366394,g,1
18.746700286865234,58720.37144679995,0.12163099646568297,R,1
18.422100067138672,58726.242673600085,0.07587599754333496,g,1
18.49139976501465,58732.23171300023,0.0907370001077652,R,1
19.291900634765625,58743.20662039983,0.16001799702644348,g,1
19.145299911499023,58747.2515741,0.14451999962329865,R,1
20.276899337768555,58747.27591439989,0.3280659914016724,g,1
19.158071517944336,58750.253078700036,0.13639678061008453,R,1
