ant_mag,ant_mjd,ant_magerr,ant_passband,ant_survey
18.509599685668945,58471.552789399866,0.06706900149583818,R,1
17.536800384521484,58480.506203699864,0.03962400183081627,g,1
17.706300735473633,58486.48967589997,0.04413599893450737,R,1
17.831300735473633,58491.48759259983,0.08822999894618988,g,1
18.12540054321289,58494.447986099876,0.06039699912071227,R,1
18.13999938964844,58494.49211810018,0.0459429994225502,g,1
18.38319969177246,58502.53539349978,0.0827300027012825,R,1
18.94059944152832,58505.43250000012,0.1886889934539795,g,1
18.419700622558594,58508.46527779987,0.082007996737957,R,1
19.473499298095703,58511.454791699995,0.15467500686645508,g,1
18.558799743652344,58514.427905099925,0.16592100262641907,R,1
20.237600326538086,58522.44476850005,0.1493930071592331,g,1
19.12689971923828,58522.53673609997,0.10030599683523178,R,1
20.354999542236328,58526.44922449999,0.2697139978408813,g,1
19.819480895996094,58540.267546299845,0.1944047808647156,R,1
