ant_mag,ant_mjd,ant_magerr,ant_passband,ant_survey
19.36930084228516,58695.3312615999,0.1408659964799881,R,1
19.29080009460449,58695.38274310018,0.11778199672698975,g,1
19.231599807739254,58698.400844899945,0.1396699994802475,R,1
19.088499069213867,58701.332893500105,0.10424300283193587,g,1
18.973499298095703,58701.38358800019,0.11923400312662125,R,1
19.04990005493164,58704.372303199954,0.12494300305843352,g,1
18.97360038757324,58707.187650499865,0.1447030007839203,R,1
19.592599868774414,58714.23192129983,0.22373799979686734,g,1
19.585811614990234,58718.330347199924,0.20272988080978396,R,1
