time,mag,magerr,band
58814.51362269977,18.21489906311035,0.0874899998307228,g
58831.444560199976,18.83449935913086,0.1562149971723556,R
58831.54802080011,19.86680030822754,0.3042629957199096,g
58834.5232406999,18.77400016784668,0.210099995136261,R
58846.545277799945,20.545499801635746,0.2458820044994354,g
58846.56567130005,19.70560073852539,0.1295839995145797,R
58849.502719900105,20.611799240112305,0.2510580122470855,g
58855.54182869988,19.988513946533203,0.1680871546268463,R
