ant_mag,ant_mjd,ant_magerr,ant_passband,ant_survey
18.810300827026367,58581.271215300076,0.11536599695682526,R,1
18.608699798583984,58584.25379629992,0.08065400272607802,g,1
18.385499954223636,58593.31392360013,0.10676100105047226,R,1
19.75429916381836,58598.25325229997,0.14661499857902527,g,1
18.52939987182617,58598.29695599992,0.08134400099515915,R,1
20.012699127197266,58601.23298610003,0.21495699882507324,g,1
20.097585678100586,58637.18545140001,0.188399001955986,R,1
