ant_mag,ant_mjd,ant_magerr,ant_passband,ant_survey
19.69109916687012,58508.50436339992,0.25073298811912537,R,1
18.63559913635254,58511.51645829994,0.13713400065898895,g,1
19.077899932861328,58511.535636600114,0.15036599338054654,R,1
18.17919921875,58522.518923600204,0.049309000372886665,g,1
18.326099395751953,58522.54114580015,0.06999500095844269,R,1
18.28969955444336,58526.470358800136,0.07980500161647798,g,1
18.95490074157715,58538.48091439996,0.17692600190639496,R,1
19.54730033874512,58541.41958330013,0.14950500428676605,g,1
19.041400909423828,58541.4818171002,0.1085209995508194,R,1
19.964641571044922,58547.35740739992,0.17332704365253448,g,1
