ant_mag,ant_mjd,ant_magerr,ant_passband,ant_survey
20.714599609375,58788.50414349978,0.3517599999904633,g,1
20.12030029296875,58790.51387730008,0.2440080046653748,R,1
20.03720092773437,58790.54868059978,0.3108870089054108,g,1
19.929399490356445,58791.51813660003,0.1942739933729172,R,1
19.104700088500977,58794.544513899826,0.107914999127388,g,1
18.48740005493164,58803.42555559985,0.10111399739980698,R,1
18.640899658203125,58812.43635419988,0.1005449965596199,g,1
19.912500381469727,58846.43862270005,0.15878699719905853,R,1
21.153499603271484,58846.48256940022,0.32099801301956177,g,1
20.128299713134766,58849.42386570013,0.1637669950723648,R,1
20.808799743652344,58849.46525460017,0.3324739933013916,g,1
20.23949241638184,58852.433275499854,0.16738443076610565,R,1
