ant_mag,ant_mjd,ant_magerr,ant_passband,ant_survey
20.69669914245605,58612.18203700008,0.2881059944629669,g,1
18.388999938964844,58619.19863429992,0.1761610060930252,R,1
19.236099243164066,58634.22936340003,0.10794900357723236,g,1
18.52630043029785,58637.200648100115,0.08202499896287918,R,1
20.02429962158203,58640.20406250004,0.16933099925518036,g,1
18.632699966430664,58640.2275231001,0.08611900359392166,R,1
20.162799835205078,58643.19854169991,0.2880240082740784,g,1
19.633323669433594,58652.27810190013,0.20379863679409027,R,1
