ant_mag,ant_mjd,ant_magerr,ant_passband,ant_survey
19.121400833129886,58757.509374999914,0.12745699286460874,R,1
18.935699462890625,58760.48567129998,0.13241499662399292,g,1
19.09107780456543,58764.49395829997,0.14094278216362,R,1
