time,mag,magerr,band
58646.43990739994,20.4468994140625,0.210327997803688,g
58652.439097200055,19.495800018310547,0.2748169898986816,R
58658.45925930003,18.895700454711918,0.1194240003824234,g
58661.42219909979,18.86470031738281,0.1098989993333816,R
58661.45952549996,18.822200775146484,0.0767439976334571,g
58665.438194400165,18.86199951171875,0.0863019973039627,R
58672.42263890011,19.524099349975582,0.1103250011801719,g
58696.39237269992,20.158105850219727,0.150592029094696,R
