ant_mag,ant_mjd,ant_magerr,ant_passband,ant_survey
18.53400039672852,58850.10555560003,0.18117299675941467,R,1
18.609699249267575,58859.08711809991,0.1256590038537979,g,1
18.69129943847656,58861.227048600085,0.1221100017428398,R,1
18.845800399780273,58862.14193290007,0.07497400045394897,g,1
19.357999801635746,58875.12109949999,0.10123799741268158,R,1
19.870899200439453,58875.15018519992,0.16718700528144834,g,1
19.98856544494629,58894.128043999895,0.1494409143924713,R,1
