ant_mag,ant_mjd,ant_magerr,ant_passband,ant_survey
19.61739921569824,58717.37810190023,0.2690970003604889,g,1
18.912599563598636,58720.37144679995,0.142768993973732,R,1
18.518600463867188,58726.242673600085,0.0782260000705719,g,1
18.54680061340332,58732.23171300023,0.06968899816274643,R,1
19.25909996032715,58743.20662039983,0.20037800073623654,g,1
19.12649917602539,58747.2515741,0.11446700245141984,R,1
19.596599578857425,58750.20601850003,0.2748669981956482,g,1
19.24869155883789,58758.27612269996,0.12650011479854584,R,1
