ant_mag,ant_mjd,ant_magerr,ant_passband,ant_survey
18.812400817871094,58697.18756939982,0.0938439965248108,R,1
18.63290023803711,58699.18620370002,0.06968999654054643,g,1
18.669099807739254,58704.178333300166,0.1085200011730194,R,1
18.673799514770508,58704.27112270008,0.10253799706697464,g,1
18.595500946044922,58707.15474539995,0.13784000277519226,R,1
18.943099975585934,58711.23877310008,0.13495999574661255,g,1
18.89889907836914,58711.289675899774,0.13454200327396393,R,1
20.09320068359375,58725.163865699906,0.2323659956455231,g,1
19.4320068359375,58725.23568290007,0.12242691963911055,R,1
