ant_mag,ant_mjd,ant_magerr,ant_passband,ant_survey
17.638900756835938,58503.474085600115,0.05143500119447708,R,1
17.309799194335938,58505.4546991,0.05355500057339668,g,1
17.393800735473633,58505.50325229997,0.09836699813604356,R,1
17.140499114990234,58506.51541669992,0.0601550005376339,g,1
17.130699157714847,58509.481597200036,0.03730599954724312,R,1
17.917499542236328,58526.43885419984,0.07156600058078766,g,1
17.974300384521484,58543.33814809984,0.04819300025701523,R,1
19.193099975585934,58546.2739467998,0.1180410012602806,g,1
19.26413917541504,58572.294745400075,0.1604536771774292,R,1
