ant_mag,ant_mjd,ant_magerr,ant_passband,ant_survey
19.220800399780273,58616.271828699864,0.1306450068950653,g,1
19.381099700927734,58616.29398149997,0.11819200217723845,R,1
18.980600357055664,58619.27134260022,0.2316399961709976,g,1
18.96139907836914,58628.31322919997,0.09012100100517273,R,1
19.298599243164066,58633.2514698999,0.09714200347661972,g,1
19.32584381103516,58636.2104282002,0.09986526519060136,R,1
20.013599395751953,58639.23084490001,0.1452530026435852,g,1
19.569700241088867,58642.252696800046,0.11701499670743942,R,1
20.138599395751953,58642.29749999987,0.13537199795246124,g,1
19.52132606506348,58645.273726900115,0.19322556257247925,R,1
