ant_mag,ant_mjd,ant_magerr,ant_passband,ant_survey
18.3031005859375,58830.41631940008,0.08703699707984924,R,1
18.323200225830078,58830.55392359988,0.09139899909496307,g,1
17.931800842285156,58838.435833300005,0.07049799710512161,R,1
19.5088005065918,58850.42222219986,0.22048400342464447,g,1
18.4281005859375,58854.441446799785,0.1343490034341812,R,1
19.893400192260746,58854.483564800124,0.3550660014152527,g,1
18.624282836914066,58855.30744209979,0.1191919669508934,R,1
