time,mag,magerr,band
58493.47187499981,19.61260032653809,0.1476989984512329,R
58494.46696759993,19.33060073852539,0.1314859986305236,g
58507.27724540001,18.438499450683597,0.0984110012650489,R
58507.4676967999,18.487499237060547,0.1177259981632232,g
58523.212303199805,19.031835556030277,0.1146901249885559,R
