time,mag,magerr,band
58628.214838000014,20.363399505615234,0.2016109973192215,g
58632.28393519996,19.3754997253418,0.1487819999456405,R
58638.18905089982,19.62619972229004,0.128830000758171,g
58638.23175929999,18.956199645996094,0.1015650033950805,R
58641.189976899885,19.61230087280273,0.1337299942970276,g
58641.27556709992,18.823299407958984,0.0912239998579025,R
58644.18892360013,19.63710021972656,0.1868049949407577,g
58650.23281250009,19.0452938079834,0.1404594779014587,R
