ant_mag,ant_mjd,ant_magerr,ant_passband,ant_survey
19.750999450683594,58546.23831020017,0.1721930056810379,g,1
18.1737003326416,58556.18619209993,0.09221599996089937,R,1
18.100799560546875,58559.148703699924,0.08092299848794937,g,1
18.40080070495605,58567.12268520008,0.09229599684476852,R,1
19.20059967041016,58572.16813659994,0.24587300419807434,g,1
18.74090003967285,58575.148020800196,0.19891700148582456,R,1
19.940399169921875,58581.207569399856,0.2696689963340759,g,1
19.306066513061523,58592.21263890015,0.21016843616962436,R,1
