time,mag,magerr,band
58468.26548610022,18.56859970092773,0.0718450024724006,R
58471.09809029987,18.724300384521484,0.1042089983820915,g
58486.10124999983,19.27170753479004,0.100344106554985,R
58486.15208330005,19.956714630126957,0.1603392213582992,g
58493.12157410011,19.44232177734375,0.1518222391605377,R
58493.15285879979,20.526037216186523,0.2140089124441146,g
