ant_mag,ant_mjd,ant_magerr,ant_passband,ant_survey
18.678199768066406,58792.54938660003,0.12603500485420227,g,1
18.40169906616211,58799.48568290007,0.13613000512123108,R,1
18.417499542236328,58804.51733799977,0.1039469987154007,g,1
20.41774559020996,58852.45806710003,0.19035938382148745,R,1
