time,mag,magerr,band
58449.44997690013,19.43889045715332,0.1815357655286789,R
58461.4773380002,20.38789939880371,0.3040159940719604,g
58472.43604170019,20.33180046081543,0.3072719871997833,R
59883.5229282002,19.92074966430664,0.1769687831401825,g
