time,mag,magerr,band
58598.25234950008,18.90509986877441,0.0955739989876747,g
58598.29650459997,19.052499771118164,0.1052159965038299,R
58601.23343749996,17.944799423217773,0.0563360005617141,g
58607.24935190007,17.3981990814209,0.04296899959445,R
58617.19134260016,17.299999237060547,0.0588559992611408,g
58617.25121530006,17.37809944152832,0.0445609986782074,R
58635.18960649986,18.859100341796875,0.104273997247219,g
58669.17240739986,19.55422019958496,0.2098399996757507,R
