time,mag,magerr,band
58601.23343749996,18.48730087280273,0.0790160000324249,g
58607.24935190007,17.94099998474121,0.0716390013694763,R
58617.19134260016,18.26650047302246,0.1008689999580383,g
58617.25121530006,18.204500198364254,0.1095850020647049,R
58635.18960649986,20.17200088500977,0.256415992975235,g
58635.2311689998,19.153209686279297,0.1477227807044983,R
