ant_mag,ant_mjd,ant_magerr,ant_passband,ant_survey
19.600400924682614,58788.10987270017,0.20307500660419464,g,1
18.992700576782227,58791.08597220015,0.13172699511051178,R,1
18.534400939941406,58794.14344910019,0.10257499665021896,g,1
18.365800857543945,58797.07530089981,0.07607299834489822,R,1
18.376100540161133,58797.133622699876,0.07650599628686905,g,1
18.24220085144043,58801.082661999855,0.11514399945735933,R,1
18.389400482177734,58804.10035880003,0.08865000307559967,g,1
18.85043334960937,58812.10341440002,0.12404642254114152,R,1
19.22710418701172,58812.11956019978,0.13688547909259796,g,1
