ant_mag,ant_mjd,ant_magerr,ant_passband,ant_survey
19.56369972229004,58593.31622690009,0.32305800914764404,R,1
19.055500030517575,58596.231099499855,0.092788003385067,g,1
19.199100494384766,58596.3336920999,0.10924799740314484,R,1
18.69420051574707,58600.23315969994,0.08081500232219696,g,1
18.73150062561035,58606.272384299904,0.0991389974951744,R,1
18.813800811767575,58606.37934029987,0.08873999863862991,g,1
19.0531005859375,58612.249282400124,0.09385000169277193,R,1
19.257699966430664,58612.2734375,0.1086769998073578,g,1
20.198287963867188,58636.20371530019,0.1960182785987854,R,1
