ant_mag,ant_mjd,ant_magerr,ant_passband,ant_survey
19.83919906616211,58349.314988399856,0.14101600646972656,R,1
19.81879997253418,58349.35974540003,0.12583500146865845,g,1
19.17252922058105,58352.297569400165,0.13530728220939636,R,1
19.184722900390625,58352.35795139987,0.13094677031040192,g,1
18.51140022277832,58360.29634260014,0.08333700150251389,R,1
18.517139434814453,58360.37019680021,0.11801520735025404,g,1
18.488000869750977,58363.27112270008,0.07022300362586975,R,1
18.512361526489254,58363.297939800184,0.1015576422214508,g,1
18.502809524536133,58366.31939810003,0.07031950354576111,R,1
18.650819778442386,58369.2770602,0.07967787235975267,g,1
18.583833694458008,58369.3662963002,0.06667773425579071,R,1
18.892000198364254,58372.2738194,0.0822950005531311,g,1
18.725107192993164,58372.29983799997,0.07293416559696198,R,1
19.073400497436523,58375.285277800176,0.08060000091791153,g,1
19.01499938964844,58378.27415509988,0.09747400134801863,R,1
19.375999450683594,58378.29809030006,0.09327799826860428,g,1
19.20240020751953,58388.233136599876,0.10713499784469603,R,1
20.092500686645508,58388.2956249998,0.2400660067796707,g,1
19.71579360961914,58400.207164399784,0.1252124160528183,R,1
