ant_mag,ant_mjd,ant_magerr,ant_passband,ant_survey
19.612600326538086,58493.47187499981,0.1476989984512329,R,1
19.33060073852539,58494.466967599925,0.13148599863052368,g,1
18.438499450683594,58507.27724540001,0.09841100126504898,R,1
18.487499237060547,58507.467696799904,0.11772599816322328,g,1
19.031835556030273,58523.212303199805,0.11469012498855592,R,1
