ant_mag,ant_mjd,ant_magerr,ant_passband,ant_survey
17.961599349975586,58770.190590300124,0.08324400335550307,R,1
18.58760070800781,58776.109085599885,0.09164799749851227,g,1
17.893800735473633,58779.08517359988,0.06437399983406067,R,1
18.74180030822754,58779.108009300195,0.11001600325107573,g,1
18.138429641723636,58782.12472219997,0.09197904914617537,R,1
19.635099411010746,58785.184768499814,0.2042810022830963,g,1
18.395132064819336,58790.10780090001,0.0980989634990692,R,1
