ant_mag,ant_mjd,ant_magerr,ant_passband,ant_survey
17.70639991760254,58443.230219900135,0.06419999897480011,g,1
19.744138717651367,58493.1235301001,0.15954254567623138,R,1
