time,mag,magerr,band
58605.44252309995,17.989200592041016,0.0632560029625892,R
58612.397488399874,18.14119911193848,0.0544280000030994,g
58616.41886569979,18.299299240112305,0.0517020002007484,R
58616.481527800206,18.35099983215332,0.0633520036935806,g
58632.31618059985,18.964500427246094,0.0926129966974258,R
58638.37423609989,20.03025245666504,0.208307459950447,g
