ant_mag,ant_mjd,ant_magerr,ant_passband,ant_survey
18.96419906616211,58784.49824069999,0.20506800711154935,g,1
18.994800567626953,58784.53903939994,0.18858100473880768,R,1
18.897899627685547,58788.520763900124,0.08373100310564041,g,1
19.08919906616211,58791.50167819997,0.15010400116443634,R,1
19.125900268554688,58794.5476735998,0.15687499940395355,g,1
19.282087326049805,58800.52829860012,0.1697147786617279,R,1
