ant_mag,ant_mjd,ant_magerr,ant_passband,ant_survey
18.512399673461914,58850.42451390019,0.12426000088453293,g,1
18.598800659179688,58852.430925900124,0.0533830001950264,R,1
18.317699432373047,58855.183171300225,0.0948989987373352,g,1
18.543100357055664,58860.31641199999,0.0966470018029213,R,1
18.628700256347656,58861.11362269986,0.14260800182819364,g,1
18.678600311279297,58862.21931710001,0.07812300324440002,R,1
18.707799911499023,58862.428310200106,0.16906100511550906,g,1
18.85569953918457,58863.22906249993,0.18249499797821045,R,1
18.82379913330078,58864.19304399983,0.08803100138902664,g,1
19.038299560546875,58867.27049770019,0.08704499900341034,R,1
19.04960060119629,58867.39059029985,0.10149099677801132,g,1
20.369951248168945,58899.30954860012,0.20022521913051605,R,1
