ant_mag,ant_mjd,ant_magerr,ant_passband,ant_survey
18.696399688720703,58711.42629629978,0.11830200254917145,R,1
18.819599151611328,58711.49881940009,0.13296499848365784,g,1
18.268800735473636,58714.45694439997,0.06910400092601776,R,1
18.245100021362305,58714.5037153,0.07906100153923035,g,1
17.93120002746582,58719.46369209979,0.06412900239229202,R,1
17.797399520874023,58722.440196800046,0.04752900078892708,g,1
17.868499755859375,58722.486006900195,0.047958999872207635,R,1
17.880399703979492,58725.46270829997,0.050416000187397,g,1
17.90719985961914,58725.49804400001,0.059238001704215996,R,1
18.380800247192386,58732.43943289992,0.0592929981648922,g,1
18.292699813842773,58732.47679399978,0.057936999946832664,R,1
18.69890022277832,58735.442222199876,0.06421399861574173,g,1
18.475299835205078,58735.487222199794,0.0711589977145195,R,1
18.95059967041016,58738.442615699954,0.10589800029993056,g,1
18.61289978027344,58741.479305599816,0.09840100258588792,R,1
19.302000045776367,58743.448599500116,0.24600400030612946,g,1
18.805099487304688,58747.439675900154,0.10557299852371216,R,1
19.992599487304688,58750.458449100144,0.1642419993877411,g,1
18.818199157714844,58750.46495370008,0.08793400228023529,R,1
20.442699432373047,58758.44135419978,0.20561900734901428,g,1
19.443742752075195,58759.377175900154,0.12024173140525818,R,1
