ant_mag,ant_mjd,ant_magerr,ant_passband,ant_survey
18.9330997467041,58426.511099500116,0.1522819995880127,R,1
17.684499740600586,58432.46799769998,0.06401000171899797,g,1
17.497100830078125,58432.54833329981,0.05066300183534622,R,1
17.308399200439453,58437.51626159996,0.04265899956226349,g,1
17.189199447631836,58440.55620370014,0.045676998794078834,R,1
17.315200805664062,58441.50974539992,0.052678000181913376,g,1
17.225200653076172,58443.426203699775,0.04840900003910065,R,1
17.401899337768555,58443.49202550016,0.06159999966621399,g,1
17.507499694824222,58448.534293999895,0.041724998503923416,R,1
17.8612003326416,58450.490405099925,0.06216000020503998,g,1
18.057199478149414,58465.498761599876,0.07700099796056747,R,1
19.202899932861328,58469.508425899774,0.1644590049982071,g,1
18.76189994812012,58481.513449099846,0.09726200252771378,R,1
20.12299919128418,58487.49364579981,0.2055090069770813,g,1
19.23138427734375,58494.44749999978,0.14375516772270205,R,1
20.141010284423828,58494.51540509983,0.1819291114807129,g,1
