ant_mag,ant_mjd,ant_magerr,ant_passband,ant_survey
18.927600860595703,58450.46700230008,0.09325700253248216,g,1
18.97030067443848,58450.53486109991,0.0916230008006096,R,1
16.832500457763672,58464.48836810003,0.0327019989490509,g,1
17.177499771118164,58472.42177079991,0.04599500074982643,R,1
17.316699981689453,58475.53290509991,0.04013000056147576,g,1
17.744699478149414,58480.447106500156,0.082566998898983,R,1
18.355100631713867,58486.42703700018,0.0706150010228157,g,1
17.789899826049805,58486.4957059999,0.04638699814677239,R,1
18.729799270629886,58491.44983799989,0.11638399958610535,g,1
18.62680053710937,58505.511678200215,0.15869200229644775,R,1
19.48310089111328,58508.197418999865,0.15377600491046906,g,1
18.832300186157227,58508.234259299934,0.0976009964942932,R,1
19.646900177001953,58511.43232640019,0.12058400362730025,g,1
19.203672409057614,58524.44554399978,0.11224013566970824,R,1
