ant_mag,ant_mjd,ant_magerr,ant_passband,ant_survey
19.84239959716797,58688.20594910019,0.14433200657367706,g,1
19.347299575805664,58691.178877300124,0.09814000129699707,R,1
19.25029945373535,58691.21440970013,0.10483399778604507,g,1
19.146799087524414,58694.187303199906,0.09354200214147568,R,1
18.989599227905273,58694.218483800076,0.0987830013036728,g,1
18.9773006439209,58697.1750115999,0.11449600011110304,R,1
18.889699935913086,58697.19901619991,0.08687800168991089,g,1
18.91819953918457,58700.181469900075,0.08340200036764145,R,1
18.893299102783203,58700.259351899855,0.11134999990463257,g,1
19.072900772094727,58707.162268499844,0.0955590009689331,R,1
19.158599853515625,58707.265428199906,0.2076209932565689,g,1
19.31940078735352,58710.17902779997,0.2252119928598404,R,1
19.32539939880371,58710.20451389997,0.2309329956769943,g,1
19.22260093688965,58711.178819399785,0.14820599555969238,R,1
19.353099822998047,58711.20388890012,0.2441509962081909,g,1
19.4862003326416,58714.178969900124,0.14969900250434875,R,1
19.85099983215332,58714.20446760021,0.24287399649620056,g,1
19.593063354492188,58717.263090299915,0.14305546879768372,R,1
19.94510078430176,58717.290046299815,0.2888979911804199,g,1
19.78909683227539,58725.26207179995,0.16753925383090973,R,1
