ant_mag,ant_mjd,ant_magerr,ant_passband,ant_survey
20.454500198364254,58668.373368099805,0.228752002120018,R,1
20.51129913330078,58668.44643520005,0.21523499488830566,g,1
16.761600494384766,58677.29690970015,0.041616998612880714,R,1
16.478099822998047,58686.463101900175,0.03030999936163425,g,1
16.79439926147461,58690.37239579996,0.048611998558044434,R,1
16.794099807739258,58690.456562499974,0.041436001658439636,g,1
17.02869987487793,58693.39333330003,0.036143001168966286,R,1
17.34830093383789,58695.39055560018,0.03819800168275833,g,1
17.133499145507812,58696.391018500086,0.039402998983860016,R,1
17.928800582885742,58699.42271990003,0.07714200019836426,g,1
17.294700622558597,58702.38199070003,0.052317000925540924,R,1
18.57430076599121,58705.39515049989,0.06715600192546843,g,1
17.507299423217773,58705.446944400195,0.04095499962568283,R,1
19.131500244140625,58714.241458300035,0.1273220032453537,g,1
18.294300079345703,58717.33293979988,0.06454399973154068,R,1
19.290000915527344,58720.40165509983,0.120108000934124,g,1
18.590599060058594,58723.37415509997,0.0783040001988411,R,1
19.366300582885746,58723.41513889981,0.13579100370407104,g,1
18.67849922180176,58726.304074100226,0.06644000113010406,R,1
19.4768009185791,58730.30189809995,0.11079800128936768,g,1
18.827600479125977,58730.3839004999,0.07718399912118913,R,1
19.46330070495605,58736.307141200174,0.1878090053796768,g,1
19.21739959716797,58743.34002309991,0.13592800498008728,R,1
19.783899307250977,58747.273587999865,0.15971499681472778,g,1
19.558000564575195,58750.25759259983,0.1469939947128296,R,1
19.860700607299805,58754.27416669997,0.16263000667095184,g,1
19.734399795532227,58757.29753470003,0.14886599779129028,R,1
19.997398376464844,58777.185219900224,0.1951429843902588,g,1
20.14118003845215,58777.19184029987,0.18334217369556427,R,1
