ant_mag,ant_mjd,ant_magerr,ant_passband,ant_survey
19.1117000579834,58284.25894680014,0.060189001262187965,g,1
18.86369132995605,58287.32003469997,0.05169747024774552,R,1
18.631500244140625,58290.24395829997,0.08368899673223495,g,1
18.69444274902344,58293.25847220003,0.08942875266075134,R,1
18.75749969482422,58293.34983799978,0.0761120468378067,g,1
18.658300399780273,58297.33114580018,0.10531199723482132,R,1
19.14809799194336,58300.21672450006,0.10251478105783464,g,1
19.406200408935547,58306.20015050005,0.12468499690294264,R,1
19.786500930786133,58306.308530100156,0.18259799480438232,g,1
19.570140838623047,58314.19837959996,0.17162232100963593,R,1
