ant_mag,ant_mjd,ant_magerr,ant_passband,ant_survey
18.914400100708008,58597.24736109981,0.07148899883031845,R,1
18.340200424194336,58605.2306597,0.06360500305891037,g,1
18.51449966430664,58608.23162040021,0.0838640034198761,R,1
18.389699935913086,58608.27427079994,0.07487200200557709,g,1
18.572099685668945,58612.210219900124,0.0629120022058487,R,1
19.66959953308105,58628.192199099816,0.10919699817895888,g,1
19.354299545288086,58633.201203700155,0.1087390035390854,R,1
20.26740074157715,58633.24809029978,0.21804100275039676,g,1
19.486400604248047,58637.18362270017,0.11572500318288804,R,1
20.247600555419922,58637.23493060004,0.23111000657081604,g,1
20.12771224975586,58653.1866088002,0.2038862407207489,R,1
