ant_mag,ant_mjd,ant_magerr,ant_passband,ant_survey
19.214000701904297,58746.37913190015,0.15832500159740448,g,1
18.574100494384766,58749.29342589992,0.07272999733686447,R,1
17.853300094604492,58754.2913079001,0.06902900338172913,g,1
17.82360076904297,58760.294027800206,0.0486689992249012,R,1
17.895099639892578,58764.341284700204,0.058370999991893775,g,1
18.78919982910156,58785.25037040003,0.08222100138664246,R,1
20.02680015563965,58788.2067477,0.25558701157569885,g,1
19.2027530670166,58791.105046300225,0.12809886038303375,R,1
