ant_mag,ant_mjd,ant_magerr,ant_passband,ant_survey
19.02059936523437,58742.50317130005,0.23352299630641934,g,1
18.83760070800781,58748.48056709999,0.10536400228738783,R,1
18.96179962158203,58751.45974540013,0.14266200363636014,g,1
18.847000122070312,58751.50200230022,0.10626199841499327,R,1
19.120800018310547,58756.439166699995,0.1315319985151291,g,1
19.448366165161133,58764.4389698999,0.13573035597801208,R,1
