time,mag,magerr,band
58343.15402780008,19.59647750854492,0.1446239203214645,R
58346.15833330015,19.174041748046875,0.0926039665937423,g
58350.15219909977,18.93488311767578,0.0883791968226432,R
58350.23829860008,19.048681259155277,0.1385735422372818,g
58362.1422569002,19.22394180297852,0.1017632037401199,R
58362.19300930016,19.762964248657227,0.1739552766084671,g
58365.14495369978,19.40854263305664,0.1014411374926567,R
58365.21746530011,20.071800231933597,0.2742519974708557,g
58370.13703700015,19.47726249694824,0.1372644156217575,R
