ant_mag,ant_mjd,ant_magerr,ant_passband,ant_survey
19.016300201416016,58764.48570600013,0.08626600354909897,R,1
18.80870056152344,58767.4854629999,0.08514200150966644,g,1
18.911500930786133,58771.461909700185,0.17403699457645416,R,1
19.68776130676269,58779.50200230022,0.15524837374687195,g,1
19.477399826049805,58783.496574100114,0.16275900602340698,R,1
20.13990020751953,58785.469363399774,0.2540990114212036,g,1
19.33760070800781,58785.501099499874,0.11827000230550765,R,1
20.37030029296875,58788.50324069987,0.25534701347351074,g,1
19.444978713989254,58791.480543999925,0.12559789419174194,R,1
