time,mag,magerr,band
58829.3292129999,18.339599609375,0.0991789996623992,R
58833.14285880001,18.32559967041016,0.0717929974198341,g
58833.34152780008,18.34269905090332,0.1367910057306289,R
58836.13861110015,18.454099655151367,0.0742570012807846,g
58836.46410880005,18.21660041809082,0.0693069994449615,R
58838.13892359985,18.58699989318848,0.189313992857933,g
58862.21069440013,19.292499542236328,0.163904994726181,R
58864.147141200025,20.577699661254883,0.2668130099773407,g
58867.26384259993,19.543983459472656,0.1766598969697952,R
