ant_mag,ant_mjd,ant_magerr,ant_passband,ant_survey
18.308799743652344,58831.08888889988,0.07724899798631668,R,1
18.528200149536133,58831.10825229995,0.1011200025677681,g,1
17.575799942016598,58835.09046299989,0.07686100155115128,R,1
17.71030044555664,58835.132326399915,0.1600860059261322,g,1
17.23069953918457,58838.09750000015,0.035882998257875436,R,1
17.276599884033207,58846.10209489986,0.03784799948334694,g,1
17.035600662231445,58846.11344909994,0.028658999130129814,R,1
17.438499450683597,58850.14989579981,0.05485700070858002,g,1
17.41510009765625,58853.08173609991,0.05740199983119965,R,1
17.678600311279297,58853.091620400075,0.05571800097823143,g,1
17.740100860595703,58859.15622689994,0.06012599915266038,R,1
18.52359962463379,58862.12261570013,0.06033499911427497,g,1
17.997100830078125,58872.12435190008,0.058591000735759735,R,1
19.367000579833984,58872.16229170003,0.1742659956216812,g,1
18.168699264526367,58875.0948379999,0.05064700171351433,R,1
19.605100631713867,58875.13672449999,0.14199399948120114,g,1
18.56679916381836,58881.123368099805,0.07040499895811081,R,1
19.7091007232666,58885.10270830012,0.26513299345970154,g,1
18.62550544738769,58885.13476849999,0.14937235414981842,R,1
