time,mag,magerr,band
58634.24886569986,19.25550079345703,0.100112996995449,g
58640.25253470009,18.86100006103516,0.1103179976344108,R
58643.20775459986,18.951099395751957,0.0965180024504661,g
58643.25197920017,18.834699630737305,0.1477089971303939,R
58646.20715280017,19.0669002532959,0.1671469956636428,g
58653.229039399885,19.44540023803711,0.2225749939680099,R
58658.21038189996,19.943300247192383,0.1881619989871978,g
58670.17311340012,19.61424446105957,0.1851748526096344,R
