ant_mag,ant_mjd,ant_magerr,ant_passband,ant_survey
19.934999465942386,58306.222719899844,0.193463996052742,g,1
18.816999435424805,58312.19752309984,0.0999789983034134,R,1
18.60042953491211,58315.17442130017,0.1126745417714119,g,1
18.750288009643555,58315.24211810018,0.10838799178600313,R,1
18.576574325561523,58319.18453700003,0.15022368729114532,g,1
18.546083450317386,58322.246412000146,0.06302892416715622,R,1
18.907081604003906,58327.16688660019,0.1735129952430725,g,1
18.965410232543945,58331.182766200036,0.07644572108983994,R,1
19.455608367919922,58331.27526619983,0.19160214066505432,g,1
19.200639724731445,58334.161655100055,0.10725662857294084,R,1
19.922800064086914,58337.17392359999,0.16469700634479525,g,1
19.355632781982425,58344.181886599865,0.12514053285121918,R,1
