ant_mag,ant_mjd,ant_magerr,ant_passband,ant_survey
18.299699783325195,58628.19590280019,0.08386600017547607,g,1
18.29360008239746,58632.178738399874,0.06862500309944153,R,1
18.4817008972168,58635.19662040007,0.06298399716615677,g,1
18.385499954223636,58635.23714119988,0.07538899779319763,R,1
18.649700164794922,58638.2039235998,0.07613500207662582,g,1
19.230100631713867,58658.182719899814,0.13771000504493713,R,1
20.29170036315918,58658.20391200018,0.18779100477695465,g,1
19.731311798095703,58670.187916699804,0.1456706076860428,R,1
