time,mag,magerr,band
58699.37006939994,19.68930053710937,0.1901620030403137,R
58702.33011570014,19.183300018310547,0.0928699970245361,g
58711.31387729989,18.551000595092773,0.1290459930896759,R
58714.23101849994,18.61829948425293,0.0938199982047081,g
58718.324432900175,18.72249984741211,0.1769299954175949,R
58725.18848379981,19.017000198364254,0.1015070006251335,g
58741.25151620014,19.103805541992188,0.2124305814504623,R
