ant_mag,ant_mjd,ant_magerr,ant_passband,ant_survey
19.400400161743164,58785.327118100126,0.1665710061788559,g,1
19.226600646972656,58789.2730556,0.149835005402565,R,1
19.096599578857425,58789.34010419994,0.13363899290561676,g,1
19.05739974975586,58800.29505789978,0.15841199457645416,R,1
19.584999084472656,58805.19025459979,0.1488189995288849,g,1
19.394699096679688,58805.23163190018,0.15555399656295776,R,1
20.24880027770996,58812.15658560023,0.22172699868679047,g,1
19.66837310791016,58812.20951389987,0.13568083941936493,R,1
