time,mag,magerr,band
58697.19715279993,20.09552574157715,0.1984235346317291,g
