time,mag,magerr,band
58787.513981500175,19.986900329589844,0.2932139933109283,R
58790.541504600085,18.98360061645508,0.1144590005278587,g
58796.53950229986,18.580799102783203,0.0964320003986358,R
58796.55011569988,18.54290008544922,0.0962520018219947,g
58801.423460599966,18.758399963378903,0.1738020032644271,R
58802.538912000135,18.50659942626953,0.1244250014424324,g
58806.48656249978,18.59309959411621,0.0959459990262985,R
58811.43564809999,19.00919914245605,0.1351010054349899,g
58852.42998840008,20.428285598754883,0.1904928982257843,R
