time,mag,magerr,band
58831.10423609987,19.37989997863769,0.145017996430397,R
58846.09750000015,18.8129997253418,0.0807359963655471,g
58850.10693289992,18.6023006439209,0.2093659937381744,R
58850.17076390004,19.195199966430664,0.1322319954633712,g
58859.15121529997,18.930599212646484,0.1434659957885742,R
58862.10920140008,20.859100341796875,0.2994849979877472,g
58875.10847220011,20.0686092376709,0.1809016913175583,R
