ant_mag,ant_mjd,ant_magerr,ant_passband,ant_survey
19.338499069213867,58756.47084489978,0.14927199482917786,g,1
19.535400390625,58756.51553239999,0.15001900494098666,R,1
18.92989921569824,58766.43748839991,0.15379099547863007,g,1
19.41349983215332,58776.50333329989,0.20278500020504,R,1
20.52429962158203,58785.46296299994,0.3580479919910431,g,1
19.67549133300781,58785.49767359997,0.14815379679203033,R,1
