ant_mag,ant_mjd,ant_magerr,ant_passband,ant_survey
19.92166328430176,58286.28141199984,0.13423891365528107,R,1
20.007970809936523,59402.19465279997,0.1693936288356781,g,1
