time,mag,magerr,band
58331.166782400105,19.093799591064453,0.0971428379416465,R
58331.3037268999,19.016664505004883,0.1225568950176239,g
58334.16403939994,18.933000564575195,0.0874629989266395,R
58337.178159699775,18.901838302612305,0.0835083723068237,g
58337.19593749987,18.871856689453125,0.0843992084264755,R
58344.16545139998,19.23259925842285,0.1186650022864341,g
58344.18329859991,19.044700622558597,0.0989610031247139,R
58350.26068289997,19.590150833129883,0.1540406048297882,g
58363.22653939994,19.7867374420166,0.2110867947340011,R
