ant_mag,ant_mjd,ant_magerr,ant_passband,ant_survey
19.207300186157227,58696.44076390006,0.10707499831914903,g,1
19.390199661254886,58696.46418979997,0.08847600221633911,R,1
18.819799423217773,58699.47861109999,0.07828900218009949,g,1
18.619600296020508,58703.42456019996,0.06401100009679794,R,1
18.531299591064453,58703.49885419988,0.07186000049114227,g,1
18.534299850463867,58706.40214119991,0.06443700194358826,R,1
18.42289924621582,58706.41942129983,0.06503999978303909,g,1
18.63129997253418,58709.39384259983,0.09835399687290193,R,1
18.560699462890625,58709.46171300019,0.08128900080919266,g,1
18.742000579833984,58712.42010420003,0.10170499980449677,R,1
18.917800903320312,58717.40494209993,0.1103070005774498,g,1
19.193199157714844,58723.38902779994,0.07129999995231627,R,1
19.564899444580078,58723.438738400124,0.12099500000476834,g,1
19.346099853515625,58726.37891199999,0.09151799976825714,R,1
19.85759925842285,58726.44064809987,0.13873200118541718,g,1
19.3356990814209,58730.41862270003,0.1149429976940155,R,1
20.081300735473636,58730.46924770017,0.21119700372219088,g,1
19.436500549316406,58733.402384299785,0.10986600071191788,R,1
20.53260040283203,58733.4562615999,0.2530649900436401,g,1
19.655399322509766,58736.43534719991,0.10625600069761276,R,1
20.703800201416016,58736.47606479983,0.2348430007696152,g,1
20.308330535888672,58747.41968750022,0.21481406688690186,R,1
