ant_mag,ant_mjd,ant_magerr,ant_passband,ant_survey
19.82040023803711,58781.215694400016,0.2259099930524826,g,1
19.47089958190918,58781.248205999844,0.20635299384593964,R,1
19.284900665283203,58788.191527800176,0.14024099707603455,g,1
18.655799865722656,58790.19494209997,0.07387399673461914,R,1
19.58530044555664,58791.27567130001,0.126568004488945,g,1
18.85776710510254,58794.30197919997,0.13556785881519318,R,1
