time,mag,magerr,band
58573.22340280004,18.587900161743164,0.1244790032505989,g
58584.16861109994,17.63610076904297,0.0637099966406822,R
58587.21201389981,17.56130027770996,0.0681380033493042,g
58587.29271990014,17.572500228881836,0.0754719972610473,R
58592.13664350007,17.80590057373047,0.0745479986071586,g
58601.253888899926,18.28709983825684,0.0690720006823539,R
58608.189351900015,19.35300636291504,0.1561145186424255,g
