ant_mag,ant_mjd,ant_magerr,ant_passband,ant_survey
19.88689994812012,58450.392256900195,0.18274100124835968,R,1
18.957799911499023,58450.45982640004,0.10891900211572647,g,1
20.265399932861328,58455.49592590006,0.24228399991989136,R,1
18.79892349243164,59274.16624999978,0.1332680732011795,g,1
