ant_mag,ant_mjd,ant_magerr,ant_passband,ant_survey
20.577699661254886,58814.2074190001,0.2257940024137497,R,1
19.07539939880371,58820.223240700085,0.11690100282430647,g,1
18.432899475097656,58827.24797450006,0.103473998606205,R,1
18.644699096679688,58830.18430559988,0.0825899988412857,g,1
18.50309944152832,58830.28065969981,0.0764549970626831,R,1
18.711599349975586,58833.18484950018,0.08166900277137756,g,1
18.46999931335449,58833.281377300154,0.06967800110578537,R,1
18.89459991455078,58836.13469910016,0.08569400012493134,g,1
19.20549964904785,58846.13557869988,0.0923750028014183,R,1
20.01020050048828,58849.13920139987,0.18135400116443634,g,1
19.336599349975586,58850.120185200125,0.1296750009059906,R,1
20.07830047607422,58852.140497699846,0.1838109940290451,g,1
19.544448852539066,58860.175902800176,0.2100735455751419,R,1
