ant_mag,ant_mjd,ant_magerr,ant_passband,ant_survey
19.09499931335449,58714.47672449984,0.1968650072813034,g,1
18.75909996032715,58717.33201389993,0.10545899718999864,R,1
19.80909919738769,58736.305786999874,0.3040980100631714,g,1
19.854124069213867,58744.36002309992,0.2161628156900406,R,1
