ant_mag,ant_mjd,ant_magerr,ant_passband,ant_survey
19.109100341796875,58744.125405100174,0.10036499798297882,R,1
18.142099380493164,58760.14122689982,0.06901899725198746,g,1
18.88933563232422,58771.103715300094,0.1405392587184906,R,1
19.16209983825684,58771.11244209996,0.1892469972372055,g,1
18.852914810180664,58775.09572920018,0.10887676477432252,R,1
