ant_mag,ant_mjd,ant_magerr,ant_passband,ant_survey
18.545799255371094,58447.497870400075,0.08883599936962128,R,1
19.66200065612793,58461.48197920014,0.2347770035266876,g,1
19.372299194335934,58461.544398100115,0.11899500340223312,R,1
19.933500289916992,58464.480833299924,0.22688500583171844,g,1
20.215238571166992,58486.500613399774,0.17706246674060822,R,1
