ant_mag,ant_mjd,ant_magerr,ant_passband,ant_survey
18.833200454711914,58690.422361100085,0.07789900153875351,R,1
19.084800720214844,58693.457071799785,0.09049899876117706,g,1
18.90589904785156,58693.480138900224,0.07774800062179565,R,1
19.28249931335449,58696.43883100013,0.10627000033855437,g,1
19.231199264526367,58703.42410880001,0.07423699647188188,R,1
20.231599807739254,58706.46069440013,0.2370720058679581,g,1
19.65733528137207,58709.416805599816,0.16964463889598844,R,1
