ant_mag,ant_mjd,ant_magerr,ant_passband,ant_survey
18.4237003326416,58429.37495370022,0.08209200203418733,R,1
18.327800750732425,58432.447430599954,0.07079199701547623,g,1
18.096900939941406,58435.505046300124,0.08021499961614609,R,1
18.246400833129886,58438.44413190009,0.05883799865841865,g,1
18.167200088500977,58441.43416670011,0.059069998562335975,R,1
18.457000732421875,58441.47690969986,0.07205100357532501,g,1
18.8757266998291,58455.494525500115,0.08355753123760222,R,1
20.193971633911133,59336.21809029997,0.2131069004535675,g,1
