time,mag,magerr,band
58635.26216439996,18.011600494384766,0.064640000462532,R
58641.192291699816,18.886699676513672,0.1083500012755394,g
58641.28155090008,18.11969947814941,0.0700870007276535,R
58644.19028940005,18.94540023803711,0.106183998286724,g
58650.257916700095,18.69059944152832,0.1257759928703308,R
58657.194560199976,19.96419906616211,0.2563830018043518,g
58679.19354170002,19.567983627319336,0.2165818810462951,R
