ant_mag,ant_mjd,ant_magerr,ant_passband,ant_survey
18.32699966430664,58846.13420139997,0.06861100345849991,R,1
17.977100372314453,58849.13415510021,0.05544999986886978,g,1
17.807600021362305,58850.118807900224,0.08404599875211716,R,1
17.711000442504886,58853.113599500146,0.060655001550912864,g,1
17.586599349975586,58853.18469909997,0.0654119998216629,R,1
17.64080047607422,58856.11844909983,0.059337999671697624,g,1
17.580799102783207,58856.15505790013,0.05799400061368942,R,1
17.77589988708496,58859.112858800225,0.055250000208616264,g,1
17.719999313354492,58863.10381940008,0.04735099896788597,R,1
18.046499252319336,58864.116330999874,0.056680001318454735,g,1
17.970600128173828,58867.12071759999,0.0645420029759407,R,1
18.70639991760254,58871.17534720013,0.07600300014019012,g,1
18.293699264526367,58874.14048610022,0.06252799928188324,R,1
19.284799575805664,58876.1506829001,0.1157749965786934,g,1
18.33989906311035,58877.13466440002,0.06887900084257126,R,1
19.39299964904785,58880.107210599825,0.1045679971575737,g,1
18.689899444580078,58886.122523100115,0.09578099846839903,R,1
20.2322998046875,58893.160092600156,0.16883499920368195,g,1
19.394760131835934,58899.120786999825,0.11767452210187912,R,1
