ant_mag,ant_mjd,ant_magerr,ant_passband,ant_survey
20.08859062194824,58284.37270830013,0.15912660956382751,g,1
18.77519416809082,58290.36344909994,0.08298243582248688,R,1
18.755571365356445,58290.41123839981,0.09161680936813353,g,1
18.37510299682617,58296.29054399999,0.08700725436210632,R,1
18.420658111572266,58299.217523099855,0.07586952298879622,g,1
18.391338348388672,58299.389247700106,0.12486792355775833,R,1
18.53043937683105,58302.21642359997,0.07271306961774826,g,1
18.48566246032715,58302.348136600114,0.10348454117774963,R,1
18.672199249267575,58305.30858800002,0.07053499668836594,g,1
18.539600372314453,58305.347696799785,0.07251500338315964,R,1
18.833499908447266,58308.22280090022,0.07566799968481064,g,1
18.74690055847168,58308.3468865999,0.12007100135087967,R,1
19.08370018005371,58311.34549769992,0.10489600151777267,g,1
19.06451988220215,58314.22145830003,0.08263224363327026,R,1
19.376359939575195,58314.349155100055,0.1071963980793953,g,1
19.123910903930664,58317.407812499914,0.10582629591226578,R,1
19.72570037841797,58320.413634300225,0.22185400128364566,g,1
19.31197738647461,58618.24631940015,0.1665329933166504,R,1
