ant_mag,ant_mjd,ant_magerr,ant_passband,ant_survey
19.80820083618164,58764.487974499825,0.16805399954319,R,1
19.108600616455078,58767.49506939994,0.16333399713039398,g,1
18.827299118041992,58770.48636570013,0.12923499941825867,R,1
18.71980094909668,58770.5291088,0.13870899379253387,g,1
18.55929946899414,58776.51752310013,0.08588699996471405,R,1
18.73970031738281,58784.49460650002,0.2189529985189438,g,1
18.76059913635254,58784.53677080013,0.20939700305461886,R,1
18.904699325561523,58788.51802079986,0.10410699993371964,g,1
18.954700469970703,58791.515393500216,0.09105599671602248,R,1
19.04389953613281,58791.53031249996,0.09736199676990508,g,1
19.045000076293945,58794.53265050008,0.10483299940824507,R,1
19.303699493408203,58794.55089120008,0.1508380025625229,g,1
19.22522735595703,58798.53818289982,0.14323119819164276,R,1
