ant_mag,ant_mjd,ant_magerr,ant_passband,ant_survey
17.349599838256836,58774.1947337999,0.059691999107599265,R,1
16.920400619506836,58777.183865699924,0.042245998978614814,g,1
16.875499725341793,58781.2436573999,0.047814000397920615,R,1
16.640800476074222,58785.22883100017,0.03809300065040589,g,1
16.840599060058597,58789.22592590004,0.0406860001385212,R,1
18.781400680541992,58814.09064809977,0.134785994887352,g,1
18.47458267211914,58829.06892360003,0.2014712989330292,R,1
