ant_mag,ant_mjd,ant_magerr,ant_passband,ant_survey
19.295799255371094,58766.115625000086,0.20010000467300412,R,1
19.00079917907715,58766.1907060002,0.16387300193309784,g,1
18.81419944763184,58769.123055600096,0.19023099541664126,R,1
18.64830017089844,58773.18518520008,0.14621800184249878,g,1
18.801799774169922,58777.096863400184,0.098021999001503,R,1
18.87150001525879,58777.12031249981,0.08289100229740143,g,1
19.011537551879886,58781.10240740003,0.14800158143043518,R,1
18.911357879638672,58781.124884299934,0.1627328246831894,g,1
19.07099151611328,58785.08203699999,0.11678700894117355,R,1
19.488134384155273,58785.18339119991,0.19916380941867828,g,1
