ant_mag,ant_mjd,ant_magerr,ant_passband,ant_survey
19.52829933166504,58681.19168980001,0.2754090130329132,g,1
18.59280014038086,58684.17474539997,0.07632900029420853,R,1
18.475400924682614,58684.21443289983,0.06994900107383728,g,1
18.527099609375,58707.16834490001,0.08604300022125244,R,1
19.0393009185791,58710.149131900165,0.1813520044088364,g,1
18.715999603271484,58713.23568290007,0.11986099928617475,R,1
19.546899795532227,58716.18454860012,0.13757899403572085,g,1
18.86750030517578,58719.32256940008,0.14285899698734286,R,1
20.138500213623047,58723.185879599776,0.1578720062971115,g,1
19.20199966430664,58723.33011570013,0.11534299701452255,R,1
20.23859977722168,58732.14752310003,0.27096500992774963,g,1
19.625099182128906,58732.229085599996,0.1750430017709732,R,1
20.178199768066406,58738.133206000086,0.3147520124912262,g,1
20.20256805419922,58744.12217589981,0.2049001157283783,R,1
