ant_mag,ant_mjd,ant_magerr,ant_passband,ant_survey
18.61079978942871,58534.217372700106,0.12452299892902376,R,1
18.597700119018555,58534.256169000175,0.15960699319839478,g,1
18.39459991455078,58538.20344909978,0.1627579927444458,R,1
18.384899139404297,58538.291469899945,0.127470001578331,g,1
18.590499877929688,58543.23952550023,0.08978100121021271,R,1
18.59600067138672,58547.256145800005,0.08121699839830399,g,1
19.053600311279297,58559.197800899856,0.13676483929157254,R,1
