time,mag,magerr,band
58757.50937499991,19.121400833129883,0.1274569928646087,R
58760.485671299975,18.935699462890625,0.1324149966239929,g
58764.49395829998,19.09107780456543,0.14094278216362,R
