ant_mag,ant_mjd,ant_magerr,ant_passband,ant_survey
19.266700744628906,58738.485752299894,0.1731099933385849,g,1
18.137300491333008,58748.442453700125,0.061485998332500465,R,1
18.273099899291992,58751.406701399945,0.07847300171852112,g,1
18.214799880981445,58751.50593749993,0.06803499907255173,R,1
18.613399505615234,58756.42581020017,0.07905600219964981,g,1
18.70639991760254,58759.38421300008,0.08286300301551819,R,1
19.341699600219727,58763.456724499825,0.1746390014886856,g,1
20.043888092041016,59231.18427080009,0.17795148491859436,R,1
