ant_mag,ant_mjd,ant_magerr,ant_passband,ant_survey
18.53619956970215,58311.23407409992,0.0888810008764267,g,1
18.34109687805176,58314.170891200185,0.08678365498781204,R,1
18.154600143432614,58320.16761570005,0.08280300348997116,g,1
18.3843994140625,58324.17137729983,0.0808510035276413,R,1
18.582963943481445,58327.1709838002,0.0981685072183609,g,1
18.59466552734375,58327.27586810011,0.16201581060886386,R,1
18.726459503173828,58330.171643500216,0.08667442947626114,g,1
18.81681060791016,58330.30262729991,0.1468183696269989,R,1
19.543140411376953,58336.1866088002,0.1299860179424286,g,1
18.918437957763672,58336.21372690005,0.11656154692173006,R,1
20.66189956665039,58344.162986100186,0.3164600133895874,g,1
19.99972152709961,58365.14447919978,0.19857670366764069,R,1
