ant_mag,ant_mjd,ant_magerr,ant_passband,ant_survey
19.983699798583984,58778.49302079994,0.2537649869918823,R,1
19.793800354003906,58778.51004630001,0.15603899955749512,g,1
19.194499969482425,58781.48732639988,0.14771300554275513,R,1
18.86720085144043,58784.46629629983,0.11834699660539627,g,1
18.94219970703125,58784.51327549992,0.19803999364376068,R,1
18.78610038757324,58787.42321760021,0.08534199744462967,g,1
18.894100189208984,58787.51149309985,0.17718300223350525,R,1
18.83530044555664,58790.349027799915,0.08115199953317642,g,1
18.744199752807614,58790.48954859981,0.10995899885892868,R,1
18.83180046081543,58790.53696760022,0.07403499633073808,g,1
18.68440055847168,58793.514641200185,0.09481900185346603,R,1
19.22100067138672,58796.28251159983,0.17852400243282318,g,1
18.92989921569824,58799.47728009988,0.16043800115585327,R,1
19.30150032043457,58799.534328700036,0.17880600690841675,g,1
19.262800216674805,58805.38168979995,0.1464879959821701,R,1
19.82029914855957,58805.494317099925,0.20463599264621732,g,1
19.30229949951172,58806.508101900115,0.16128399968147278,R,1
20.30184936523437,58811.432430599816,0.2094137817621231,g,1
