ant_mag,ant_mjd,ant_magerr,ant_passband,ant_survey
19.5674991607666,58653.34175929987,0.2343840003013611,g,1
18.81839942932129,58657.33784720022,0.09081000089645386,R,1
19.12380027770996,58657.44221059977,0.15122899413108826,g,1
18.6924991607666,58660.319895800196,0.09272799640893936,R,1
19.240100860595703,58660.336550899774,0.11476700007915495,g,1
19.080081939697266,58669.3326388998,0.09190587699413301,R,1
