ant_mag,ant_mjd,ant_magerr,ant_passband,ant_survey
18.983800888061523,58638.44623839995,0.09480199962854384,g,1
18.757999420166016,58638.47807870014,0.08330900222063065,R,1
18.481800079345703,58641.44350690022,0.07049699872732162,g,1
18.48870086669922,58641.4791203998,0.0857049971818924,R,1
18.257999420166016,58644.44385420019,0.054458998143672936,g,1
18.22760009765625,58644.47917820001,0.06784799695014954,R,1
18.305400848388672,58647.46883099992,0.2252669930458069,g,1
18.20509910583496,58650.42540509999,0.06404899805784225,R,1
18.41029930114746,58653.379455999944,0.12686699628829956,g,1
18.480100631713867,58658.41303239996,0.08566699922084807,R,1
18.738100051879886,58658.465659699876,0.10662099719047546,g,1
18.6742000579834,58661.428125000086,0.0868230015039444,R,1
18.9778995513916,58661.476990699775,0.10392799973487854,g,1
18.91510009765625,58665.44180560019,0.09428799897432327,R,1
19.32349967956543,58665.476145800196,0.10750000178813934,g,1
18.60689926147461,58671.434386599816,0.19019000232219696,R,1
20.326148986816406,58675.446365700096,0.20125070214271545,g,1
