time,mag,magerr,band
58480.453854199965,19.380300521850582,0.1557440012693405,R
58480.48496530019,19.282400131225582,0.1548279970884323,g
58481.43523149984,19.154600143432617,0.1244949996471405,R
58486.43792819977,18.791000366210938,0.1037900000810623,g
58486.4760532002,18.71940040588379,0.0771510004997253,R
58491.45976850018,18.723899841308597,0.1096760034561157,g
58493.47187499981,18.752199172973636,0.076044000685215,R
58494.46741899988,18.92300033569336,0.0900069996714592,g
58523.212303199805,19.8784236907959,0.1618270874023437,R
