ant_mag,ant_mjd,ant_magerr,ant_passband,ant_survey
20.346200942993164,58584.312372699846,0.1929599940776825,R,1
19.3346004486084,58587.224027799915,0.13115200400352478,g,1
20.08026123046875,58642.234247699846,0.16538074612617493,R,1
