time,mag,magerr,band
58648.44687499991,19.35140037536621,0.1234090030193328,g
58663.42570600007,18.60429954528809,0.0980079993605613,R
58666.46721060015,18.963699340820312,0.1124980002641677,g
58672.47844910016,18.936595916748047,0.1236689910292625,R
