ant_mag,ant_mjd,ant_magerr,ant_passband,ant_survey
19.868600845336914,58673.30149309988,0.20700499415397644,g,1
18.487300872802734,58676.21487270017,0.09719499945640564,R,1
18.5310001373291,58676.29668979999,0.08501599729061128,g,1
17.938600540161133,58679.21988430014,0.061838001012802124,R,1
17.859500885009766,58682.17572919978,0.08187100291252136,g,1
17.733400344848633,58682.24331020005,0.05635099858045577,R,1
17.788999557495114,58685.19454859988,0.06413300335407257,g,1
17.974599838256836,58692.184803199954,0.06945399940013885,R,1
18.64780044555664,58698.201851900194,0.2408210039138794,g,1
19.03385734558105,58712.241990699906,0.10766540467739104,R,1
20.045921325683594,58715.159363400184,0.19603651762008667,g,1
