ant_mag,ant_mjd,ant_magerr,ant_passband,ant_survey
17.954147338867188,58429.52863429999,0.034705694764852524,R,1
19.220500946044922,59000.232731500175,0.13459299504756927,g,1
18.37019920349121,59009.18425930013,0.0911799967288971,R,1
18.35110092163086,59017.220694399904,0.07164599746465683,g,1
18.3218994140625,59017.24135420006,0.07994700223207474,R,1
18.53554344177246,59020.20388890012,0.0810476616024971,g,1
18.42796897888184,59020.24394680001,0.07272312790155411,R,1
18.729345321655273,59023.22385419997,0.09166683256626128,g,1
18.697608947753906,59026.198680600144,0.08656536787748338,R,1
19.166858673095703,59026.220532400075,0.1373133659362793,g,1
18.77121925354004,59032.21909719986,0.12990733981132507,R,1
