ant_mag,ant_mjd,ant_magerr,ant_passband,ant_survey
19.732999801635746,58704.370046299875,0.18761299550533292,g,1
19.611499786376953,58705.44140050002,0.1860000044107437,R,1
19.097700119018555,58714.24468749993,0.17445099353790286,g,1
18.9512996673584,58716.367858800106,0.12399400025606155,R,1
19.196800231933594,58719.240023099825,0.15509000420570376,g,1
19.16819953918457,58720.37144679995,0.149617999792099,R,1
19.743656158447266,58726.242673600085,0.17524290084838867,g,1
19.71096611022949,58732.23171300023,0.16931147873401642,R,1
20.19045066833496,58732.29876160016,0.2070000171661377,g,1
