time,mag,magerr,band
58541.47437500022,19.00189971923828,0.1820160001516342,g
58541.55268519977,18.823299407958984,0.1444689929485321,R
58547.366111100186,19.19879913330078,0.1625739932060241,g
58557.42679399997,19.42350006103516,0.1683669984340667,R
58557.47484950023,20.007099151611328,0.2078350037336349,g
58560.426620400045,19.59029960632324,0.1423690021038055,R
58560.49456019979,20.19289970397949,0.2298509925603866,g
58575.42453699978,20.0240421295166,0.1469842791557312,R
