ant_mag,ant_mjd,ant_magerr,ant_passband,ant_survey
18.68409919738769,58464.30689809984,0.10691600292921066,R,1
18.761600494384766,58464.32777780014,0.07704900205135345,g,1
18.71030044555664,58474.3287037001,0.123649001121521,R,1
19.319299697875977,58480.28267360013,0.18310700356960294,g,1
19.94889068603516,58507.252407399945,0.1688668429851532,R,1
