ant_mag,ant_mjd,ant_magerr,ant_passband,ant_survey
18.590499877929688,58568.213240699835,0.08559399843215942,g,1
18.71579933166504,58568.274803199805,0.1034500002861023,R,1
18.235700607299805,58573.22340280004,0.09571000188589096,g,1
18.624900817871094,58584.16861109994,0.11450199782848358,R,1
18.731300354003906,58587.21201389981,0.16189000010490415,g,1
19.202899932861328,58601.25434029987,0.16217799484729767,R,1
20.321800231933594,58608.18888889997,0.2973049879074097,g,1
19.19021987915039,58608.21043979983,0.1833156794309616,R,1
