ant_mag,ant_mjd,ant_magerr,ant_passband,ant_survey
18.29840087890625,58572.206782400135,0.11557500064373015,g,1
17.915000915527344,58574.208402799915,0.10381600260734558,R,1
18.060800552368164,58580.23267359985,0.07657399773597717,g,1
17.982500076293945,58583.26008100017,0.06456399708986282,R,1
18.412500381469727,58586.169803199824,0.08315400034189224,g,1
18.22089958190918,58586.189838000115,0.06574799865484238,R,1
18.77899932861328,58591.183958299924,0.13402000069618225,g,1
18.58970069885254,58594.156446800094,0.07327300310134888,R,1
19.63039970397949,58597.25410880009,0.13136999309062958,g,1
18.506500244140625,58597.34839119995,0.08340899646282196,R,1
19.893699645996094,58601.229085599996,0.15875600278377533,g,1
19.264747619628906,58608.21548609994,0.11442819982767105,R,1
