ant_mag,ant_mjd,ant_magerr,ant_passband,ant_survey
19.757299423217773,58580.304884300094,0.16600699722766876,g,1
19.46109962463379,58583.330856500186,0.16976000368595126,R,1
19.2268009185791,58583.39372690023,0.1323550045490265,g,1
19.15180015563965,58586.34396990017,0.08442399650812149,R,1
18.868799209594727,58586.403842600055,0.08521399646997453,g,1
18.734399795532227,58589.27056710003,0.11772800236940385,R,1
18.627099990844727,58592.4241204001,0.15402700006961825,g,1
18.75849914550781,58593.30207179999,0.11313699930906294,R,1
18.81060028076172,58596.2347569,0.08853399753570558,g,1
18.87030029296875,58596.27128469991,0.09265600144863127,R,1
19.00079917907715,58600.23908559977,0.10571300238370897,g,1
19.300899505615234,58606.278715299915,0.09629199653863907,R,1
19.421199798583984,58606.38445599983,0.10881300270557404,g,1
19.551700592041016,58612.243252300184,0.10460899770259856,R,1
20.045000076293945,58612.286840300076,0.16404199600219727,g,1
19.639129638671875,58616.171701400075,0.16471461951732635,R,1
20.233200073242188,58616.25939809997,0.4118880033493042,g,1
19.541297912597656,58618.2181712999,0.1860032677650452,R,1
