ant_mag,ant_mjd,ant_magerr,ant_passband,ant_survey
19.176799774169922,58336.18615739979,0.12130200117826463,g,1
17.704572677612305,58343.160972199876,0.06958805024623871,R,1
17.470239639282227,58346.15739580012,0.05413885042071343,g,1
17.40803337097168,58350.15361109981,0.05418184772133827,R,1
17.430660247802734,58350.23782410008,0.055052485316991806,g,1
17.93522071838379,58362.159155100126,0.06339561194181442,R,1
18.143238067626953,58362.194074099876,0.05875711515545845,g,1
18.082300186157227,58365.15508100018,0.060361001640558236,R,1
18.39459991455078,58365.21792820003,0.0762529969215393,g,1
18.15829467773437,58369.130347200204,0.06800475716590881,R,1
18.726205825805664,58369.24251159978,0.09447505325078964,g,1
