time,mag,magerr,band
58760.27195600001,18.923799514770508,0.0986329987645149,R
58772.18412039988,19.009899139404297,0.1627579927444458,g
58774.28325230023,18.9233512878418,0.1527191400527954,R
58775.18276620004,19.238300323486328,0.1122580021619796,g
58775.1900231,19.364599227905277,0.1459520012140274,R
58778.187893500086,19.558673858642575,0.1681601703166961,g
58778.31686339993,19.144367218017575,0.1876427680253982,R
58782.228703700006,20.11739921569824,0.2683199942111969,g
58789.22682869993,19.688697814941406,0.2145084291696548,R
