ant_mag,ant_mjd,ant_magerr,ant_passband,ant_survey
19.855300903320312,58652.172268500086,0.24373799562454224,g,1
19.36079978942871,58655.19212959986,0.1119450032711029,R,1
18.60610008239746,58658.211331000086,0.07712800055742264,g,1
18.52020072937012,58661.19052080018,0.07583300024271011,R,1
18.138999938964844,58665.190173599876,0.058736000210046775,g,1
18.3656005859375,58671.20783559977,0.10710500180721284,R,1
18.370100021362305,58674.204942100216,0.08867800235748291,g,1
18.74720001220703,58677.21322919987,0.1010809987783432,R,1
19.279600143432614,58686.189988399856,0.11808700114488603,g,1
19.101600646972656,58692.17480320018,0.16713400185108185,R,1
19.84530067443848,58692.19076390006,0.1357470005750656,g,1
19.69199752807617,58705.16564809997,0.18239113688468933,R,1
