ant_mag,ant_mjd,ant_magerr,ant_passband,ant_survey
19.311500549316406,58714.24423609999,0.12780100107192993,g,1
19.0403995513916,58717.31378469988,0.11568599939346312,R,1
18.71080017089844,58732.18842589995,0.11113300174474716,g,1
19.36389923095703,58747.25018520001,0.1547199934720993,R,1
20.089000701904297,58747.27636570018,0.26828399300575256,g,1
19.65911293029785,58758.2765740999,0.20908549427986145,R,1
