ant_mag,ant_mjd,ant_magerr,ant_passband,ant_survey
18.70400047302246,58305.29741899995,0.06731200218200684,g,1
18.707199096679688,58305.336400500026,0.09542500227689744,R,1
18.747900009155273,58308.227812500205,0.07534100115299225,g,1
18.83731842041016,58314.22759260005,0.07758910953998566,R,1
19.71419906616211,58319.19120369991,0.18146899342536926,g,1
19.170841217041016,58319.27749999985,0.10844091325998306,R,1
20.16990089416504,58322.20936340001,0.30622199177742004,g,1
20.287708282470703,58336.22010419984,0.1824818253517151,R,1
