ant_mag,ant_mjd,ant_magerr,ant_passband,ant_survey
18.875200271606445,58766.43657410005,0.13988299667835236,g,1
18.75670051574707,58769.47373839981,0.13804000616073608,R,1
18.78420066833496,58769.51863430021,0.12283000349998476,g,1
18.867799758911133,58776.48387729983,0.1297059953212738,R,1
19.000200271606445,58779.50562500022,0.1361680030822754,g,1
19.307600021362305,58785.5042940001,0.11075899749994278,R,1
19.69176483154297,58788.508275500026,0.1945096105337143,g,1
19.580554962158203,58791.50585650001,0.12274294346570967,R,1
