ant_mag,ant_mjd,ant_magerr,ant_passband,ant_survey
19.406400680541992,58542.13707179995,0.1108810007572174,g,1
19.06185913085937,58547.152418999925,0.10828997194766997,R,1
18.963186264038086,58547.2271412001,0.10187000036239624,g,1
