time,mag,magerr,band
58456.20967590017,19.457399368286133,0.1369670033454895,R
58462.264270800166,18.60700035095215,0.1360629945993423,g
58472.11944440007,18.370100021362305,0.0779580026865005,R
58475.0994213,18.616300582885746,0.1081819981336593,g
58486.10883100005,18.890499114990234,0.0644330009818077,R
58490.10929400008,19.83580017089844,0.1925339996814727,g
58493.12444439996,19.06419944763184,0.0778829976916313,R
58493.16408560006,20.07469940185547,0.2055809944868087,g
58503.11296299985,19.27958869934082,0.1411620825529098,R
