ant_mag,ant_mjd,ant_magerr,ant_passband,ant_survey
19.32670021057129,58346.16401620022,0.1354999989271164,g,1
15.258885383605955,58362.152025499854,0.029018638655543324,R,1
15.160472869873047,58362.2068403,0.025897124782204628,g,1
15.246800422668455,58365.15076390003,0.02775000035762787,R,1
15.18929958343506,58365.21241899999,0.03466299921274185,g,1
15.346013069152832,58368.1479282002,0.026575643569231037,R,1
15.291423797607422,58368.19072919991,0.033319640904664986,g,1
15.523133277893065,58371.12943289987,0.0425695925951004,R,1
15.456856727600098,58371.20681709983,0.0297585129737854,g,1
15.756561279296875,58374.127534700085,0.03261803835630417,R,1
15.668850898742676,58374.19103009999,0.031636446714401245,g,1
15.941499710083008,58377.14861109993,0.03456300124526024,R,1
16.326299667358402,58380.115821800195,0.03626599907875061,g,1
16.060199737548828,58383.111446800176,0.030663000419735912,R,1
16.48539924621582,58383.17085650005,0.04138199985027313,g,1
16.18301010131836,58389.11101849983,0.0378667376935482,R,1
20.300573348999023,58572.484571800094,0.2007049471139908,g,1
