time,mag,magerr,band
58716.36831020005,19.533100128173828,0.1628369987010955,R
58725.31604170008,18.394800186157227,0.066892996430397,g
58732.23126159981,18.53610038757324,0.0709350034594535,R
58743.206168999895,19.40570068359375,0.1953389942646026,g
58747.25203699991,19.16550064086914,0.1170319989323616,R
58747.300740700215,19.858800888061523,0.2319650053977966,g
58761.20754629979,19.81211471557617,0.1997852325439453,R
