ant_mag,ant_mjd,ant_magerr,ant_passband,ant_survey
19.447900772094727,58541.23618059978,0.1114400029182434,g,1
18.571800231933594,58556.20711810003,0.0793130025267601,R,1
18.64739990234375,58556.27033559977,0.10107900202274324,g,1
18.646799087524414,58561.17908560018,0.15262800455093384,R,1
19.52989959716797,58567.16966440016,0.13593100011348724,g,1
19.27669906616211,58575.14937500004,0.20548200607299805,R,1
20.20159912109375,58575.2053704001,0.3798359930515289,g,1
19.795564651489254,58584.156446800094,0.216869592666626,R,1
