ant_mag,ant_mjd,ant_magerr,ant_passband,ant_survey
19.272199630737305,58688.40393520008,0.10165899991989136,R,1
19.32150077819824,58688.44733799994,0.13045799732208252,g,1
18.87989997863769,58691.40325229988,0.07335499674081802,R,1
19.026599884033203,58691.4495139001,0.09841500222682953,g,1
18.793100357055664,58694.40621529985,0.07322999835014342,R,1
18.826900482177734,58694.447418999865,0.0706150010228157,g,1
18.7549991607666,58697.40807869983,0.06598900258541107,R,1
18.907100677490234,58697.47299769986,0.09102699905633926,g,1
18.818599700927734,58700.448425900184,0.07371199876070023,R,1
19.0580997467041,58700.47255790001,0.0788939967751503,g,1
19.064699172973636,58703.43107639997,0.08040499687194824,R,1
19.393400192260746,58703.4675925998,0.10116200149059296,g,1
19.2273006439209,58706.40859950008,0.07964300364255905,R,1
19.93910026550293,58709.476296300076,0.2419620007276535,g,1
19.965778350830078,58724.405520800035,0.15098121762275696,R,1
