ant_mag,ant_mjd,ant_magerr,ant_passband,ant_survey
19.831104278564453,58322.182766200036,0.17064984142780304,g,1
20.039203643798828,58322.246886599816,0.19776277244091034,R,1
19.202327728271484,58327.17464119988,0.16600242257118225,g,1
19.080812454223636,58331.183252300136,0.08629939705133438,R,1
19.065542221069336,58337.174409700085,0.07978656888008118,g,1
19.05924797058105,58343.15494209993,0.09550368040800096,R,1
19.48667526245117,58346.15218750015,0.13546553254127502,g,1
19.474233627319336,58350.15737270005,0.1283450722694397,R,1
20.15749931335449,58350.239699100144,0.2831510007381439,g,1
20.1971378326416,58361.142407400075,0.19969400763511655,R,1
20.84819984436035,58361.15495370002,0.3452579975128174,g,1
20.1193962097168,58370.137534699876,0.1918804943561554,R,1
