time,mag,magerr,band
58305.21702549979,19.687700271606445,0.1638980060815811,g
58305.34067129996,19.393800735473636,0.1620589941740036,R
58308.20372689981,19.138900756835938,0.1062280014157295,g
58308.24310189998,18.747800827026367,0.0759589970111846,R
58319.19820600003,19.062686920166016,0.1483834236860275,g
58319.254791699816,18.82266616821289,0.0982970595359802,R
58322.20070599997,19.30402946472168,0.1346318274736404,g
58346.17971060006,19.853883743286133,0.179067000746727,R
