time,mag,magerr,band
58777.28453700012,18.78779983520508,0.1026189997792244,R
58788.19197920011,18.84569931030273,0.1068729981780052,g
58790.19765050011,18.191600799560547,0.0662280023097992,R
58791.27429400012,18.959199905395508,0.0938540026545524,g
58791.341319399886,18.20800018310547,0.0645970031619072,R
58794.19120369991,19.10790061950684,0.1280020028352737,g
58801.30804400006,18.781200408935547,0.1537369936704635,R
58802.22951389989,19.69070053100586,0.1763409972190857,g
58812.22795139998,18.7781925201416,0.0842036828398704,R
