time,mag,magerr,band
58369.12802080018,18.74668312072754,0.0951089784502983,R
58369.22738429997,19.07427215576172,0.1369068324565887,g
58373.126250000205,18.89119529724121,0.0975890830159187,R
58373.20490740007,19.52264404296875,0.1614167392253875,g
