time,mag,magerr,band
58441.44253470004,19.388500213623047,0.1521909981966018,g
58447.37767359987,19.00029945373535,0.1640760004520416,R
58450.40024309978,18.655500411987305,0.1138179972767829,g
58456.27393520018,18.735300064086918,0.0847800001502037,R
58462.33695599996,19.07830047607422,0.2040839940309524,g
58466.23607640015,19.190399169921875,0.20448699593544,R
58469.17383099999,19.495399475097656,0.1554200053215026,g
58480.29759259988,19.646032333374023,0.1644882559776306,R
