ant_mag,ant_mjd,ant_magerr,ant_passband,ant_survey
21.0359001159668,58308.20372689982,0.283284991979599,g,1
19.587406158447266,58314.21581020019,0.09455843269824983,R,1
18.88558006286621,58319.19820600003,0.12634257972240448,g,1
19.086902618408203,58319.254791699816,0.0967291072010994,R,1
18.74029922485352,58322.200705999974,0.10211177915334703,g,1
18.966407775878906,58322.254733799964,0.08117172867059708,R,1
18.799396514892575,58325.20340280003,0.09525509178638457,g,1
18.82569122314453,58325.22325230017,0.1433507353067398,R,1
18.8057918548584,58328.1822453998,0.09443142265081406,g,1
18.9442138671875,58331.19623839995,0.08707039058208466,R,1
19.021833419799805,58331.23822919978,0.093117818236351,g,1
19.14608764648437,58334.164583299775,0.1017649918794632,R,1
19.477020263671875,58337.180555600215,0.0897640511393547,g,1
19.486379623413086,58340.18288190012,0.13172240555286407,R,1
19.63450050354004,58340.327048600186,0.3028070032596588,g,1
19.55097770690918,58343.160023100216,0.09544957429170607,R,1
20.565200805664066,58346.15645830008,0.21881599724292755,g,1
20.245267868041992,58365.158819399774,0.18001826107501984,R,1
