ant_mag,ant_mjd,ant_magerr,ant_passband,ant_survey
19.12159919738769,58751.40456019994,0.10806199908256532,g,1
18.667600631713867,58758.317395799786,0.08194100111722946,R,1
18.8887996673584,58761.28296299977,0.09345000237226486,g,1
18.827600479125977,58761.360324100126,0.10324200242757796,R,1
19.40142059326172,58766.16340279997,0.20544615387916565,g,1
