time,mag,magerr,band
58714.33851849986,19.478599548339844,0.157599002122879,R
58717.37810190022,18.873699188232425,0.1588329970836639,g
58720.37144679995,18.746700286865234,0.1216309964656829,R
58726.24267360009,18.422100067138672,0.0758759975433349,g
58732.23171300022,18.49139976501465,0.0907370001077652,R
58743.20662039984,19.291900634765625,0.1600179970264434,g
58747.2515741,19.145299911499023,0.1445199996232986,R
58747.275914399885,20.276899337768555,0.3280659914016723,g
58750.25307870004,19.158071517944336,0.1363967806100845,R
