time,mag,magerr,band
58546.26131939981,19.121341705322266,0.1093386560678482,g
