ant_mag,ant_mjd,ant_magerr,ant_passband,ant_survey
20.545499801635746,58665.474780099925,0.21847699582576752,g,1
19.28470039367676,58668.359502300154,0.13127200305461886,R,1
19.30970001220703,58668.449641199775,0.08458299934864044,g,1
18.697599411010746,58671.432094899945,0.16345199942588806,R,1
18.43709945678711,58677.462858799845,0.050627999007701874,g,1
18.35300064086914,58677.48244210008,0.07117199897766112,R,1
18.53809928894043,58680.461041700095,0.08412899821996689,g,1
18.5718994140625,58683.42048610003,0.09245400130748747,R,1
18.86039924621582,58686.48158559995,0.08878400176763535,g,1
19.011999130249023,58690.40278939996,0.09074900299310684,R,1
19.313600540161133,58690.455659700085,0.0824659988284111,g,1
19.13640022277832,58693.39060189994,0.07815200090408325,R,1
19.63159942626953,58693.41329859988,0.09017500281333923,g,1
19.29010009765625,58696.38817129983,0.0980060026049614,R,1
20.491600036621094,58699.421817100134,0.16683900356292725,g,1
19.801034927368164,58707.47825230006,0.1761966347694397,R,1
