ant_mag,ant_mjd,ant_magerr,ant_passband,ant_survey
18.768699645996094,58712.164919000126,0.09047500044107436,g,1
18.49720001220703,58712.24773149983,0.06275399774312973,R,1
18.66550064086914,58715.24684030004,0.0805559977889061,g,1
18.342500686645508,58715.328611100085,0.07252100110054016,R,1
18.652700424194336,58722.24944439996,0.07646100223064423,g,1
18.685300827026367,58734.143194399774,0.09485500305891036,R,1
19.718900680541992,58737.131284699775,0.17602500319480896,g,1
18.82704162597656,58740.26761570013,0.1234593316912651,R,1
20.171510696411133,58743.141620399896,0.19904159009456635,g,1
