ant_mag,ant_mjd,ant_magerr,ant_passband,ant_survey
19.80139923095703,58636.211342600174,0.18837900459766388,R,1
18.89929962158203,58639.252338000115,0.08795300126075745,g,1
18.548099517822266,58642.271805599805,0.06505200266838074,R,1
18.1609001159668,58645.231099499855,0.06671900302171707,g,1
18.298200607299805,58645.29506940022,0.07362300157546997,R,1
18.105300903320312,58652.172268500086,0.07103800028562546,g,1
18.221599578857425,58655.19212959986,0.06904999911785126,R,1
18.346599578857425,58658.211331000086,0.08306600153446198,g,1
18.52239990234375,58661.19052080018,0.09525199979543686,R,1
18.88159942626953,58665.190173599876,0.1014769971370697,g,1
18.851600646972656,58671.20783559977,0.10827600210905076,R,1
19.659500122070312,58674.204942100216,0.15699699521064758,g,1
18.92729949951172,58674.22372689982,0.12118200212717055,R,1
20.57559967041016,58686.189988399856,0.4444969892501831,g,1
19.28730773925781,58692.17480320018,0.19125337898731232,R,1
20.5359001159668,58692.19076390006,0.2743600010871887,g,1
19.43961906433105,58695.222337999854,0.17730100452899933,R,1
