ant_mag,ant_mjd,ant_magerr,ant_passband,ant_survey
19.951000213623047,58833.26505789999,0.2111240029335022,R,1
19.202899932861328,58837.21675929987,0.11625199764966965,g,1
19.338600158691406,58837.237800899886,0.12409500032663345,R,1
18.968000411987305,58846.230405100156,0.08058899641036987,g,1
19.058000564575195,58850.143032399945,0.1397790014743805,R,1
19.022899627685547,58856.122083299786,0.1399189978837967,g,1
19.17040061950684,58856.168842600186,0.16365200281143188,R,1
19.4552001953125,58859.127916700214,0.20393800735473636,g,1
19.349899291992188,58861.19270829996,0.2576090097427368,R,1
19.935699462890625,58862.147002299775,0.15842999517917633,g,1
19.690000534057614,58867.23143520019,0.1701669991016388,R,1
20.934799194335934,58876.16077549989,0.3447630107402801,g,1
19.855504989624023,58877.16015050002,0.17168809473514554,R,1
