ant_mag,ant_mjd,ant_magerr,ant_passband,ant_survey
19.121341705322266,58546.26131939981,0.1093386560678482,g,1
