ant_mag,ant_mjd,ant_magerr,ant_passband,ant_survey
20.119699478149414,58751.17246530019,0.2523329854011536,R,1
20.03619956970215,58751.20126160002,0.21647800505161285,g,1
18.53219985961914,58754.172164400115,0.07336299866437912,R,1
18.46929931640625,58754.20106479991,0.0764010027050972,g,1
17.448699951171875,58760.173796299845,0.041455000638961785,R,1
17.350299835205078,58760.20259260014,0.04605700075626373,g,1
17.372100830078125,58761.172824100126,0.04431299865245819,R,1
17.257200241088867,58761.2016551001,0.04726500064134598,g,1
17.29789924621582,58762.172569400165,0.03958399966359138,R,1
17.18549919128418,58762.20089119999,0.048121001571416855,g,1
17.27039909362793,58763.17391199991,0.05023299902677536,R,1
17.118799209594727,58764.357453700155,0.06112200021743775,g,1
17.799299240112305,58781.24546300016,0.05095199868083,R,1
18.124399185180664,58785.217777799815,0.07535500079393387,g,1
17.925500869750977,58785.244919000186,0.05121000111103058,R,1
18.38520050048828,58788.20535880001,0.07846400141716002,g,1
17.985700607299805,58791.109629599836,0.049323000013828285,R,1
18.593700408935547,58791.25498839981,0.09446199983358383,g,1
17.935699462890625,58794.12089119991,0.062394000589847565,R,1
18.85610008239746,58796.18201390003,0.14992499351501465,g,1
18.003700256347656,58797.11105319997,0.06339400261640549,R,1
18.95249938964844,58797.20335649978,0.14149299263954165,g,1
18.092199325561523,58799.21417819987,0.08513200283050537,R,1
19.08989906311035,58800.174965300124,0.20174500346183774,g,1
18.30419921875,58801.267164399855,0.08030600100755693,R,1
19.34140014648437,58803.17586810003,0.2153930068016052,g,1
18.144899368286133,58803.25297449995,0.14880099892616272,R,1
19.5664005279541,58806.17899309984,0.173566997051239,g,1
18.814599990844727,58811.144838000175,0.0765170007944107,R,1
19.680299758911133,58812.159837999854,0.12822699546813965,g,1
19.0531005859375,58819.10488429992,0.2043319940567017,R,1
19.780099868774414,58819.16916669997,0.20353899896144867,g,1
19.527700424194336,58831.086631900165,0.13426800072193146,R,1
19.84720039367676,58831.106898100115,0.2298399955034256,g,1
19.555200576782227,58838.09524310008,0.12418100237846375,R,1
20.17272186279297,58846.099768499844,0.16915543377399445,g,1
