ant_mag,ant_mjd,ant_magerr,ant_passband,ant_survey
19.190200805664066,58597.245104200214,0.08865299820899962,R,1
19.175199508666992,58597.27377310023,0.10511700063943864,g,1
19.04319953918457,58597.329942100216,0.11387299746274948,R,1
18.95560073852539,58605.23387729983,0.08082400262355804,g,1
18.77779960632324,58608.233935200136,0.0605200007557869,R,1
19.292800903320312,58612.172338000026,0.06881900131702423,g,1
20.244014739990234,58642.21466440009,0.19367054104804995,R,1
