ant_mag,ant_mjd,ant_magerr,ant_passband,ant_survey
18.811399459838867,58336.23967589997,0.07012499868869781,g,1
18.864900588989254,58340.17767360015,0.11927858740091325,R,1
18.517000198364254,58344.164930600215,0.07356800138950348,g,1
18.75819969177246,58344.18381940015,0.09286999702453612,R,1
18.76972007751465,58351.31190969981,0.10812122374773027,g,1
19.05089569091797,58357.297881899874,0.175419881939888,R,1
19.795793533325195,58363.18024310004,0.13705451786518094,g,1
