time,mag,magerr,band
58850.10555560002,18.53400039672852,0.1811729967594146,R
58859.08711809991,18.609699249267575,0.1256590038537979,g
58861.22704860009,18.69129943847656,0.1221100017428398,R
58862.141932900064,18.845800399780277,0.0749740004539489,g
58875.12109949999,19.357999801635746,0.1012379974126815,R
58875.15018519992,19.870899200439453,0.1671870052814483,g
58894.128043999895,19.98856544494629,0.1494409143924713,R
