ant_mag,ant_mjd,ant_magerr,ant_passband,ant_survey
19.71603202819824,58362.153888899826,0.13859988749027252,R,1
20.171878814697266,59411.193148099825,0.20980581641197205,g,1
