ant_mag,ant_mjd,ant_magerr,ant_passband,ant_survey
20.681699752807614,58311.23362269998,0.3401040136814117,g,1
18.283079147338867,58324.16998839984,0.0683249682188034,R,1
18.04290008544922,58327.17003470008,0.08563400059938431,g,1
18.104724884033203,58327.27771990001,0.09273350983858107,R,1
18.13351821899414,58330.20453700004,0.08766262233257294,g,1
18.37019920349121,58333.16582180001,0.08198300004005432,R,1
18.38920021057129,58336.187557899866,0.06958899646997453,g,1
18.83639907836914,58343.1531134001,0.08258400112390518,R,1
19.239599227905273,58346.150069400195,0.1573999971151352,g,1
18.879920959472656,58346.172002300154,0.08536072820425034,R,1
19.37030029296875,58350.236909700085,0.1626249998807907,g,1
19.378664016723636,58362.140891199924,0.15014682710170746,R,1
