ant_mag,ant_mjd,ant_magerr,ant_passband,ant_survey
19.539899826049805,58778.31504630017,0.26911500096321106,R,1
19.40439987182617,58781.210682900164,0.20136399567127228,g,1
19.46689987182617,58781.29028940015,0.2782450020313263,R,1
19.11409950256348,58789.20744210017,0.1168610006570816,g,1
18.94669914245605,58792.14693289995,0.1085909977555275,R,1
19.148500442504886,58792.19087960013,0.13900800049304962,g,1
19.498035430908203,58806.21033560018,0.1378360539674759,R,1
