ant_mag,ant_mjd,ant_magerr,ant_passband,ant_survey
18.325897216796875,59198.47732640012,0.10983367264270782,R,1
17.76517105102539,59200.46344910003,0.08129135519266129,g,1
17.27242088317871,59203.473842599895,0.050675805658102036,R,1
17.234624862670902,59215.42201389978,0.07908430695533752,g,1
17.21487045288086,59215.442638900124,0.057400979101657874,R,1
17.611482620239258,59219.408738399856,0.06418177485466002,g,1
17.643817901611328,59221.42788190022,0.10402793437242508,R,1
17.9596004486084,59223.39778940008,0.07370200008153915,g,1
17.94179916381836,59225.41353010014,0.05734999850392341,R,1
18.63400077819824,59227.440173599876,0.11935299634933473,g,1
18.67993927001953,59258.34060190013,0.1251404732465744,R,1
18.97129440307617,59278.26177080022,0.16491013765335086,g,1
18.587228775024414,59342.29017359996,0.16658024489879608,R,1
