ant_mag,ant_mjd,ant_magerr,ant_passband,ant_survey
18.83760070800781,58508.46997690015,0.12292800098657608,R,1
19.2189998626709,58511.434641200125,0.1218239963054657,g,1
17.328500747680664,58514.41112270019,0.04680600017309189,R,1
18.92840003967285,58534.26962959999,0.2306099981069565,g,1
18.1560001373291,58538.22459489992,0.21389499306678766,R,1
19.291799545288086,58538.28243059991,0.23520100116729736,g,1
19.010534286499023,58559.259687500075,0.19562946259975436,R,1
