time,mag,magerr,band
58775.186550899874,18.949800491333008,0.1291210055351257,g
58782.32954860013,18.092300415039062,0.0610340014100074,R
58788.192881899886,17.87420082092285,0.0850030034780502,g
58788.2532060002,17.9153995513916,0.073633000254631,R
58791.27200229978,18.09630012512207,0.0688150003552436,g
58794.2978356001,18.129499435424805,0.0661289989948272,R
58806.19040510012,19.369600296020508,0.1532589942216873,g
58811.14851849992,18.73695182800293,0.0980358645319938,R
