ant_mag,ant_mjd,ant_magerr,ant_passband,ant_survey
19.832199096679688,58482.47631940013,0.15743200480937958,R,1
19.613399505615234,58482.525567099925,0.21399100124835968,g,1
19.29010009765625,58486.50107639981,0.10784000158309937,R,1
18.74220085144043,58491.481608800124,0.18076899647712708,g,1
19.04170036315918,58491.52418980002,0.1097000017762184,R,1
18.69230079650879,58492.539548600085,0.08403900265693665,g,1
18.914899826049805,58493.4750926001,0.06682199984788895,R,1
18.99810028076172,58502.45804399997,0.1868409961462021,g,1
18.993600845336914,58502.525069400195,0.09291800111532213,R,1
19.310300827026367,58505.456550899886,0.2596159875392914,g,1
19.295299530029297,58509.48113430013,0.15803000330924988,R,1
19.7814998626709,58511.473657399874,0.19384600222110748,g,1
19.57979965209961,58513.42760419985,0.12361600250005722,R,1
20.592899322509766,58522.466342600055,0.2559120059013367,g,1
19.973154067993164,58522.528333299786,0.17266830801963806,R,1
