ant_mag,ant_mjd,ant_magerr,ant_passband,ant_survey
19.00189971923828,58541.47437500022,0.18201600015163424,g,1
18.823299407958984,58541.55268519978,0.1444689929485321,R,1
19.19879913330078,58547.366111100186,0.16257399320602414,g,1
19.42350006103516,58557.42679399997,0.16836699843406674,R,1
20.007099151611328,58557.47484950023,0.20783500373363492,g,1
19.59029960632324,58560.42662040005,0.14236900210380554,R,1
20.19289970397949,58560.49456019978,0.22985099256038666,g,1
20.0240421295166,58575.42453699977,0.1469842791557312,R,1
