ant_mag,ant_mjd,ant_magerr,ant_passband,ant_survey
19.8346004486084,58774.143194399774,0.1921979933977127,R,1
20.16699981689453,58774.17075229995,0.2627530097961426,g,1
19.572999954223636,58775.14291669987,0.1443440020084381,R,1
19.878299713134766,58775.17084489996,0.17250800132751465,g,1
19.364299774169922,58777.142546299845,0.16663700342178345,R,1
19.561199188232425,58777.17053239979,0.15007799863815308,g,1
19.264400482177734,58778.142754599925,0.13006000220775604,R,1
19.359500885009766,58779.17055559997,0.17272800207138062,g,1
19.202899932861328,58781.14245369983,0.2280469983816147,R,1
19.355199813842773,58781.17004630017,0.2394620031118393,g,1
18.986099243164066,58782.14156250004,0.1232530027627945,R,1
19.28770065307617,58782.16886569979,0.1571040004491806,g,1
18.94610023498535,58783.14276620001,0.13340499997138974,R,1
19.267799377441406,58783.169930600096,0.14078199863433838,g,1
18.92329978942871,58785.142407400075,0.1173430010676384,R,1
19.25,58785.16964119999,0.1280210018157959,g,1
18.971799850463867,58786.14931710018,0.11561000347137453,R,1
19.242300033569336,58786.176088000175,0.21972399950027466,g,1
19.048999786376953,58787.141678200096,0.18566200137138367,R,1
19.245899200439453,58787.16840279987,0.15376299619674685,g,1
18.894399642944336,58788.142569399904,0.15147900581359866,R,1
19.218599319458008,58788.16932869983,0.1453309953212738,g,1
18.96769905090332,58789.14295140003,0.12922799587249756,R,1
19.26259994506836,58789.169745400075,0.14955200254917145,g,1
18.959299087524414,58791.090636599816,0.13292500376701355,R,1
19.26569938659668,58791.148726900115,0.13665199279785156,g,1
18.9414005279541,58792.1146296002,0.11343199759721755,R,1
19.35689926147461,58792.19494209997,0.1562959998846054,g,1
19.032899856567386,58793.098888900124,0.12916000187397006,R,1
19.60449981689453,58793.155381899785,0.2472389936447144,g,1
19.12360000610352,58794.103506899904,0.13618899881839752,R,1
19.274700164794922,58794.137222200174,0.1798750013113022,g,1
19.116500854492188,58795.09913189989,0.12972000241279602,R,1
19.345600128173828,58795.133206000086,0.2044229954481125,g,1
19.108800888061523,58796.10250000004,0.1492840051651001,R,1
19.491600036621094,58796.13817129983,0.24557000398635864,g,1
19.14240074157715,58797.09517360013,0.14273500442504886,R,1
19.595800399780273,58798.108298600186,0.2389930039644241,g,1
19.60988044738769,58811.123622700106,0.20760102570056915,R,1
