time,mag,magerr,band
58714.2442361,19.311500549316406,0.1278010010719299,g
58717.31378469989,19.0403995513916,0.1156859993934631,R
58732.18842589995,18.71080017089844,0.1111330017447471,g
58747.25018520001,19.36389923095703,0.1547199934720993,R
58747.27636570018,20.089000701904297,0.2682839930057525,g
58758.2765740999,19.65911293029785,0.2090854942798614,R
