time,mag,magerr,band
58593.31622690009,19.56369972229004,0.323058009147644,R
58596.231099499855,19.055500030517575,0.0927880033850669,g
58596.3336920999,19.19910049438477,0.1092479974031448,R
58600.23315969994,18.69420051574707,0.0808150023221969,g
58606.2723842999,18.73150062561035,0.0991389974951744,R
58606.37934029987,18.813800811767575,0.0887399986386299,g
58612.24928240013,19.0531005859375,0.0938500016927719,R
58612.2734375,19.257699966430664,0.1086769998073577,g
58636.20371530019,20.198287963867188,0.1960182785987854,R
