ant_mag,ant_mjd,ant_magerr,ant_passband,ant_survey
19.43400001525879,58691.40657409978,0.13321499526500702,R,1
19.529199600219727,58691.459571800195,0.12355100363492964,g,1
19.101200103759766,58694.38936340017,0.10936900228261948,R,1
19.100799560546875,58694.429629600134,0.08127900213003159,g,1
18.90329933166504,58698.43278940023,0.07969900220632553,R,1
19.10300064086914,58707.39673609985,0.1239439994096756,g,1
19.252500534057614,58714.37749999993,0.14892999827861786,R,1
19.490800857543945,58714.47807870014,0.3274869918823242,g,1
19.99650764465332,58735.370624999974,0.20367753505706787,R,1
