ant_mag,ant_mjd,ant_magerr,ant_passband,ant_survey
21.022899627685547,58522.54114580015,0.3249759972095489,R,1
19.36669921875,58526.470358800136,0.13473600149154666,g,1
18.134300231933594,58538.48091439996,0.10487599670886992,R,1
18.023500442504886,58541.41958330013,0.06534899771213531,g,1
18.18409919738769,58541.4818171002,0.05437900125980377,R,1
18.30739974975586,58547.35740739992,0.06398700177669525,g,1
18.84499931335449,58556.43728009983,0.07854600250720978,R,1
19.385299682617188,58560.288009299904,0.196492999792099,g,1
19.006799697875977,58567.378078700036,0.09870799630880356,R,1
19.836700439453125,58567.45953699992,0.1793700009584427,g,1
19.798999786376953,58583.33364580013,0.2635670006275177,R,1
20.842899322509766,58583.375,0.350957989692688,g,1
20.350116729736328,58602.29637729983,0.19555585086345675,R,1
