ant_mag,ant_mjd,ant_magerr,ant_passband,ant_survey
18.803699493408203,58772.536898099825,0.11599499732255936,R,1
18.23970031738281,58775.42711810023,0.06669799983501434,g,1
17.671899795532227,58778.49347219988,0.061289001256227486,R,1
17.736900329589844,58778.51245369995,0.057392001152038574,g,1
17.492700576782227,58784.513726899866,0.08943700045347214,R,1
17.844200134277344,58788.51059029997,0.059780001640319824,g,1
18.13319969177246,58794.539548600085,0.05888799950480461,R,1
18.935300827026367,58798.54871529992,0.13971799612045288,g,1
18.29898452758789,58799.370844900135,0.09706824272871016,R,1
