ant_mag,ant_mjd,ant_magerr,ant_passband,ant_survey
18.011600494384766,58635.26216439996,0.06464000046253204,R,1
18.886699676513672,58641.192291699816,0.1083500012755394,g,1
18.119699478149414,58641.28155090008,0.0700870007276535,R,1
18.94540023803711,58644.19028940005,0.10618399828672408,g,1
18.69059944152832,58650.257916700095,0.1257759928703308,R,1
19.96419906616211,58657.19456019998,0.2563830018043518,g,1
19.567983627319336,58679.19354170003,0.2165818810462952,R,1
