ant_mag,ant_mjd,ant_magerr,ant_passband,ant_survey
19.389299392700195,58715.44385420019,0.11950299888849257,R,1
18.73579978942871,58718.44288189989,0.08930999785661697,g,1
18.530000686645508,58718.48249999993,0.08638100326061249,R,1
17.820199966430664,58724.471203700174,0.04252199828624725,g,1
17.721099853515625,58724.488356499925,0.03882599994540215,R,1
17.691499710083008,58727.4713773001,0.05445199832320213,g,1
17.578699111938473,58727.49767359997,0.048289000988006585,R,1
17.69499969482422,58732.42317129998,0.05551699921488762,g,1
17.518699645996097,58732.488761600114,0.04389199987053871,R,1
17.80579948425293,58735.45068289992,0.058678001165390015,g,1
17.539800643920902,58735.49412039992,0.04734500125050545,R,1
17.880699157714844,58738.495555600144,0.05874599888920784,g,1
17.838499069213867,58741.4467823999,0.05354300141334534,R,1
18.1737003326416,58741.51908560004,0.12014900147914885,g,1
18.069700241088867,58744.44633099996,0.06564600020647049,R,1
18.359899520874023,58744.488495400175,0.07538499683141707,g,1
18.195899963378906,58747.47124999993,0.06793499737977983,R,1
18.910200119018555,58750.378402799826,0.08121199905872345,g,1
18.212799072265625,58750.47004629998,0.051539000123739236,R,1
19.390600204467773,58756.40998840006,0.1126210018992424,g,1
18.350099563598636,58759.383298600085,0.05084199830889702,R,1
19.992300033569336,58763.424328700174,0.16061200201511386,g,1
18.653200149536133,58763.48620369983,0.07963600009679794,R,1
20.040599822998047,58766.455046299845,0.18033599853515625,g,1
19.343900680541992,58778.388136600144,0.13747599720954895,R,1
20.166799545288086,58781.40825230022,0.2409690022468567,g,1
19.698200225830078,58796.33177080005,0.1910499930381775,R,1
20.291900634765625,58805.206956000075,0.23785799741744995,g,1
19.900371551513672,58812.236319399904,0.20974960923194885,R,1
