ant_mag,ant_mjd,ant_magerr,ant_passband,ant_survey
19.739999771118164,58580.256759299904,0.12754100561141968,g,1
19.07740020751953,58583.276296299875,0.10323099792003633,R,1
18.72830009460449,58585.226620399866,0.08144699782133102,g,1
18.88599967956543,58586.2331249998,0.0756480023264885,R,1
18.62299919128418,58586.25840280019,0.07541999965906143,g,1
18.6963005065918,58589.25753469997,0.14104700088500974,R,1
18.236900329589844,58592.191527800176,0.11864099651575087,g,1
18.53809928894043,58593.27975689992,0.09239599853754044,R,1
18.52580070495605,58596.21252309997,0.07459499686956406,g,1
18.61669921875,58597.24781250022,0.0708639994263649,R,1
18.57270050048828,58599.191076400224,0.08006899803876877,g,1
18.99040031433105,58606.206168999895,0.10829299688339232,R,1
19.25919914245605,58609.21121530003,0.11070399731397627,g,1
19.30389976501465,58612.211608800106,0.08981800079345703,R,1
19.541099548339844,58612.25596059999,0.11354999989271165,g,1
19.46339988708496,58616.15283560008,0.19784900546073916,R,1
19.519500732421875,58616.210763900075,0.2837330102920532,g,1
20.005699157714844,58633.20030089981,0.14141300320625305,R,1
20.835599899291992,58633.24624999985,0.29491400718688965,g,1
20.488285064697266,58639.17670139996,0.18632514774799347,R,1
