ant_mag,ant_mjd,ant_magerr,ant_passband,ant_survey
19.748199462890625,58781.48732639988,0.22445400059223172,R,1
19.30780029296875,58784.46416669991,0.17656700313091278,g,1
19.38450050354004,58784.512349499855,0.2845099866390228,R,1
18.83609962463379,58790.349027799915,0.07246299833059311,g,1
18.83270072937012,58793.5114352,0.09485100209712982,R,1
18.9109001159668,58796.26434030012,0.14443199336528778,g,1
18.94569969177246,58799.45495369983,0.10175599902868272,R,1
19.027299880981445,58799.534328700036,0.12988799810409546,g,1
18.948999404907227,58801.331608800225,0.12216100096702576,R,1
19.178699493408203,58802.23136569979,0.1923470050096512,g,1
19.228599548339844,58805.38168979995,0.12483499944210052,R,1
19.9603214263916,58811.43059029988,0.17586982250213626,g,1
