ant_mag,ant_mjd,ant_magerr,ant_passband,ant_survey
18.73909950256348,58846.55541669997,0.07474800199270247,g,1
18.489200592041016,58850.515138899915,0.098131000995636,R,1
18.55270004272461,58850.54986110004,0.08239299803972244,g,1
18.43239974975586,58852.56880789995,0.05732100084424019,R,1
18.469900131225586,58853.528830999974,0.050464000552892685,g,1
18.428600311279297,58853.55446759983,0.0569240003824234,R,1
18.625900268554688,58856.55718749993,0.0791739970445633,g,1
18.55069923400879,58859.49607639993,0.12088900059461595,R,1
19.290912628173828,58863.451562500086,0.19822219014167786,g,1
