time,mag,magerr,band
58788.334074100014,18.879499435424805,0.0988669991493225,R
58791.31545139989,18.56839942932129,0.0887399986386299,g
58791.46930560004,18.640899658203125,0.0777679979801178,R
58799.50678239996,18.693500518798828,0.1597339957952499,g
58806.32831020001,18.8302001953125,0.0835959985852241,R
58806.37628469989,18.950899124145508,0.104323998093605,g
58836.42004630016,19.9643497467041,0.1697638630867004,R
