ant_mag,ant_mjd,ant_magerr,ant_passband,ant_survey
18.94837188720703,58332.24519680021,0.09383832663297652,g,1
19.168182373046875,58345.32829859993,0.09008930623531343,R,1
19.700258255004886,58348.36429399997,0.14082792401313782,g,1
