ant_mag,ant_mjd,ant_magerr,ant_passband,ant_survey
19.95709991455078,58294.18697920023,0.27292099595069885,g,1
19.090578079223636,58300.1869907002,0.08479150384664537,R,1
18.623266220092773,58303.21673610015,0.058894101530313485,g,1
18.70669937133789,58306.19400459993,0.08615799993276596,R,1
18.539400100708008,58306.22081020009,0.08555799722671509,g,1
18.812400817871094,58312.196562500205,0.07651600241661073,R,1
19.21739959716797,58319.18549769978,0.17382200062274933,g,1
19.581600189208984,58330.29752309992,0.2772409915924072,R,1
20.448400497436523,58336.18518520008,0.3239249885082245,g,1
20.201791763305664,58344.18143519992,0.2129037231206894,R,1
