ant_mag,ant_mjd,ant_magerr,ant_passband,ant_survey
19.8526668548584,59230.288773099885,0.14563143253326416,R,1
19.90398597717285,59230.413796300076,0.17448484897613525,g,1
19.21346092224121,59232.328819400165,0.10468392819166183,R,1
18.32221984863281,59248.22807870014,0.06273224949836731,g,1
18.297800064086914,59250.22943289997,0.08172400295734407,R,1
18.424007415771484,59250.260902800124,0.08269540965557097,g,1
18.43595314025879,59252.20385419997,0.045398566871881485,R,1
18.751129150390625,59252.266863400124,0.11141890287399292,g,1
18.55034828186035,59254.19564810023,0.050692036747932434,R,1
19.052026748657227,59254.22747689997,0.12238781154155733,g,1
18.71845817565918,59256.21406249981,0.04770443588495255,R,1
19.210588455200195,59256.29585650005,0.12127705663442613,g,1
18.763595581054688,59263.234814799864,0.10073789209127426,R,1
19.798900604248047,59263.27733800002,0.2294739931821823,g,1
19.790367126464844,59278.185000000056,0.1648821383714676,R,1
