ant_mag,ant_mjd,ant_magerr,ant_passband,ant_survey
20.408899307250977,58727.446296299815,0.2334010004997253,g,1
19.503000259399414,58730.4250115999,0.1030530035495758,R,1
19.283700942993164,58730.47591440008,0.1348160058259964,g,1
18.8656005859375,58733.40927080018,0.06383199989795685,R,1
18.640199661254886,58733.444513900205,0.07507599890232086,g,1
18.50230026245117,58736.430208299775,0.043960001319646835,R,1
18.378299713134766,58736.463391200174,0.06676899641752243,g,1
18.34040069580078,58739.401481499895,0.0897350013256073,R,1
18.26930046081543,58739.51675930014,0.09094200283288956,g,1
18.31209945678711,58743.3582870001,0.10109099745750427,R,1
18.33489990234375,58746.390393500216,0.07509300112724304,g,1
18.49519920349121,58749.299444399774,0.07349999994039537,R,1
18.44230079650879,58749.32465279987,0.07605800032615663,g,1
18.947799682617188,58757.3322222,0.09545499831438063,R,1
19.07159996032715,58757.4107638998,0.11950500309467316,g,1
19.039400100708008,58760.32697919988,0.060029000043869025,R,1
19.309999465942386,58760.37219909997,0.10882099717855452,g,1
19.07570075988769,58763.34937500022,0.06948500126600267,R,1
19.57819938659668,58763.3921991,0.14772599935531616,g,1
19.131200790405273,58764.13504630001,0.1299089938402176,R,1
19.88500022888184,58764.16840279987,0.25467199087142944,g,1
19.18779945373535,58765.13524310011,0.18220099806785586,R,1
19.662900924682614,58765.16921300023,0.20580799877643585,g,1
19.14229965209961,58766.13546299982,0.18720600008964536,R,1
19.768800735473636,58766.16776619991,0.3377070128917694,g,1
19.276199340820312,58774.136851899784,0.15189200639724731,R,1
20.246700286865234,58774.16498839995,0.2745470106601715,g,1
19.410200119018555,58775.136585600216,0.138933002948761,R,1
20.643999099731445,58775.16509260005,0.3022100031375885,g,1
19.5049991607666,58776.136377300136,0.17436900734901428,R,1
20.488100051879886,58776.164328699924,0.27540698647499084,g,1
19.570199966430664,58777.136793999925,0.17249199748039246,R,1
20.06170082092285,58777.16476849979,0.3079499900341034,g,1
19.58300018310547,58778.13697919994,0.16302600502967834,R,1
20.570499420166016,58778.16496529988,0.2503089904785156,g,1
19.8995361328125,58783.13700230001,0.2105006277561188,R,1
