ant_mag,ant_mjd,ant_magerr,ant_passband,ant_survey
19.28619956970215,58783.08540510014,0.1315010040998459,R,1
19.353099822998047,58783.10640050005,0.12701700627803802,g,1
18.328899383544922,58787.118460599806,0.08328600227832794,R,1
18.05220031738281,58790.09861110012,0.0657069981098175,g,1
17.80430030822754,58795.08671300019,0.06556300073862076,R,1
17.81679916381836,58795.12831019983,0.06466799974441527,g,1
17.96179962158203,58801.07666670019,0.06962200254201889,R,1
19.24570846557617,58812.123645800166,0.14082656800746918,g,1
