ant_mag,ant_mjd,ant_magerr,ant_passband,ant_survey
18.913799285888672,58714.24468749993,0.1232059970498085,g,1
18.993799209594727,58714.33851849986,0.10968700051307677,R,1
19.746192932128906,58726.242673600085,0.18427617847919464,g,1
