ant_mag,ant_mjd,ant_magerr,ant_passband,ant_survey
18.299800872802734,58461.52350689982,0.08692099899053574,R,1
18.354000091552734,58464.47015050008,0.06698600202798842,g,1
19.113100051879886,58480.45128470008,0.11480700224637985,R,1
19.327899932861328,58480.48732639988,0.1572670042514801,g,1
19.218799591064453,58481.43973380001,0.1196340024471283,R,1
20.024999618530273,58486.43359949999,0.2295539975166321,g,1
19.15181541442871,58486.47280090022,0.1026824712753296,R,1
20.148399353027344,58491.441886600114,0.2618409991264343,g,1
19.34127426147461,58493.45583330003,0.09956856817007063,R,1
