ant_mag,ant_mjd,ant_magerr,ant_passband,ant_survey
18.88089942932129,58584.16770830005,0.1213809996843338,R,1
18.9419002532959,58587.20925930003,0.14971600472927096,g,1
18.637399673461914,58601.25434029987,0.12660899758338928,R,1
19.230112075805664,58608.18888889997,0.12413832545280455,g,1
19.067880630493164,58608.21043979983,0.17450833320617676,R,1
