time,mag,magerr,band
58828.326527799945,17.942399978637695,0.0619090013206005,R
58833.14471059991,18.206100463867188,0.0723880007863044,g
58862.21130790003,19.302276611328125,0.1369861960411071,R
