time,mag,magerr,band
58461.52350689983,18.29980087280273,0.0869209989905357,R
58464.47015050007,18.35400009155273,0.0669860020279884,g
58480.45128470007,19.113100051879883,0.1148070022463798,R
58480.48732639989,19.327899932861328,0.1572670042514801,g
58481.43973380001,19.218799591064453,0.1196340024471283,R
58486.43359949999,20.024999618530277,0.229553997516632,g
58486.47280090023,19.15181541442871,0.1026824712753295,R
58491.44188660011,20.148399353027344,0.2618409991264343,g
58493.45583330002,19.34127426147461,0.0995685681700706,R
