ant_mag,ant_mjd,ant_magerr,ant_passband,ant_survey
19.140100479125977,58538.259687500075,0.17063899338245392,g,1
18.77829933166504,58547.19467590004,0.07294300198554993,R,1
18.799400329589844,58547.28793979995,0.07801199704408646,g,1
19.05649948120117,58556.168275500175,0.13243700563907626,R,1
20.109899520874023,58567.194305600126,0.22610899806022644,g,1
20.016128540039066,58582.195439800154,0.17149168252944946,R,1
