ant_mag,ant_mjd,ant_magerr,ant_passband,ant_survey
19.00169944763184,58657.1964004999,0.10407499969005583,g,1
18.82740020751953,58660.2222684999,0.0699009969830513,R,1
18.431299209594727,58665.195729199804,0.098532997071743,g,1
18.455900192260746,58665.2682523001,0.07739999890327454,R,1
18.356300354003906,58668.19418979995,0.06981199979782103,g,1
18.36050033569336,58671.202118100126,0.10195299983024596,R,1
18.64900016784668,58674.20024310006,0.1147259995341301,g,1
18.422399520874023,58674.21842590022,0.07401899993419647,R,1
19.002899169921875,58680.17791670003,0.204707995057106,g,1
18.725900650024414,58680.24278939982,0.10281699895858763,R,1
19.88455390930176,58690.198877300136,0.2037786841392517,g,1
