ant_mag,ant_mjd,ant_magerr,ant_passband,ant_survey
19.560300827026367,58898.5621181,0.15033400058746338,g,1
19.234600067138672,58903.52056710003,0.11159899830818176,R,1
19.11100006103516,58903.5269559999,0.1256610006093979,g,1
18.81839942932129,58906.518368099816,0.13132600486278534,R,1
18.849000930786133,58906.524710599806,0.13893799483776093,g,1
19.01740074157715,58911.51688659983,0.10347799956798552,R,1
18.932762145996094,58914.48608799977,0.13758495450019834,g,1
19.130769729614254,58914.53644679999,0.12097451090812684,R,1
