time,mag,magerr,band
58652.439097200055,19.218599319458008,0.2199269980192184,R
58658.45925930003,18.69879913330078,0.099590003490448,g
58661.42219909979,18.62179946899414,0.0768299996852874,R
58661.45952549996,18.706100463867188,0.0808669999241828,g
58665.438194400165,18.593799591064453,0.0741870030760765,R
58672.42263890011,19.21660041809082,0.1039479970932006,g
58681.41960649984,19.25,0.1967830061912536,R
58686.46127310023,19.97150039672852,0.2979620099067688,g
58699.37281250022,20.041614532470703,0.1432360112667083,R
