ant_mag,ant_mjd,ant_magerr,ant_passband,ant_survey
18.27989959716797,58954.27027780004,0.07855500280857086,R,1
18.087099075317386,58954.30268519978,0.07201900333166122,g,1
17.75349998474121,58956.28100690013,0.05294200032949448,R,1
16.773500442504886,58962.23983799992,0.042034000158309937,g,1
17.039800643920902,58962.25920139997,0.03862399980425835,R,1
16.65559959411621,58965.23851849978,0.032735999673604965,g,1
16.879899978637695,58968.1984490999,0.03332599997520447,R,1
16.704299926757812,58970.239097199876,0.03784999996423721,g,1
16.913904190063473,58971.22151619988,0.03539969027042389,R,1
16.811899185180664,58974.20091440016,0.0423320010304451,g,1
17.156299591064453,58976.28247690015,0.034272998571395874,R,1
17.09309959411621,58977.177511599846,0.05538300052285194,g,1
17.318700790405273,58977.21489580022,0.12236399948596954,R,1
17.342500686645508,58980.200428199954,0.042920000851154334,g,1
17.48699951171875,58980.257002300124,0.04408400133252144,R,1
18.31410026550293,58991.1837847,0.0558990016579628,g,1
17.780899047851562,58994.19466440008,0.047414001077413566,R,1
18.764299392700195,58997.18023149995,0.07772299647331238,g,1
17.822399139404297,58997.24668980017,0.05362100154161453,R,1
19.171499252319336,59004.195046300076,0.18402600288391116,g,1
18.46430015563965,59009.17468750012,0.0737060010433197,R,1
19.44379997253418,59009.237094900105,0.17737199366092682,g,1
18.97438621520996,59019.21623839997,0.0861368179321289,R,1
19.67574882507324,59019.263726899866,0.1378357857465744,g,1
19.062828063964844,59025.17215280003,0.1359630972146988,R,1
19.573457717895508,59028.20634259983,0.17096413671970367,g,1
19.0784969329834,59028.218333300196,0.12930017709732056,R,1
19.649799346923828,59031.17803240009,0.221671998500824,g,1
19.151472091674805,59031.21965279988,0.14286457002162933,R,1
19.72909927368164,59036.19996530004,0.29145601391792303,g,1
19.50359916687012,59036.27973379986,0.2453649938106537,R,1
19.991100311279297,59039.1787268999,0.2190870046615601,g,1
19.65535545349121,59045.20587959979,0.1372891068458557,R,1
19.786457061767575,59045.23995369999,0.18367448449134827,g,1
