ant_mag,ant_mjd,ant_magerr,ant_passband,ant_survey
18.822385787963867,59293.20924769994,0.1133560836315155,R,1
18.643163681030273,59293.274814799894,0.09364107251167296,g,1
18.32764434814453,59296.231469899874,0.10861118137836456,R,1
18.815120697021484,59303.21075229999,0.1827053278684616,g,1
18.741451263427734,59308.21063659992,0.11580970883369444,R,1
19.432899475097656,59308.23202549992,0.1830040067434311,g,1
18.990922927856445,59314.1692476999,0.1247691959142685,R,1
