ant_mag,ant_mjd,ant_magerr,ant_passband,ant_survey
18.82979965209961,58993.24033559999,0.08787800371646881,g,1
18.925100326538086,58993.28148149978,0.11389300227165222,R,1
18.57990074157715,58996.204733800136,0.07503999769687653,g,1
18.6294002532959,58999.18099540007,0.1153779998421669,R,1
18.52989959716797,58999.21982639981,0.12287800014019012,g,1
18.672399520874023,58999.30019679992,0.09307499974966048,R,1
18.408300399780273,59005.17915510014,0.09419800341129304,g,1
18.54360008239746,59005.2573032002,0.09840500354766846,R,1
18.87700080871582,59014.20737269986,0.09740299731492996,g,1
18.77549934387207,59014.22496529994,0.0758500024676323,R,1
19.225400924682614,59017.22349540005,0.12350700050592422,g,1
18.958200454711914,59017.24416670018,0.10258600115776062,R,1
19.676815032958984,59021.217199100174,0.1463334709405899,g,1
19.07137489318848,59021.246724499855,0.13819538056850433,R,1
19.978090286254886,59024.208773099825,0.21024076640605927,g,1
19.27310943603516,59026.201481500175,0.1216546669602394,R,1
20.39780044555664,59026.22333330009,0.2744919955730438,g,1
19.321434020996094,59027.179236100055,0.18604369461536407,R,1
