ant_mag,ant_mjd,ant_magerr,ant_passband,ant_survey
19.32460021972656,58856.54129630001,0.1383579969406128,g,1
18.89940071105957,58871.5008911998,0.08615999668836594,R,1
19.383899688720703,58878.4870023001,0.130498006939888,g,1
19.430400848388672,58881.3583796001,0.10651899874210358,R,1
19.966684341430664,58884.44185189996,0.2167360484600067,g,1
19.450822830200195,58884.49765049992,0.1938989460468292,R,1
