ant_mag,ant_mjd,ant_magerr,ant_passband,ant_survey
19.078344345092773,59062.30324070017,0.103042334318161,R,1
19.145999908447266,59062.35991899995,0.1512189954519272,g,1
18.74244499206543,59064.381863399874,0.10692396759986876,R,1
18.516014099121094,59065.24217589991,0.0964403748512268,g,1
18.343950271606445,59069.245752300136,0.06024518609046936,R,1
18.310392379760746,59069.304247700136,0.08183730393648148,g,1
18.32811546325684,59073.30694440008,0.0627879723906517,R,1
19.98970031738281,59091.278472200036,0.30025699734687805,g,1
20.14874649047852,59114.2875926001,0.17720837891101834,R,1
