ant_mag,ant_mjd,ant_magerr,ant_passband,ant_survey
19.8254508972168,59248.38700230001,0.1697504073381424,R,1
19.612672805786133,59248.415069399874,0.12500326335430145,g,1
19.531648635864254,59250.33784720022,0.19273972511291504,R,1
19.391748428344727,59250.371458299924,0.15455451607704165,g,1
19.25819969177246,59252.298819399904,0.0925860032439232,R,1
19.122100830078125,59254.29813659983,0.08418399840593338,g,1
19.21582794189453,59254.38087960008,0.07693107426166534,R,1
19.035972595214844,59256.336134300094,0.08300583064556122,g,1
19.054109573364254,59256.380324100144,0.08693459630012512,R,1
19.03609848022461,59258.371157399844,0.09463739395141603,g,1
18.99209976196289,59262.250150499865,0.12403299659490585,R,1
19.100133895874023,59262.32934030006,0.09051068127155304,g,1
19.072948455810547,59264.29362270003,0.0995558425784111,R,1
19.085599899291992,59266.2786921002,0.18522900342941284,g,1
18.84921264648437,59266.32032410009,0.14479339122772214,R,1
19.21927833557129,59268.22601850005,0.11626141518354415,g,1
19.079694747924805,59268.33888889988,0.10530862212181093,R,1
19.978069305419922,59278.25893520005,0.1815217286348343,g,1
19.61588287353516,59281.2467939998,0.1449829488992691,R,1
20.30870056152344,59281.316481499925,0.2403039932250977,g,1
19.88210868835449,59291.23646989978,0.17559143900871274,R,1
