ant_mag,ant_mjd,ant_magerr,ant_passband,ant_survey
17.47170066833496,58898.51900460013,0.047325998544692986,R,1
17.23390007019043,58903.52322919992,0.048314999788999564,g,1
17.444799423217773,58908.5224768999,0.042672999203205116,R,1
17.417299270629886,58908.52688660008,0.0708099976181984,g,1
17.722400665283203,58911.478229199995,0.07242900133132935,R,1
17.72800064086914,58911.52494210005,0.052836000919342034,g,1
19.08839988708496,58936.4574190001,0.10333199799060823,R,1
20.451900482177734,58943.42084489996,0.3317379951477051,g,1
19.58719253540039,58954.44120369991,0.1661698818206787,R,1
