ant_mag,ant_mjd,ant_magerr,ant_passband,ant_survey
20.38990020751953,59163.43954859999,0.3044489920139313,g,1
19.02371406555176,59165.421145800035,0.103020042181015,R,1
20.149038314819336,59165.4426851999,0.1824438720941544,g,1
18.580062866210934,59168.43782409978,0.08267728984355928,R,1
19.547164916992188,59168.46298609999,0.1303974837064743,g,1
18.42709350585937,59170.403784700204,0.06789814680814743,R,1
19.465518951416016,59170.44189810008,0.12240144610404967,g,1
18.136199951171875,59173.437604200095,0.0915829986333847,R,1
19.274667739868164,59177.417152800124,0.11094649881124496,g,1
18.426555633544922,59179.339884299785,0.07494569569826126,R,1
19.46731185913086,59179.43892360013,0.12681202590465546,g,1
18.467498779296875,59181.462303199805,0.08005677908658981,R,1
19.434986114501953,59181.51971059991,0.162592351436615,g,1
18.96795082092285,59188.368749999914,0.13729126751422882,R,1
19.94643783569336,59188.42759260022,0.21004930138587952,g,1
19.1758975982666,59203.431226899855,0.14511123299598694,R,1
