ant_mag,ant_mjd,ant_magerr,ant_passband,ant_survey
19.950422286987305,59179.46216440015,0.20662383735179898,g,1
19.943899154663086,59181.47949070018,0.2205719947814941,R,1
19.41213035583496,59185.444340299815,0.195428803563118,g,1
19.17218017578125,59185.468877300154,0.15257076919078827,R,1
18.950868606567386,59193.446365700096,0.11439354717731474,g,1
19.081758499145508,59193.48531250004,0.08795229345560074,R,1
19.239578247070312,59198.396134300165,0.11987974494695665,g,1
19.527502059936523,59200.39403939992,0.19185423851013186,R,1
19.451431274414066,59200.42188660009,0.21460123360157013,g,1
19.361400604248047,59200.50724539999,0.15742500126361847,R,1
19.53338623046875,59203.4131713002,0.150944322347641,g,1
19.506065368652344,59203.461412,0.14649316668510434,R,1
19.74530029296875,59206.41538190004,0.3003880083560944,g,1
20.135623931884766,59223.37324069999,0.17319715023040771,R,1
