time,mag,magerr,band
59187.52178240009,18.81253433227539,0.1411159038543701,g
59194.48446760001,18.16220092773437,0.0757350027561187,R
59194.52369209984,18.14389991760254,0.0910200029611587,g
59199.44945599977,18.175899505615234,0.0705917403101921,R
59203.39853010001,18.690319061279297,0.1331200748682022,g
59222.439942100085,19.436037063598636,0.1259037107229232,R
