ant_mag,ant_mjd,ant_magerr,ant_passband,ant_survey
19.67959976196289,59249.41200229991,0.26273399591445923,R,1
19.385454177856445,59251.420833299875,0.1325378566980362,g,1
19.43160057067871,59251.47864580015,0.1301019936800003,R,1
19.072099685668945,59253.38375000004,0.14774799346923828,g,1
19.452152252197266,59253.485625000205,0.1278311312198639,R,1
18.95659828186035,59255.39475690015,0.08810240775346756,g,1
19.098695755004886,59255.41983800009,0.09993948042392732,R,1
18.6793212890625,59258.378437499974,0.1080198585987091,g,1
18.737594604492188,59262.37332180003,0.09455697983503343,R,1
18.678768157958984,59264.41390050016,0.11541765183210373,g,1
18.84731674194336,59270.37434029997,0.1310999095439911,R,1
19.66488075256348,59278.333437500056,0.17940561473369598,g,1
19.835786819458008,59290.357036999885,0.183010533452034,R,1
