ant_mag,ant_mjd,ant_magerr,ant_passband,ant_survey
20.47230339050293,59255.37789350003,0.1833660751581192,g,1
20.643999099731445,59255.41603010008,0.224480003118515,R,1
20.090200424194336,59257.37905090022,0.2758390009403229,g,1
19.0211238861084,59262.36114579997,0.09132447093725203,R,1
18.86963653564453,59262.41684029997,0.13113601505756378,g,1
18.550363540649414,59268.35158560006,0.08252371847629547,R,1
18.506420135498047,59268.43604170019,0.07384655624628067,g,1
18.391429901123047,59270.354849500116,0.09330747276544572,R,1
18.288328170776367,59272.406678199775,0.14020179212093353,g,1
18.40966033935547,59275.383275500026,0.08948998153209686,R,1
18.64954376220703,59278.31666669994,0.08055847138166428,g,1
18.65314483642578,59281.287835599855,0.07605694234371185,R,1
19.743505477905273,59291.289120399866,0.14084802567958832,g,1
19.071706771850586,59293.253831000075,0.09821124374866486,R,1
19.956012725830078,59293.29483800009,0.15629591047763824,g,1
19.59416007995605,59307.25395830022,0.11265937983989716,R,1
20.880599975585934,59309.30915510002,0.2983140051364899,g,1
20.131399154663086,59313.298414399855,0.2542810142040253,R,1
21.25550079345703,59317.252407399945,0.2934660017490387,g,1
20.078351974487305,59325.2776389001,0.1712077111005783,R,1
