ant_mag,ant_mjd,ant_magerr,ant_passband,ant_survey
18.409652709960934,59065.21763890004,0.09076143801212312,g,1
18.106016159057614,59065.32895829994,0.10495267063379288,R,1
17.533987045288086,59068.197048599824,0.058701973408460624,g,1
17.096071243286133,59071.19790509995,0.05612742155790329,R,1
16.830238342285153,59077.234085599885,0.04842229187488556,g,1
17.136995315551758,59081.19950230001,0.06747213751077652,R,1
17.6998291015625,59085.24232639978,0.044618286192417145,g,1
18.209199905395508,59098.16033559991,0.08868800103664398,R,1
18.99519920349121,59098.21293980022,0.16756300628185272,g,1
18.22830009460449,59099.22659720015,0.09448900073766707,R,1
19.389524459838867,59106.17651619995,0.216244176030159,g,1
