ant_mag,ant_mjd,ant_magerr,ant_passband,ant_survey
18.991500854492188,59232.35282409983,0.13652600347995758,R,1
19.34020233154297,59248.29097220022,0.13264833390712738,g,1
18.725099563598636,59254.27072919997,0.07295999675989151,R,1
20.135967254638672,59254.2759953998,0.14226403832435608,g,1
18.935413360595703,59256.23577550008,0.10628713667392732,R,1
19.974899291992188,59256.29346060008,0.2436400055885315,g,1
19.196866989135746,59260.255335600115,0.1325857937335968,R,1
