ant_mag,ant_mjd,ant_magerr,ant_passband,ant_survey
19.99490165710449,59248.281932900194,0.13406674563884735,g,1
19.695606231689453,59248.42938659992,0.1316736936569214,R,1
19.61393928527832,59250.3055786998,0.11935397982597352,g,1
19.142492294311523,59252.2213078998,0.07893161475658418,R,1
19.104066848754886,59254.28075229983,0.0714777484536171,g,1
18.88776969909668,59254.409166700214,0.09311329573392868,R,1
18.937265396118164,59256.34052080009,0.06364899128675461,g,1
18.779699325561523,59256.413379599806,0.06776873767375946,R,1
18.798904418945312,59258.36019679997,0.07277729362249374,g,1
18.681766510009766,59262.24023150001,0.09804657846689224,R,1
18.76013946533203,59262.322719899945,0.06796853244304657,g,1
18.575618743896484,59264.301203699775,0.08070613443851471,R,1
18.810497283935547,59266.286330999814,0.12189865857362747,g,1
18.650558471679688,59266.326597199775,0.1185535117983818,R,1
18.736358642578125,59268.21797449981,0.09240296483039856,g,1
18.609832763671875,59268.319999999825,0.07921122759580612,R,1
19.19973373413086,59270.28185189982,0.15881521999835968,g,1
18.653284072875977,59272.277592599865,0.10110706835985184,R,1
19.1825008392334,59274.21582179982,0.2652400135993957,g,1
18.800437927246094,59274.36821760005,0.12067598849534987,R,1
19.67779922485352,59280.25035879994,0.12232399731874465,g,1
19.21609687805176,59290.26753470022,0.10309246927499773,R,1
20.82620048522949,59292.28265050008,0.27380698919296265,g,1
20.18206024169922,59314.27859950018,0.15345649421215055,R,1
