ant_mag,ant_mjd,ant_magerr,ant_passband,ant_survey
19.188438415527344,59164.27437500004,0.13743245601654053,R,1
18.87940216064453,59165.18915509991,0.06735266000032425,g,1
18.903003692626953,59167.241921300076,0.11022566258907318,R,1
18.655101776123047,59168.2087963,0.07578211277723312,g,1
18.74595832824707,59168.27456020005,0.07371407002210617,R,1
18.663700103759766,59170.24796300009,0.08266399800777435,g,1
18.68499183654785,59172.14871530003,0.06697529554367065,R,1
18.593673706054688,59172.23172450018,0.09065137803554536,g,1
18.84124755859375,59174.121944400016,0.11754511296749115,R,1
18.65690040588379,59180.17118059984,0.22166000306606293,g,1
18.96076774597168,59182.120844900135,0.1364753097295761,R,1
18.95364570617676,59182.21053239983,0.14174962043762207,g,1
18.889833450317386,59184.25972220022,0.14030052721500394,R,1
19.82454490661621,59193.168784699876,0.2075093388557434,g,1
19.429237365722656,59193.24761570013,0.12657441198825836,R,1
20.17482566833496,59195.169571800165,0.1963978409767151,g,1
19.449359893798828,59195.19634260005,0.13698820769786835,R,1
