ant_mag,ant_mjd,ant_magerr,ant_passband,ant_survey
19.4158992767334,58968.23296299996,0.0981620028614998,g,1
18.400400161743164,58973.17185189994,0.07555600255727768,R,1
17.937299728393555,58976.191678199924,0.07767900079488754,g,1
18.043699264526367,58976.24796300009,0.0719040036201477,R,1
17.709400177001953,58985.19008099986,0.04601399973034859,g,1
17.820600509643555,58985.21098379978,0.05324000120162964,R,1
18.202299118041992,58995.18607639987,0.04928499832749367,g,1
18.749399185180664,59011.239687500056,0.10278499871492386,R,1
19.719200134277344,59014.20454860013,0.14332500100135806,g,1
18.78899955749512,59014.222152799826,0.09181000292301178,R,1
20.19510078430176,59021.21525460017,0.19698600471019745,g,1
19.075958251953125,59021.24479170004,0.11847549676895143,R,1
