ant_mag,ant_mjd,ant_magerr,ant_passband,ant_survey
20.047813415527344,59115.24450229992,0.14051349461078644,g,1
19.80821228027344,59115.28773149987,0.14812886714935306,R,1
18.50374412536621,59117.275636599865,0.06398047506809235,g,1
18.08757209777832,59118.27608799982,0.05442122370004654,R,1
16.744369506835938,59123.18695600005,0.04470301792025566,g,1
16.72501564025879,59124.297141199924,0.04678262770175934,R,1
16.515199661254886,59125.22369210003,0.039701998233795166,g,1
16.689899444580078,59125.256539400194,0.044748999178409576,R,1
16.315624237060547,59129.171643500216,0.06253338605165483,g,1
16.446216583251953,59129.195057900164,0.03795360028743744,R,1
16.328130722045902,59131.19189810008,0.030732853338122368,g,1
16.429265975952152,59134.187071800225,0.03747595846652985,R,1
16.424993515014652,59136.13559029997,0.03666075319051743,g,1
16.561445236206055,59138.13140049996,0.051200207322835915,R,1
16.509658813476562,59138.208020799786,0.04057952389121056,g,1
16.67967414855957,59140.13298609993,0.03831528127193451,R,1
16.953399658203125,59146.14208329981,0.25277000665664673,g,1
17.207199096679688,59149.12993060006,0.07508700340986252,R,1
17.399099349975586,59149.252442100085,0.09576500207185744,g,1
17.24906349182129,59151.11313659978,0.04567142575979233,R,1
17.515897750854492,59151.151111099876,0.0491679385304451,g,1
17.22730827331543,59153.0885648001,0.049569729715585716,R,1
17.656190872192386,59153.162511600174,0.062086600810289376,g,1
17.27265739440918,59155.10024309997,0.037575438618659966,R,1
17.863149642944336,59155.180752300184,0.05695472285151481,g,1
17.337804794311527,59158.122303199954,0.04076498746871948,R,1
18.10076904296875,59158.180671299815,0.06101689487695694,g,1
17.532630920410153,59164.109120400164,0.04324053227901459,R,1
18.614599227905273,59164.21741899987,0.14554600417613986,g,1
17.731876373291016,59167.109259299934,0.04975057765841484,R,1
18.755834579467773,59167.150775500115,0.08704599738121033,g,1
18.069181442260746,59173.10100689996,0.05889281630516052,R,1
18.933780670166016,59175.088854200214,0.1700967401266098,g,1
18.30080223083496,59178.09635420004,0.08497413247823715,R,1
19.114137649536133,59182.14003469981,0.19650569558143616,g,1
18.42454719543457,59182.18475690018,0.11206363141536713,R,1
19.262414932250977,59188.13464119983,0.12844759225845334,g,1
18.96881866455078,59199.10339119983,0.12135124951601027,R,1
19.15279960632324,59199.15442130017,0.2323089987039566,g,1
18.94419479370117,59202.10128469997,0.10750307887792587,R,1
