ant_mag,ant_mjd,ant_magerr,ant_passband,ant_survey
19.982500076293945,58871.440868100144,0.14493800699710846,g,1
19.943599700927734,58871.48454859993,0.15419800579547882,R,1
18.81760025024414,58877.39614580013,0.06854499876499176,g,1
18.91629981994629,58877.483692099806,0.04790100082755089,R,1
18.69939994812012,58880.43932869983,0.04110300168395042,g,1
18.793399810791016,58880.518472199794,0.06942199915647508,R,1
18.76460075378418,58883.46116899978,0.08187899738550186,g,1
18.704599380493164,58886.310705999844,0.10971099883317947,R,1
18.831899642944336,58886.43945599999,0.09063199907541276,g,1
18.95509910583496,58891.320254600134,0.12793800234794614,R,1
19.507200241088867,58894.35370370001,0.11555700004100801,g,1
19.46839904785156,58898.34001159994,0.10552900284528732,R,1
19.99370002746582,58898.38098380017,0.14709199965000153,g,1
19.420499801635746,58899.335879600134,0.09444300085306168,R,1
20.28730010986328,58900.330046299845,0.1806740015745163,g,1
19.457399368286133,58901.379236099776,0.1162709966301918,R,1
20.395099639892575,58903.334872699816,0.1439169943332672,g,1
19.466999053955078,58904.24700229988,0.1528570055961609,R,1
20.75189971923828,58904.29621529997,0.25671398639678955,g,1
19.848791122436523,58911.233703699894,0.18373440206050876,R,1
