ant_mag,ant_mjd,ant_magerr,ant_passband,ant_survey
19.47209930419922,59185.4829051001,0.24064600467681885,g,1
18.63719749450684,59188.503541700076,0.13553771376609802,R,1
18.080400466918945,59193.4594676001,0.06655099987983704,g,1
18.243572235107425,59193.52054399997,0.05948331207036973,R,1
18.05030632019043,59195.52329860022,0.09305428713560104,g,1
18.116886138916016,59198.43900460005,0.07685168832540512,R,1
18.04650115966797,59200.43892360013,0.08419341593980789,g,1
18.74349975585937,59215.439803199835,0.2555060088634491,R,1
19.151241302490234,59217.39848379978,0.17761199176311493,g,1
18.790292739868164,59218.422928200096,0.10288610309362413,R,1
19.633100509643555,59219.413576399915,0.2537420094013214,g,1
18.797203063964844,59219.460463,0.12405157834291458,R,1
19.676410675048828,59222.376377299894,0.1677568107843399,g,1
18.863460540771484,59222.43946760008,0.0963362604379654,R,1
19.650999069213867,59224.39868059987,0.2619380056858063,g,1
18.912477493286133,59226.41484950018,0.10339803993701936,R,1
20.167091369628906,59228.37520830008,0.1985183507204056,g,1
19.168901443481445,59228.43939810013,0.19078950583934784,R,1
20.342599868774414,59230.360613400124,0.27752000093460083,g,1
19.11408042907715,59230.41907409997,0.11242707818746568,R,1
20.287616729736328,59232.36385420011,0.20200969278812408,g,1
19.322795867919922,59232.397963,0.12724126875400546,R,1
