ant_mag,ant_mjd,ant_magerr,ant_passband,ant_survey
19.97780036926269,59106.27682870022,0.29542601108551025,g,1
19.951499938964844,59107.25659719994,0.23121799528598785,R,1
19.36905860900879,59108.28624999988,0.19969770312309265,g,1
19.30224609375,59109.18467589981,0.12508459389209747,R,1
18.91263198852539,59110.16631940008,0.12064526975154875,g,1
18.731599807739254,59112.20743060019,0.0837320014834404,R,1
18.6018009185791,59112.289120399866,0.07959400117397307,g,1
18.68854522705078,59113.14751160005,0.07660241425037384,R,1
18.302600860595703,59115.24450229992,0.06979317963123323,g,1
18.40767478942871,59117.145381900016,0.07466825842857361,R,1
18.191143035888672,59117.27861109981,0.07030592113733293,g,1
18.40335464477539,59118.27608799982,0.11587794125080107,R,1
18.34844970703125,59123.18695600005,0.0952962264418602,g,1
18.317668914794922,59124.29761569993,0.11041519045829773,R,1
18.44339942932129,59125.22369210003,0.08391399681568146,g,1
18.32010078430176,59125.257962999865,0.0931600034236908,R,1
18.462024688720703,59126.26760420018,0.09095028787851334,g,1
18.42062187194824,59128.24815970008,0.08073800802230835,R,1
18.23007583618164,59129.171643500216,0.2100776731967926,g,1
18.5068473815918,59129.195057900164,0.08830495178699492,R,1
18.60064697265625,59130.18697920023,0.06944239884614943,g,1
18.85020065307617,59135.18427080009,0.08124999701976776,R,1
19.18501853942871,59136.13559029997,0.10690303891897203,g,1
18.91764068603516,59137.178611100186,0.09307831525802612,R,1
19.27665901184082,59137.22600689996,0.15144409239292145,g,1
18.83944129943848,59138.13140049996,0.09252047538757324,R,1
19.321203231811523,59138.208020799786,0.13012073934078214,g,1
18.944461822509766,59140.13298609993,0.09839808940887453,R,1
19.5258903503418,59140.15655090008,0.1190427914261818,g,1
19.072580337524414,59141.162453699864,0.148531973361969,R,1
19.78169822692871,59143.19606480002,0.16622811555862427,g,1
19.098838806152344,59145.151550900184,0.11947910487651825,R,1
19.970962524414066,59145.191481499925,0.1811157613992691,g,1
19.83543586730957,59164.131828700185,0.1868542730808258,R,1
