ant_mag,ant_mjd,ant_magerr,ant_passband,ant_survey
19.347782135009766,59155.196921300136,0.1580093502998352,g,1
19.300987243652344,59155.242638899945,0.13841547071933746,R,1
18.90327453613281,59157.19468750013,0.1210673451423645,g,1
18.963354110717773,59157.25009260001,0.08661288768053055,R,1
18.14788818359375,59164.21269680001,0.08849164843559265,g,1
18.16128921508789,59169.17241899995,0.046068646013736725,R,1
18.272815704345703,59171.17451390019,0.06794800609350203,g,1
18.630367279052734,59178.22469910002,0.07998078316450119,R,1
18.848966598510746,59180.176330999944,0.19320999085903168,g,1
18.801494598388672,59184.119675899856,0.07792316377162932,R,1
19.492712020874023,59184.16190969991,0.15855906903743744,g,1
18.968019485473636,59188.11112269992,0.09616711735725404,R,1
19.76412773132324,59188.12810190023,0.18229086697101596,g,1
19.378738403320312,59199.109791699804,0.10191799700260162,R,1
