time,mag,magerr,band
58936.52160880016,19.367265701293945,0.1214229837059974,R
