ant_mag,ant_mjd,ant_magerr,ant_passband,ant_survey
19.05371856689453,59276.496574100114,0.1249864399433136,R,1
18.362865447998047,59280.40917820018,0.09471264481544496,g,1
18.10477638244629,59291.387256899856,0.05458967387676239,R,1
18.23314476013184,59292.45315970015,0.06878510862588882,g,1
18.15188980102539,59292.47653939994,0.06109689548611641,R,1
18.316499710083008,59294.392175899826,0.07721000164747238,g,1
18.4279727935791,59297.43137730006,0.08137664943933487,R,1
18.4475212097168,59297.45153940003,0.1200791746377945,g,1
18.77715492248535,59301.41274309997,0.1440434455871582,R,1
19.151649475097656,59303.41001159978,0.16203045845031738,g,1
18.676212310791016,59303.4489352,0.10382681339979173,R,1
19.436199188232425,59306.43234949977,0.134770005941391,g,1
18.66939926147461,59306.487094900105,0.08541599661111833,R,1
19.583179473876953,59308.38739580009,0.1502372771501541,g,1
18.75550079345703,59308.48989580013,0.0709879994392395,R,1
19.937700271606445,59311.36728010001,0.22060100734233856,g,1
18.86339569091797,59312.392164399855,0.09037023037672044,R,1
19.81559944152832,59312.429560199846,0.22394399344921112,g,1
19.04080009460449,59313.422731500126,0.25447699427604675,R,1
20.012264251708984,59314.41067129978,0.1916690468788147,g,1
18.934499740600586,59314.469363399774,0.09473100304603577,R,1
20.369699478149414,59315.302893499844,0.3020730018615723,g,1
19.078353881835934,59315.34739580005,0.11982807517051695,R,1
20.25098419189453,59316.36923609999,0.2121608406305313,g,1
19.122310638427734,59317.42851850018,0.1209697499871254,R,1
20.240699768066406,59317.46896990017,0.22088700532913208,g,1
19.38148307800293,59322.283449099865,0.1885812729597092,R,1
20.46839904785156,59322.431631899904,0.31453800201416016,g,1
20.3191032409668,59348.43159720022,0.21126580238342285,R,1
