ant_mag,ant_mjd,ant_magerr,ant_passband,ant_survey
19.476463317871094,59173.10706020008,0.106541745364666,R,1
18.763696670532227,59178.156944400165,0.09965423494577408,g,1
18.68936920166016,59178.19737270009,0.08580586314201355,R,1
18.691776275634766,59182.146134300165,0.12244144082069396,g,1
18.60323143005371,59182.192835600115,0.07477260380983353,R,1
18.7979793548584,59184.174097199924,0.11862356215715407,g,1
18.69300079345703,59187.18348379992,0.12930826842784882,R,1
19.23641586303711,59189.145520799786,0.12425988912582395,g,1
18.725719451904297,59189.17188660009,0.08233247697353363,R,1
