time,mag,magerr,band
59168.32641200023,19.00330924987793,0.1010724827647209,R
59168.35792820016,18.89929962158203,0.4188179969787597,g
59179.31424769992,19.06480026245117,0.1829060018062591,R
59179.41961809993,19.38719940185547,0.2978900074958801,g
59193.25113430014,19.499099731445312,0.158424973487854,R
