ant_mag,ant_mjd,ant_magerr,ant_passband,ant_survey
20.39244270324707,59252.312372699846,0.20287035405635834,R,1
19.9591121673584,59254.37462959997,0.18448755145072934,g,1
20.1907958984375,59254.38465279992,0.15799565613269806,R,1
19.54853820800781,59256.30962960003,0.19875161349773407,g,1
19.828935623168945,59256.40479170019,0.157636359333992,R,1
19.278766632080078,59258.35679400014,0.14760339260101318,g,1
19.25320053100586,59262.23548609996,0.12409300357103348,R,1
19.08024024963379,59262.3119907002,0.1388624608516693,g,1
19.189186096191406,59264.308286999825,0.11386078596115112,R,1
19.036090850830078,59264.31686339992,0.10997629910707474,g,1
19.27220344543457,59266.25587960008,0.12157902121543886,R,1
19.022140502929688,59268.192951399826,0.15793851017951965,g,1
19.14539337158203,59268.31689810008,0.1411590874195099,R,1
19.464012145996094,59275.18567130017,0.1775067001581192,g,1
19.409067153930664,59275.27542820013,0.16206063330173492,R,1
19.753324508666992,59278.23747690023,0.19955921173095706,g,1
19.728742599487305,59281.24585650022,0.2027149796485901,R,1
19.976600646972656,59281.32447919994,0.2312279939651489,g,1
20.16659164428711,59293.23292820017,0.21023927628993988,R,1
