ant_mag,ant_mjd,ant_magerr,ant_passband,ant_survey
18.862300872802734,59222.345856499865,0.08680199831724167,R,1
19.69142723083496,59222.393113399856,0.16012737154960632,g,1
18.739675521850586,59224.30781249981,0.09553447365760803,R,1
19.57032585144043,59226.454224499874,0.2075844556093216,g,1
18.78003692626953,59226.490451400176,0.0933336615562439,R,1
19.59058952331543,59228.39777779997,0.1391705721616745,g,1
18.63823890686035,59230.24023150001,0.07032593339681625,R,1
19.669225692749023,59230.3452198999,0.18145669996738434,g,1
18.79487419128418,59232.34381939982,0.07744442671537399,R,1
20.061668395996094,59232.389583299875,0.17632173001766205,g,1
20.070758819580078,59252.19597220003,0.19312220811843872,R,1
