ant_mag,ant_mjd,ant_magerr,ant_passband,ant_survey
18.0689640045166,59092.460520800196,0.07822860032320023,g,1
18.469730377197266,59104.39337959979,0.1721612960100174,R,1
18.538684844970703,59106.32655090001,0.15218055248260498,g,1
18.55389976501465,59107.3125,0.1333789974451065,R,1
18.760746002197266,59108.3568171002,0.13249970972537994,g,1
18.72962188720703,59108.38452549977,0.1239546462893486,R,1
18.807199478149414,59109.33516199981,0.1216680034995079,g,1
18.744600296020508,59109.392928199835,0.2069299966096878,R,1
18.917232513427734,59110.33530090004,0.13917984068393707,g,1
18.98290061950684,59110.36305559985,0.2034440040588379,R,1
19.071170806884766,59111.333171300124,0.14269199967384338,g,1
18.92646598815918,59111.408472199924,0.10299628973007202,R,1
19.15842628479004,59112.31424769992,0.10578756034374236,g,1
18.83746910095215,59113.31420140015,0.10151614993810654,R,1
19.223350524902344,59113.38723379978,0.10730404406785964,g,1
18.97389793395996,59114.31247689994,0.10533177107572557,R,1
19.38616180419922,59114.3354282002,0.15507471561431885,g,1
18.943586349487305,59115.31370369997,0.13033442199230194,R,1
19.40065193176269,59116.292546300225,0.11735353618860245,g,1
18.91072654724121,59116.33418980008,0.10465602576732637,R,1
19.644153594970703,59117.313553200096,0.15429699420928955,g,1
20.034194946289066,59144.21059030014,0.2107975333929062,R,1
