ant_mag,ant_mjd,ant_magerr,ant_passband,ant_survey
20.292600631713867,59141.455405099776,0.2587589919567108,g,1
19.79085350036621,59143.490069400046,0.1591745913028717,R,1
19.57390022277832,59145.455277800094,0.14485199749469754,g,1
19.59630012512207,59145.510347200085,0.1060120016336441,R,1
18.98922348022461,59150.43284719996,0.15058237314224246,g,1
19.156362533569336,59152.48565969988,0.13508158922195435,R,1
19.112621307373047,59152.53505790001,0.14400731027126312,g,1
18.996788024902344,59155.49391200022,0.11693843454122545,R,1
19.050119400024414,59155.511759299785,0.12331406027078627,g,1
19.132129669189453,59159.46486110008,0.09695255756378174,R,1
19.309871673583984,59159.51168979983,0.12455247342586515,g,1
19.39786720275879,59165.49209489999,0.09691497683525084,R,1
19.80718994140625,59165.50844909996,0.12519922852516174,g,1
19.35511016845703,59168.44501159992,0.12333659082651137,R,1
20.238819122314453,59170.46653940016,0.1954604536294937,g,1
19.52157592773437,59170.529467599925,0.1188829392194748,R,1
