ant_mag,ant_mjd,ant_magerr,ant_passband,ant_survey
20.122005462646484,59038.22879630001,0.1959696263074875,R,1
18.72245979309082,59041.22807870014,0.07876814901828766,g,1
17.86009407043457,59044.24886569986,0.06003773212432861,R,1
17.390008926391598,59047.25339120022,0.036086589097976685,g,1
17.434329986572266,59047.31990739983,0.04527358710765839,R,1
17.191213607788086,59050.360370399896,0.03654270991683006,g,1
17.171472549438473,59053.29666669992,0.03962429985404015,R,1
17.167898178100586,59056.27172450023,0.03847725689411163,g,1
17.19279670715332,59056.33695599996,0.042539101094007485,R,1
17.515378952026367,59063.25278940005,0.046952888369560235,g,1
17.73337745666504,59066.235914399855,0.05142715945839882,R,1
18.04411506652832,59069.17001160002,0.04748423025012016,g,1
17.922014236450195,59069.21148149995,0.04978613182902336,R,1
18.71540069580078,59075.19160880009,0.08230629563331604,g,1
17.983945846557614,59075.231099499855,0.0627606213092804,R,1
18.93919944763184,59078.22827549977,0.0878319963812828,g,1
18.068729400634766,59081.20516199991,0.06989982724189757,R,1
19.67259979248047,59094.1734491,0.22876699268817904,g,1
19.02630043029785,59098.1707870001,0.08281400054693222,R,1
20.15959930419922,59106.187789400115,0.2950640022754669,g,1
19.373279571533203,59107.1295138998,0.1698281317949295,R,1
19.727100372314453,59107.14962959987,0.2630549967288971,g,1
19.40325355529785,59110.13950229995,0.12643995881080627,R,1
20.072559356689453,59110.14846060006,0.1595090627670288,g,1
19.452497482299805,59111.2174999998,0.17022854089736938,R,1
20.342500686645508,59112.13775460003,0.19163553416728973,g,1
19.529041290283203,59113.138981500175,0.14045825600624084,R,1
20.388900756835934,59113.1812616,0.2295919954776764,g,1
19.379594802856445,59114.17111109988,0.18897080421447754,R,1
20.135799407958984,59114.1961110998,0.22954000532627106,g,1
19.55657386779785,59115.15114580003,0.15028083324432373,R,1
20.252700805664066,59115.201562500086,0.23736199736595154,g,1
19.975919723510746,59128.143194399774,0.21530263125896454,R,1
20.69708251953125,59135.1099537001,0.20714697241783145,g,1
20.07676887512207,59135.139560199816,0.17969635128974915,R,1
