ant_mag,ant_mjd,ant_magerr,ant_passband,ant_survey
19.882200241088867,59112.331423600204,0.12901200354099274,g,1
19.48975372314453,59113.27966440003,0.09888236224651337,R,1
18.636932373046875,59115.269282400135,0.06696795672178267,g,1
18.77032470703125,59115.315590300124,0.07724398374557495,R,1
18.375581741333008,59116.264953699894,0.07681388407945633,g,1
18.53163719177246,59116.36312500015,0.06220334023237229,R,1
18.16203117370605,59117.269062499974,0.05780785158276557,g,1
18.142961502075195,59118.3269675998,0.06072751060128213,R,1
17.519716262817386,59124.15245370008,0.06966058909893036,g,1
17.676902770996094,59124.34035879978,0.06158798187971115,R,1
17.460081100463867,59126.278750000056,0.061656083911657326,g,1
17.64360809326172,59128.25774310018,0.055375486612319946,R,1
17.530542373657227,59130.24804400001,0.048427872359752655,g,1
17.638715744018555,59130.25981480022,0.05044374614953995,R,1
17.711200714111328,59134.24662039987,0.04815199971199036,g,1
17.888446807861328,59136.19790509995,0.0475320927798748,R,1
17.981632232666016,59138.23182869983,0.05081802234053612,g,1
17.986637115478516,59138.27809030004,0.053357478231191635,R,1
18.166410446166992,59140.208078700125,0.05014332756400108,g,1
18.298173904418945,59143.215671299964,0.056468337774276726,R,1
18.397985458374023,59143.3584838002,0.05946004018187522,g,1
18.37714385986328,59145.17996530003,0.05526993051171303,R,1
18.581844329833984,59145.27541670018,0.051892455667257316,g,1
18.482675552368164,59149.19682870014,0.1087711974978447,R,1
19.18543815612793,59151.194085599855,0.15497073531150818,g,1
18.44566535949707,59151.241747700136,0.08571707457304001,R,1
19.215600967407227,59153.21186339995,0.18512244522571564,g,1
18.44413948059082,59153.324143500075,0.08790282905101776,R,1
19.527416229248047,59155.199282399844,0.16910487413406372,g,1
18.48527336120605,59155.24738429999,0.0782109871506691,R,1
19.92410087585449,59164.25612269994,0.2232300043106079,g,1
19.11404609680176,59167.206550899886,0.09327486902475356,R,1
20.035194396972656,59167.255324100144,0.17524376511573792,g,1
19.165922164916992,59169.193240699824,0.09731108695268632,R,1
20.19334983825684,59169.23237269978,0.2143142968416214,g,1
19.667001724243164,59182.1241088002,0.2063440829515457,R,1
20.44529914855957,59188.184224499855,0.2747519910335541,g,1
19.979530334472656,59194.14076389978,0.16907082498073578,R,1
20.447099685668945,59194.18396990001,0.2682609856128693,g,1
19.91524887084961,59199.12946760002,0.2164171487092972,R,1
