ant_mag,ant_mjd,ant_magerr,ant_passband,ant_survey
19.80340003967285,59390.199490699924,0.28058499097824097,g,1
19.73189926147461,59392.20599539997,0.14662997424602509,R,1
19.038942337036133,59394.19809029997,0.09274172782897948,g,1
18.85115623474121,59396.202141200185,0.08517845720052719,R,1
18.575044631958008,59396.25666669988,0.10597743093967438,g,1
18.453258514404297,59399.20503470022,0.0924769714474678,R,1
18.097583770751953,59401.24127310003,0.08128288388252257,g,1
18.1005916595459,59405.20340280003,0.07312878966331482,R,1
18.045995712280273,59409.22251159978,0.07263784855604173,g,1
18.17599296569824,59411.21997690015,0.09270942211151124,R,1
18.37444877624512,59414.239699100144,0.08737128227949142,g,1
18.63194274902344,59419.24228010001,0.215398371219635,R,1
19.058862686157227,59423.2021296001,0.09089893102645874,g,1
