time,mag,magerr,band
59272.42042820016,17.92238426208496,0.0996103286743164,g
59274.39722219994,17.8558406829834,0.1135506182909011,R
59290.418229199946,18.751956939697266,0.0872582122683525,g
59292.37502310006,18.80539894104004,0.0931515917181968,R
59292.43773149978,19.03546714782715,0.1046823635697364,g
59307.35634260019,19.100414276123047,0.1150530874729156,R
