ant_mag,ant_mjd,ant_magerr,ant_passband,ant_survey
20.908199310302734,59168.203796300106,0.3825840055942536,g,1
19.96623420715332,59170.13831020008,0.1443398892879486,R,1
19.903133392333984,59170.202152799815,0.17888721823692322,g,1
18.831439971923828,59174.11652779997,0.1005491018295288,R,1
18.40250015258789,59176.21957179997,0.26551398634910583,g,1
18.368608474731445,59178.22325230017,0.07553137838840485,R,1
18.247547149658203,59180.17820600001,0.1185557097196579,g,1
18.245664596557614,59182.116516199894,0.08206746727228165,R,1
18.082609176635746,59184.17793980008,0.07137824594974518,g,1
18.249956130981445,59184.26843750012,0.05416520312428474,R,1
18.12548828125,59186.13668979983,0.06365028768777847,g,1
18.112600326538086,59186.26150459983,0.10100500285625458,R,1
18.236364364624023,59188.181805599954,0.06425714492797853,g,1
18.28668594360352,59190.13464119983,0.07463060319423677,R,1
18.48363494873047,59193.178310200106,0.08407679945230484,g,1
18.456993103027344,59193.24831019994,0.06275095790624619,R,1
18.612499237060547,59195.17929399992,0.08390499651432037,g,1
18.884456634521484,59199.131377299775,0.08250732719898224,R,1
18.98402404785156,59199.17515050016,0.1299489289522171,g,1
18.927492141723636,59202.13502309984,0.0892699584364891,R,1
19.25447654724121,59202.174907399814,0.1348888874053955,g,1
18.912090301513672,59204.179201399915,0.11107946187257768,R,1
19.451618194580078,59204.2429860998,0.20377539098262787,g,1
19.03750991821289,59210.16185190016,0.1435217410326004,R,1
20.01420021057129,59210.19997690013,0.2651140093803406,g,1
19.2547607421875,59216.11549769994,0.12289133667945862,R,1
20.667299270629886,59218.117037000135,0.2634179890155792,g,1
19.58918571472168,59220.110914399855,0.10552815347909927,R,1
20.65390014648437,59220.13480320013,0.2956309914588928,g,1
19.769901275634766,59224.110810200225,0.16080400347709656,R,1
20.794300079345703,59224.15181710013,0.34042200446128845,g,1
20.04208755493164,59232.13244209997,0.1935350000858307,R,1
