ant_mag,ant_mjd,ant_magerr,ant_passband,ant_survey
19.26219940185547,59303.314780099776,0.24497200548648834,R,1
18.99591445922852,59314.23208330013,0.0949561595916748,g,1
18.97909927368164,59317.191724500146,0.09781599789857864,R,1
19.425424575805664,59325.22939810018,0.15431195497512815,g,1
19.605304718017575,59342.2555670999,0.12610189616680145,R,1
