ant_mag,ant_mjd,ant_magerr,ant_passband,ant_survey
19.57010078430176,59156.3995949002,0.28527000546455383,g,1
19.524900436401367,59156.43758099992,0.3950070142745972,R,1
19.190305709838867,59179.20891200006,0.16511622071266174,g,1
