time,mag,magerr,band
58894.52569440007,19.706100463867188,0.2257270067930221,R
58894.56246529985,19.494400024414062,0.1562999933958053,g
58904.53812499996,18.479900360107425,0.1075529977679252,R
58904.54749999987,18.391000747680664,0.0836559981107711,g
58911.52101849997,18.48310089111328,0.1121729984879493,R
58914.46116899978,18.58429908752441,0.1380700021982193,g
58944.50537039992,19.55074882507324,0.1956750452518463,R
