ant_mag,ant_mjd,ant_magerr,ant_passband,ant_survey
19.75320053100586,59010.4675925998,0.1996619999408722,g,1
19.32010078430176,59013.359629599836,0.12072400003671645,R,1
19.167299270629886,59014.395381900016,0.12310700118541718,g,1
19.14739990234375,59014.474085600115,0.09483499825000764,R,1
19.032100677490234,59016.39548610012,0.16086399555206302,g,1
19.002599716186523,59016.46706019994,0.08754699677228928,R,1
18.878000259399414,59018.39605320013,0.09067700058221816,g,1
18.84239959716797,59018.46841439977,0.07671300321817398,R,1
19.057058334350586,59022.389189799775,0.1122797280550003,g,1
18.8322696685791,59022.476099499974,0.06894861906766891,R,1
19.278690338134766,59025.34024310019,0.10755451768636703,g,1
18.90292358398437,59025.39467590022,0.06596693396568297,R,1
19.4654541015625,59028.45862270008,0.1251859962940216,g,1
19.122011184692386,59028.47885419987,0.08201928436756134,R,1
20.019399642944336,59031.34043980017,0.2676590085029602,g,1
19.353410720825195,59034.37872690009,0.14999490976333618,R,1
20.253915786743164,59034.462858799845,0.20665305852890012,g,1
20.482221603393555,59059.45311339991,0.20576997101306915,R,1
