ant_mag,ant_mjd,ant_magerr,ant_passband,ant_survey
19.13870048522949,59018.466076400124,0.0825830027461052,R,1
18.7281436920166,59022.386388900224,0.09104805439710616,g,1
18.802698135375977,59022.47798610013,0.06094206869602204,R,1
18.663545608520508,59025.339305600144,0.09008681774139404,g,1
18.69108772277832,59027.48251160002,0.08668307960033418,R,1
18.90909194946289,59031.34137730022,0.14565974473953247,g,1
19.098756790161133,59034.37732640003,0.11854137480258943,R,1
19.352846145629886,59034.46053239983,0.1487724483013153,g,1
19.390226364135746,59040.379328699775,0.12697318196296692,R,1
20.15920066833496,59043.35844910005,0.2332639992237091,g,1
19.44645500183105,59046.4234491,0.09142597019672394,R,1
20.68199920654297,59048.48802080005,0.3480260074138641,g,1
19.65373992919922,59049.40346059995,0.12344063073396686,R,1
20.702699661254886,59049.44158559991,0.2616209983825684,g,1
19.825807571411133,59052.402650500175,0.12295474857091905,R,1
21.333200454711914,59053.40380789992,0.406125009059906,g,1
20.0768985748291,59054.395347199876,0.15434521436691284,R,1
21.113800048828125,59055.407118100215,0.3193059861660004,g,1
20.280447006225586,59060.415300900124,0.14968016743659973,R,1
