ant_mag,ant_mjd,ant_magerr,ant_passband,ant_survey
19.53517341613769,59348.19105320005,0.1460048109292984,R,1
19.05007743835449,59350.19114580005,0.11640984565019608,g,1
18.795774459838867,59359.21009259997,0.14935939013957975,R,1
18.90749931335449,59359.27427079994,0.17520299553871155,g,1
19.39226722717285,59370.26758099999,0.14463481307029724,R,1
20.233800888061523,59374.22255790001,0.25084298849105835,g,1
19.433481216430664,59378.24950229983,0.1407155990600586,R,1
