ant_mag,ant_mjd,ant_magerr,ant_passband,ant_survey
20.57819938659668,59077.365625000086,0.219308003783226,g,1
20.23660087585449,59078.3061573999,0.19175300002098086,R,1
20.044132232666016,59079.32964120014,0.1500014364719391,g,1
19.74957275390625,59080.336921299815,0.13342365622520447,R,1
19.538484573364254,59081.30883099978,0.13597583770751953,g,1
19.55023956298828,59081.39608799992,0.13460005819797516,R,1
19.50119972229004,59082.36317129992,0.247299998998642,g,1
19.30803680419922,59084.309479199816,0.10626333206892014,R,1
19.288015365600586,59085.35206020017,0.07375718653202057,g,1
19.0988883972168,59087.30539349979,0.11137894541025163,R,1
18.959667205810547,59092.30118060019,0.1544266641139984,g,1
19.058895111083984,59094.32611110015,0.17086096107959747,R,1
19.223468780517575,59095.32020829991,0.202507346868515,g,1
19.189699172973636,59097.29082180001,0.13989199697971344,R,1
19.380300521850586,59097.347581000075,0.1942790001630783,g,1
19.206899642944336,59099.31850690022,0.13573700189590454,R,1
19.99430084228516,59106.33137729997,0.24863000214099884,g,1
19.697023391723636,59109.235057900194,0.12914231419563293,R,1
20.262800216674805,59109.30793979997,0.25137901306152344,g,1
19.71110343933105,59112.191909700174,0.12004510313272475,R,1
20.44540023803711,59112.28724539978,0.2132990062236786,g,1
19.683950424194336,59113.29193289997,0.1613343507051468,R,1
20.75040054321289,59115.24731480004,0.22514300048351288,g,1
19.789531707763672,59115.28630790021,0.13021813333034515,R,1
20.760400772094727,59117.26390049978,0.32019999623298645,g,1
20.06632423400879,59129.19269679999,0.2151518613100052,R,1
