ant_mag,ant_mjd,ant_magerr,ant_passband,ant_survey
19.5993709564209,59362.4209838002,0.21489137411117554,g,1
19.45406150817871,59362.45704860008,0.1759592592716217,R,1
19.164039611816406,59364.3831944,0.1802260130643845,g,1
19.10879135131836,59367.3992360998,0.10256391018629074,R,1
18.911325454711914,59369.403391200125,0.08112490922212601,g,1
18.978384017944336,59369.442222199876,0.08192946016788483,R,1
18.861785888671875,59371.408321800176,0.09403729438781737,g,1
18.96084976196289,59371.44193289987,0.1104644313454628,R,1
18.86941719055176,59374.40554400021,0.0986473485827446,g,1
18.93950653076172,59374.44119209983,0.2090376168489456,R,1
19.06179618835449,59376.38085650001,0.08425113558769226,g,1
19.027156829833984,59378.4025347,0.12751349806785586,R,1
19.010150909423828,59378.42298609996,0.09021028876304626,g,1
18.84950065612793,59380.44103009999,0.2827250063419342,R,1
19.2085018157959,59382.42053239979,0.10061490535736084,g,1
19.268600463867188,59385.37425930007,0.13230200111865995,R,1
19.888599395751953,59393.33912040014,0.3408980071544647,g,1
19.742414474487305,59396.39504629978,0.12670254707336426,R,1
20.83760070800781,59401.38231479983,0.3071269989013672,g,1
19.79473114013672,59401.42244210001,0.12351064383983612,R,1
