ant_mag,ant_mjd,ant_magerr,ant_passband,ant_survey
19.23819923400879,59149.252916700214,0.3088429868221283,g,1
19.174259185791016,59151.11945600017,0.12773735821247098,R,1
19.019275665283203,59151.174594900105,0.1213165521621704,g,1
18.70713424682617,59155.11197920004,0.09936357289552687,R,1
18.677160263061523,59164.21835649992,0.138482004404068,g,1
18.90862846374512,59167.11791669997,0.12293865531682968,R,1
18.91939353942871,59167.175474499825,0.0975680574774742,g,1
18.826984405517575,59169.15045139985,0.10070516169071198,R,1
19.08688163757324,59169.21623839997,0.11653685569763185,g,1
19.06162643432617,59171.11188660003,0.09813231229782103,R,1
19.24481964111328,59171.16564809997,0.09869898855686188,g,1
19.028181076049805,59173.114108799964,0.12422673404216765,R,1
19.323856353759766,59173.153842600055,0.16523303091526031,g,1
19.194942474365234,59177.09241899987,0.1415059119462967,R,1
20.14389991760254,59179.13440970006,0.2458910048007965,g,1
19.908536911010746,59194.13199070003,0.2129526287317276,R,1
