ant_mag,ant_mjd,ant_magerr,ant_passband,ant_survey
18.83197021484375,59177.526354200214,0.13664838671684265,g,1
17.304101943969727,59184.50482639996,0.051285583525896065,R,1
17.148992538452152,59185.51192130009,0.04483702778816223,g,1
17.275400161743164,59187.48557869997,0.1023389995098114,R,1
16.89634132385254,59189.508854200125,0.03629741445183754,g,1
16.948299407958984,59194.51563660009,0.04715200141072273,R,1
16.883100509643555,59194.542546300225,0.03371400013566017,g,1
17.15591049194336,59201.513958300005,0.04351446405053139,R,1
17.32822036743164,59204.46782410005,0.038597531616687775,g,1
17.360788345336914,59204.50519679999,0.05008494481444359,R,1
18.25325965881348,59215.484525499865,0.14608296751976013,g,1
17.68634605407715,59216.503599499825,0.06160835176706314,R,1
18.362937927246094,59216.53850689996,0.12463884055614473,g,1
17.81719970703125,59221.44334489992,0.05970311164855958,R,1
18.694543838500977,59221.47387730004,0.1933363378047943,g,1
17.88041877746582,59223.467511599876,0.06370504945516586,R,1
18.97574234008789,59225.463611099876,0.11239950358867644,g,1
18.05270004272461,59227.37849539983,0.07316099852323532,R,1
19.006200790405273,59227.48091439996,0.10119500011205672,g,1
18.279298782348636,59231.48163190018,0.06302787363529205,R,1
19.200538635253906,59234.449687500026,0.18734033405780792,g,1
18.9188175201416,59249.41387729999,0.1227799654006958,R,1
19.95824241638184,59251.419409700204,0.1948852837085724,g,1
19.086013793945312,59251.46233800008,0.12366794794797895,R,1
20.035600662231445,59253.3795138998,0.22211000323295596,g,1
19.13207054138184,59253.48749999981,0.1220499351620674,R,1
19.750999450683594,59255.37743060011,0.1581519991159439,g,1
19.187896728515625,59255.41840279987,0.10200708359479904,R,1
19.77890014648437,59257.37998839981,0.30140700936317444,g,1
19.344898223876953,59262.36067129998,0.14311569929122925,R,1
20.003999710083008,59263.35581019986,0.21925899386405945,g,1
19.382423400878906,59265.35643520019,0.15036769211292267,R,1
19.91517639160156,59265.39844910009,0.18957997858524325,g,1
19.596750259399414,59268.41693289997,0.14246076345443726,R,1
20.11319923400879,59268.437442100134,0.2326570004224777,g,1
19.591100692749023,59276.37649310008,0.23532399535179135,R,1
20.013500213623047,59276.42002309999,0.3241580128669739,g,1
19.95319938659668,59280.28550929995,0.17667900025844574,R,1
20.514799118041992,59290.32878470003,0.2328680008649826,g,1
20.09982681274414,59292.35641200003,0.1732942759990692,R,1
