ant_mag,ant_mjd,ant_magerr,ant_passband,ant_survey
19.465999603271484,59307.31314809992,0.11689099669456482,g,1
19.683900833129886,59307.45116900001,0.2819109857082367,R,1
19.184982299804688,59309.31398149999,0.12604553997516632,g,1
18.97760009765625,59317.316469899844,0.10412099957466124,R,1
19.03654670715332,59321.356597200036,0.14558041095733645,g,1
19.044038772583008,59325.29436339997,0.13418932259082794,R,1
19.14306640625,59325.335219900124,0.19334839284420013,g,1
19.10059928894043,59329.27055560006,0.2114430069923401,R,1
19.93869972229004,59335.271805599805,0.23106899857521054,g,1
19.872947692871094,59341.24997689994,0.19636495411396027,R,1
20.784500122070312,59341.29488429987,0.2943820059299469,g,1
19.992671966552734,59346.29427079996,0.19564566016197205,R,1
