ant_mag,ant_mjd,ant_magerr,ant_passband,ant_survey
19.98849868774414,59376.405439800124,0.16604988276958466,g,1
19.179962158203125,59379.41285880003,0.0939134880900383,R,1
19.02591896057129,59379.42406249978,0.09610675275325777,g,1
18.61791229248047,59384.367500000175,0.08445833623409271,R,1
18.4123592376709,59387.38276620022,0.07225891202688217,g,1
18.481260299682614,59391.40153940023,0.08539582788944244,R,1
18.47342109680176,59393.36134260008,0.0875387117266655,g,1
18.51162338256836,59393.40217590006,0.06935109198093414,R,1
18.577377319335934,59395.396076399826,0.07372456043958664,g,1
18.67788314819336,59397.385810200125,0.07074239104986191,R,1
18.9041805267334,59400.39349539997,0.06655441969633102,g,1
18.828161239624023,59400.436550899874,0.0670006275177002,R,1
19.00807380676269,59402.343900499865,0.10366147756576538,g,1
18.974098205566406,59402.40611110022,0.08753232657909392,R,1
19.30533599853516,59406.384884300176,0.10635724663734436,g,1
19.14247131347656,59406.451018500135,0.08992864191532135,R,1
19.579395294189453,59408.394652800176,0.15844830870628354,g,1
19.2943172454834,59410.40918979981,0.10934378951787947,R,1
19.66154289245605,59410.44789349986,0.1263292133808136,g,1
19.397424697875977,59412.4068287001,0.0905316099524498,R,1
19.93948173522949,59412.451689799775,0.16789516806602478,g,1
19.42618751525879,59415.394953699775,0.08359646797180176,R,1
20.156400680541992,59415.452511600226,0.16713596880435946,g,1
19.551904678344727,59422.415856500156,0.16951018571853638,R,1
