ant_mag,ant_mjd,ant_magerr,ant_passband,ant_survey
19.0899600982666,59066.185555600096,0.12085098773241044,g,1
19.097597122192386,59066.239664400004,0.11859368532896042,R,1
18.823932647705078,59069.18498839997,0.0823839008808136,g,1
18.660070419311523,59072.193530099925,0.07201272249221803,R,1
18.59464263916016,59072.21364580003,0.07090815901756288,g,1
18.71456718444824,59074.18460649997,0.08690166473388672,R,1
18.520967483520508,59075.19679399999,0.07930340617895126,g,1
18.535289764404297,59075.233020800166,0.06676989048719406,R,1
18.600255966186523,59079.185717599925,0.06999427080154419,g,1
18.503522872924805,59079.19510419992,0.07687235623598099,R,1
19.608600616455078,59096.16468749987,0.15442800521850586,g,1
19.22920227050781,59096.19553240017,0.12910905480384827,R,1
