time,mag,magerr,band
59176.48869210016,19.3272762298584,0.0909634456038475,g
59176.5291088,19.58674049377441,0.135306105017662,R
59178.48266200023,19.16549491882324,0.0959146097302436,g
59182.47532409988,19.048831939697266,0.1285281777381897,R
59193.42006940022,19.399999618530277,0.0937490016222,g
59193.484826399945,19.234619140625,0.1037021055817604,R
59198.37339119986,19.835567474365234,0.1380471736192703,g
59200.38090279978,19.47860336303711,0.1375576853752136,R
59203.37518520001,20.3532657623291,0.1936472356319427,g
