ant_mag,ant_mjd,ant_magerr,ant_passband,ant_survey
19.580629348754886,59164.304201399915,0.14092329144477844,R,1
19.730085372924805,59164.35092590004,0.14168018102645874,g,1
19.321340560913086,59166.32420139993,0.10863649845123292,R,1
19.01920318603516,59168.21842590022,0.08876268565654755,g,1
18.99510765075684,59168.2857638998,0.07086289674043655,R,1
18.91737365722656,59170.22112269978,0.09223774820566176,g,1
18.71071052551269,59172.15597219997,0.07169259339570999,R,1
18.8823184967041,59182.22033559997,0.13263481855392456,g,1
18.8341121673584,59182.362488400184,0.10943330079317093,R,1
19.093265533447266,59184.216250000056,0.1692650467157364,g,1
18.871387481689453,59184.31075230008,0.1109495684504509,R,1
19.32460021972656,59188.19939809991,0.11735399812459946,g,1
19.1805419921875,59190.17055559997,0.09734752774238586,R,1
19.646160125732425,59193.2035995,0.16612841188907626,g,1
19.36589241027832,59193.225520799875,0.1215330734848976,R,1
19.842243194580078,59195.23890049989,0.16700559854507446,g,1
19.415035247802734,59199.22410879983,0.113376222550869,R,1
20.401500701904297,59202.223784700036,0.30439600348472595,g,1
20.842191696166992,59232.15167819987,0.2170905023813248,R,1
