ant_mag,ant_mjd,ant_magerr,ant_passband,ant_survey
18.60149955749512,59307.47076389985,0.06644000113010406,R,1
18.27954864501953,59309.36372689996,0.08008931577205658,g,1
18.42650032043457,59309.470625000075,0.06391814351081848,R,1
18.14112663269043,59311.3668056,0.06519094854593277,g,1
18.125362396240234,59313.42320600013,0.0946486070752144,R,1
18.03008460998535,59315.30241899983,0.06584340333938599,g,1
18.195552825927734,59317.44978010002,0.0617172010242939,R,1
18.26996612548828,59320.37532409978,0.0631672814488411,g,1
18.34417533874512,59322.25790510001,0.07290416210889816,R,1
18.379640579223636,59322.42971060006,0.09168586134910583,g,1
18.484699249267575,59324.259548599824,0.07305800169706345,R,1
18.448041915893555,59324.38943290013,0.07626134902238846,g,1
18.798460006713867,59328.28717589984,0.11394857615232468,R,1
19.50628662109375,59334.2467939998,0.17838315665721893,g,1
18.836278915405273,59334.413888900075,0.07830388098955154,R,1
19.627199172973636,59336.4477777998,0.16617999970912933,g,1
18.950300216674805,59336.47057869983,0.0914350003004074,R,1
19.8779354095459,59339.415729199995,0.13421007990837094,g,1
18.99139213562012,59339.44913189997,0.0722675547003746,R,1
19.98454475402832,59341.346597199794,0.16420498490333554,g,1
19.074222564697266,59343.34375,0.09211626648902893,R,1
20.38279914855957,59345.4072106001,0.2660189867019653,g,1
19.49871253967285,59349.328541699804,0.11099450290203093,R,1
20.408300399780273,59349.39393519983,0.2455469965934753,g,1
20.1592960357666,59365.41038190015,0.201349675655365,R,1
20.645700454711914,59365.4527431,0.3446089923381805,g,1
20.546239852905273,59377.387847200036,0.2116650491952896,R,1
