ant_mag,ant_mjd,ant_magerr,ant_passband,ant_survey
19.58449363708496,59251.373449100174,0.15311497449874878,g,1
19.584341049194336,59253.336747699876,0.13711448013782498,R,1
18.828834533691406,59257.3687616,0.1354600340127945,g,1
19.069997787475586,59257.40101849986,0.12656623125076294,R,1
18.71273231506348,59262.31583329989,0.07316151261329651,g,1
18.808107376098636,59264.3581249998,0.07147616893053055,R,1
18.763063430786133,59268.22554400005,0.10233721137046814,g,1
18.77311134338379,59268.33652780019,0.09908579289913176,R,1
18.81336784362793,59270.2775347,0.15694406628608704,g,1
18.999753952026367,59270.32380789983,0.17842648923397064,R,1
19.141645431518555,59275.31053239992,0.1549036055803299,g,1
19.32288932800293,59278.28148149978,0.15239371359348294,R,1
19.388721466064453,59278.29545139987,0.10779573768377304,g,1
19.458431243896484,59281.247268499814,0.11973252147436142,R,1
19.61002540588379,59281.315543999895,0.17355425655841827,g,1
19.776695251464844,59293.23241900001,0.1909116804599762,R,1
