ant_mag,ant_mjd,ant_magerr,ant_passband,ant_survey
19.300064086914066,59410.24569439981,0.1598980873823166,R,1
