ant_mag,ant_mjd,ant_magerr,ant_passband,ant_survey
18.79400062561035,59306.4233448999,0.0971990004181862,g,1
18.72649955749512,59306.49909720012,0.0937350019812584,R,1
18.66110038757324,59308.38057869999,0.07685399800539018,g,1
18.565900802612305,59308.456122700125,0.07282599806785582,R,1
18.528711318969727,59310.42525460013,0.07757527381181717,g,1
18.345272064208984,59312.40094910003,0.07101835310459137,R,1
18.502519607543945,59316.370786999825,0.06290041655302048,g,1
18.429338455200195,59319.39343750012,0.09422552585601808,R,1
18.578105926513672,59319.432604200214,0.08210302144289018,g,1
18.49737930297852,59322.27677079989,0.11145912855863573,R,1
18.77268409729004,59322.42300930014,0.08282636851072311,g,1
18.625368118286133,59324.34048609994,0.0935349464416504,R,1
18.84954643249512,59324.38271989999,0.08538145571947098,g,1
18.873611450195312,59328.31123840017,0.09192006289958954,R,1
19.330984115600586,59328.360937499914,0.1558804214000702,g,1
19.13276672363281,59334.38016200018,0.1193367838859558,R,1
19.660999298095703,59334.45170139987,0.21573199331760406,g,1
19.120100021362305,59336.390879599836,0.11600899696350098,R,1
19.76759910583496,59336.428877300124,0.16804000735282898,g,1
19.149301528930664,59339.33807870001,0.11090994626283646,R,1
20.14329719543457,59339.38203699981,0.1868787705898285,g,1
19.323659896850586,59343.353784699924,0.1186789944767952,R,1
20.415451049804688,59343.381458300166,0.20249973237514496,g,1
19.31991958618164,59345.345902800094,0.1003115177154541,R,1
20.457128524780273,59345.39982639997,0.21638119220733645,g,1
19.487037658691406,59349.33339119983,0.1249581128358841,R,1
20.77899742126465,59349.38142360003,0.201860710978508,g,1
20.33927154541016,59368.38121529994,0.2152215391397476,R,1
