ant_mag,ant_mjd,ant_magerr,ant_passband,ant_survey
19.132583618164066,59248.21837959997,0.08897892385721208,g,1
19.02659797668457,59248.39283559984,0.1149192824959755,R,1
18.64324378967285,59250.192592599895,0.09984789043664932,g,1
18.292940139770508,59252.19123840006,0.060739096254110336,R,1
18.280662536621094,59252.25575229991,0.051207147538661964,g,1
18.11850357055664,59254.18116899999,0.05402235686779022,R,1
17.981534957885742,59254.21868060018,0.057854242622852325,g,1
17.945188522338867,59256.178715299815,0.04194386675953865,R,1
17.718631744384766,59260.201180600096,0.0717838853597641,g,1
17.875001907348633,59263.20744210017,0.07619815319776535,R,1
17.80342674255371,59263.340706000105,0.07360632717609407,g,1
17.873273849487305,59265.30489580008,0.0744209736585617,R,1
18.09227752685547,59269.2395601999,0.08145873993635178,g,1
18.129016876220703,59271.26548610022,0.08814435452222824,R,1
18.31542205810547,59273.16087959986,0.11289570480585097,g,1
18.32190704345703,59273.24945600005,0.14596837759017944,R,1
18.504638671875,59275.161030100186,0.0961838960647583,g,1
18.591197967529297,59278.17784720008,0.08939800411462784,R,1
18.897361755371094,59278.248761599876,0.1196981966495514,g,1
18.59286117553711,59281.20729169994,0.11268079280853273,R,1
19.105199813842773,59281.34028939996,0.14518897235393524,g,1
18.762767791748047,59291.1985185002,0.10929282754659653,R,1
20.125900268554688,59293.15986109991,0.2355320006608963,g,1
19.53334045410156,59308.22118060011,0.16036707162857056,R,1
20.34040069580078,59308.25778939994,0.2619760036468506,g,1
19.84426689147949,59314.277928200085,0.15232715010643005,R,1
20.625200271606445,59316.22487269994,0.25165098905563354,g,1
19.79515838623047,59322.26684030006,0.19214588403701785,R,1
