ant_mag,ant_mjd,ant_magerr,ant_passband,ant_survey
19.36409950256348,58894.52659719996,0.15140999853610992,R,1
19.155099868774414,58894.5620255,0.11916299909353255,g,1
18.784900665283203,58904.53767360003,0.11710400134325027,R,1
18.85070037841797,58904.54795139981,0.11872699856758118,g,1
19.06879997253418,58911.519594899844,0.1864469945430756,R,1
19.49659919738769,58914.46269680001,0.23462800681591034,g,1
19.405269622802734,58914.540057899896,0.16591623425483704,R,1
