ant_mag,ant_mjd,ant_magerr,ant_passband,ant_survey
20.912799835205078,59019.23122690013,0.3559719920158386,R,1
19.990074157714844,59022.19892359991,0.1443067044019699,g,1
19.9419002532959,59022.23026619991,0.125667005777359,R,1
19.26715850830078,59025.229919000056,0.0699576884508133,g,1
18.9902286529541,59028.210740699906,0.12787997722625732,R,1
18.90262222290039,59042.19466440008,0.097006194293499,g,1
19.119625091552734,59048.1897454001,0.10767893493175508,R,1
19.557680130004886,59051.168090300176,0.1795865297317505,g,1
19.28931427001953,59051.1897454001,0.12153662741184235,R,1
