time,mag,magerr,band
59340.23910879996,19.50068473815918,0.1824230700731277,R
