ant_mag,ant_mjd,ant_magerr,ant_passband,ant_survey
19.528947830200195,59158.13891200023,0.153988778591156,R,1
19.551773071289066,59158.148865699775,0.15535208582878113,g,1
18.95165252685547,59164.12800930021,0.11032040417194366,R,1
19.098899841308594,59164.24896989996,0.21553300321102145,g,1
18.89251136779785,59167.12025459996,0.0971732661128044,R,1
18.950176239013672,59171.14988429983,0.08322780579328537,g,1
19.070552825927734,59177.084884299904,0.14290550351142886,R,1
19.262779235839844,59179.12775459979,0.13432757556438446,g,1
19.097951889038086,59183.06910880003,0.16503039002418518,R,1
19.64229965209961,59185.12423609988,0.30078598856925964,g,1
19.627700805664066,59185.1598727,0.28859400749206543,R,1
20.063400268554688,59187.094062500175,0.234935998916626,g,1
19.61323547363281,59189.19971060008,0.1981366127729416,R,1
20.573400497436523,59194.09402780003,0.3638379871845245,g,1
19.72517967224121,59194.12913190015,0.16102205216884613,R,1
