ant_mag,ant_mjd,ant_magerr,ant_passband,ant_survey
17.063175201416016,59095.334294000175,0.0705031156539917,g,1
17.38789939880371,59099.33575229999,0.04704299941658974,R,1
17.316499710083008,59099.39518520003,0.046053998172283166,g,1
17.854204177856445,59108.38593749981,0.051968127489089966,R,1
18.48854637145996,59111.33412039978,0.08032863587141037,g,1
17.934099197387695,59111.40210650022,0.058657363057136536,R,1
18.754684448242188,59114.337303199805,0.08821114152669908,g,1
17.908517837524414,59114.397708300035,0.043823398649692535,R,1
19.011865615844727,59117.33329859981,0.10928354412317276,g,1
18.03430938720703,59117.35487269983,0.051802363246679306,R,1
19.853599548339844,59128.300821799785,0.2800489962100983,g,1
18.79069328308105,59130.27267359988,0.06777865439653398,R,1
19.834562301635746,59134.272638900205,0.18413293361663816,g,1
19.068483352661133,59136.31231479999,0.07387347519397736,R,1
19.93919944763184,59138.25297449995,0.27964600920677185,g,1
19.58830070495605,59152.212858799845,0.2659139931201935,R,1
20.12380027770996,59158.195925899774,0.2725430130958557,g,1
20.155099868774414,59167.241921300076,0.2998600006103516,R,1
20.559799194335934,59168.2087963,0.2641589939594269,g,1
19.90474510192871,59168.27456020005,0.1714753359556198,R,1
20.28169250488281,59170.24796300009,0.1971561461687088,g,1
