ant_mag,ant_mjd,ant_magerr,ant_passband,ant_survey
19.53376579284668,59176.3212731001,0.1243971511721611,R,1
19.67708778381348,59176.3480440001,0.12664024531841278,g,1
18.498851776123047,59183.112453700036,0.1218280792236328,R,1
18.42120742797852,59185.20349540003,0.094011552631855,g,1
18.275543212890625,59185.22840279992,0.06277316808700563,R,1
18.465599060058594,59187.142442100216,0.07247723639011383,g,1
18.236400604248047,59189.216018499814,0.05293203890323639,R,1
18.666400909423828,59193.19870370022,0.0800660029053688,g,1
18.390100479125977,59195.22362270019,0.0630280002951622,R,1
18.710399627685547,59195.24508100003,0.10331100225448607,g,1
18.553003311157227,59199.21533560008,0.05523133277893066,R,1
19.19348907470703,59202.228483799845,0.103962704539299,g,1
18.836763381958008,59204.171145800035,0.10431058704853058,R,1
19.369808197021484,59204.2348495,0.15699130296707153,g,1
18.95061492919922,59211.16535879998,0.10678720474243164,R,1
19.59670066833496,59211.2113194,0.2692039906978607,g,1
19.141597747802734,59218.17767360015,0.09870234876871108,R,1
20.472999572753906,59220.20457179983,0.2115769982337952,g,1
20.00373077392578,59232.14969909983,0.14821185171604154,R,1
