ant_mag,ant_mjd,ant_magerr,ant_passband,ant_survey
19.117237091064453,59251.39266199991,0.1510855108499527,R,1
18.912771224975586,59253.23086810019,0.1101016029715538,g,1
18.510984420776367,59256.23343749996,0.054276179522275925,R,1
18.465272903442386,59265.20577549982,0.09139887243509293,g,1
18.447057723999023,59265.25130790007,0.06719868630170822,R,1
18.527780532836914,59267.27607640019,0.12149805575609207,g,1
18.442678451538086,59267.29486110015,0.07419615983963013,R,1
18.673660278320312,59269.21115740017,0.14503121376037598,g,1
18.71581268310547,59271.25446760002,0.15966647863388062,R,1
18.580547332763672,59271.307256899774,0.2158239185810089,g,1
18.749187469482425,59273.230833299924,0.1754712611436844,R,1
19.09977531433105,59275.16880790005,0.14176037907600406,g,1
19.126548767089844,59278.168090300176,0.1388370245695114,R,1
19.51005744934082,59278.23315969994,0.15466833114624026,g,1
19.5827579498291,59291.20310189994,0.1463395655155182,R,1
