ant_mag,ant_mjd,ant_magerr,ant_passband,ant_survey
18.645368576049805,59165.454675899826,0.07682690024375917,g,1
18.5307674407959,59168.45275459997,0.08644229173660277,R,1
18.371749877929688,59170.444247699816,0.07027886807918549,g,1
18.385099411010746,59173.42368059978,0.16581599414348602,R,1
18.3789005279541,59173.446932900224,0.04886899888515472,g,1
18.433868408203125,59175.488761600114,0.1881939321756363,R,1
18.54923248291016,59180.49483799982,0.08100482821464539,g,1
18.531740188598636,59181.47619209997,0.09667673707008362,R,1
18.59073638916016,59181.54055560008,0.07256201654672623,g,1
18.66530418395996,59182.471469900105,0.09467311948537828,R,1
18.653865814208984,59182.54710649978,0.1003154069185257,g,1
18.745681762695312,59185.3901505,0.11370551586151124,R,1
18.82655143737793,59185.446678199805,0.10612142831087112,g,1
19.086700439453125,59194.39461810003,0.09999799728393556,R,1
19.854900360107425,59194.437939799864,0.14556999504566193,g,1
19.17539978027344,59194.47688659978,0.11821399629116057,R,1
19.98349952697754,59196.4545948999,0.1539590060710907,g,1
19.230287551879886,59196.487372700125,0.10726310312747957,R,1
20.116601943969727,59199.35809030012,0.18241164088249207,g,1
19.4414005279541,59199.447881899774,0.11073900014162064,R,1
20.27152442932129,59199.529976900194,0.18280437588691711,g,1
19.435365676879886,59202.412164399866,0.13134855031967166,R,1
20.500200271606445,59203.38432870014,0.24620799720287326,g,1
19.445436477661133,59203.452638899915,0.10725996643304823,R,1
20.553699493408203,59205.39464120008,0.27635300159454346,g,1
20.263900756835934,59220.30932869995,0.21159309148788447,R,1
21.002899169921875,59221.34322920023,0.3377099931240082,g,1
19.97966766357422,59222.35064810003,0.1867053210735321,R,1
20.879100799560547,59223.340902800206,0.3318769931793213,g,1
20.53339958190918,59223.371342599865,0.236177995800972,R,1
21.23189926147461,59225.348240700085,0.3281779885292053,g,1
20.46571922302246,59228.33973379992,0.2030877023935318,R,1
