ant_mag,ant_mjd,ant_magerr,ant_passband,ant_survey
18.84239959716797,58953.456030100126,0.11196400225162506,R,1
17.700000762939453,58956.46297449991,0.15660299360752106,g,1
17.535100936889652,58964.42321760021,0.05012200027704239,R,1
17.725500106811523,58964.46114580008,0.053213998675346375,g,1
18.083499908447266,58973.33675929997,0.0720369964838028,R,1
18.824499130249023,58973.46090279985,0.09137500077486037,g,1
18.27569961547852,58979.336886600126,0.0970420017838478,R,1
19.6338005065918,58979.43195600017,0.26228898763656616,g,1
20.35733985900879,59015.33350689989,0.17481480538845062,R,1
