ant_mag,ant_mjd,ant_magerr,ant_passband,ant_survey
18.44171905517578,59354.23571760021,0.07712007313966751,R,1
18.513914108276367,59356.21400459996,0.11132694780826567,g,1
18.45101547241211,59356.27496530023,0.12303388863801955,R,1
18.69380187988281,59359.256030099925,0.14986322820186615,g,1
18.57258415222168,59366.22274310003,0.09924931079149246,R,1
