ant_mag,ant_mjd,ant_magerr,ant_passband,ant_survey
17.771991729736328,59264.48664350017,0.044758286327123635,g,1
17.786561965942386,59264.5256829001,0.05543044582009316,R,1
17.612899780273438,59266.508287,0.06406799703836441,g,1
17.516172409057614,59268.451481500175,0.054941482841968536,R,1
17.475191116333008,59270.45440969988,0.04920557141304016,g,1
17.46748161315918,59272.48571760021,0.05617048218846321,R,1
17.606775283813477,59275.4640740999,0.053248047828674316,g,1
17.888425827026367,59278.486169000156,0.04689090698957443,R,1
17.881479263305664,59278.51077549997,0.049410704523324966,g,1
18.359039306640625,59291.38344909996,0.05984862893819809,R,1
19.972299575805664,59295.32891200018,0.2670640051364899,g,1
19.389799118041992,59307.40989580005,0.10838299989700316,R,1
20.34508514404297,59309.34598380001,0.20661641657352448,g,1
19.5190486907959,59309.41494210018,0.11272260546684265,R,1
20.333829879760746,59311.37303239992,0.1768663376569748,g,1
19.70400047302246,59313.42109949981,0.21954099833965304,R,1
20.609600067138672,59313.48155089981,0.2851249873638153,g,1
20.030254364013672,59324.27662040014,0.1928759813308716,R,1
