time,mag,magerr,band
59291.2828241,18.3773136138916,0.0617819353938102,g
59296.37469909992,18.09048843383789,0.0732384622097015,R
59300.34728009999,19.58639907836914,0.3874180018901825,g
59309.28737269994,19.29279327392578,0.1071461215615272,R
59311.28763889987,20.64550018310547,0.2728660106658935,g
59313.30984950019,19.6077938079834,0.1298547834157943,R
59317.26888890006,21.19729995727539,0.3077000081539154,g
59321.3072106,20.134525299072266,0.1689119189977646,R
