ant_mag,ant_mjd,ant_magerr,ant_passband,ant_survey
18.846099853515625,58954.21059030014,0.08690100163221359,R,1
18.76099967956543,58962.22543979995,0.06968100368976593,g,1
18.593799591064453,58962.263830999844,0.06439299881458282,R,1
18.88960075378418,58965.239490699954,0.07042200118303299,g,1
18.7322998046875,58968.19230319979,0.05877799913287163,R,1
19.071399688720703,58968.26612270017,0.06948500126600267,g,1
18.87069129943848,58971.1828935002,0.09144826233386992,R,1
19.538799285888672,58974.174988400184,0.2090809941291809,g,1
19.093000411987305,58974.234224500135,0.13991400599479675,R,1
20.143991470336914,58980.195729199804,0.1178615540266037,g,1
19.192800521850586,58980.24629630009,0.09621649980545044,R,1
