ant_mag,ant_mjd,ant_magerr,ant_passband,ant_survey
19.810699462890625,59138.259062500205,0.1732349991798401,g,1
19.64060401916504,59138.30458329991,0.1549169272184372,R,1
19.33470916748047,59140.275590300094,0.12465838342905045,g,1
19.090229034423828,59144.23177079996,0.10040460526943208,R,1
18.955078125,59144.31913190009,0.08691955357789992,g,1
18.77458953857422,59149.211134300094,0.16411711275577545,R,1
18.695863723754886,59153.211377299864,0.1397029608488083,g,1
18.77296257019043,59153.326481500175,0.13145704567432406,R,1
18.85987091064453,59155.167661999825,0.1248808279633522,g,1
18.87775421142578,59155.24879630003,0.08665376901626587,R,1
18.95235824584961,59157.29193289997,0.12151437997817993,g,1
18.910053253173828,59157.346493099816,0.08528216928243637,R,1
19.7908992767334,59164.25424769986,0.30695798993110657,g,1
19.40635681152344,59167.22809030023,0.1462572067975998,R,1
20.058799743652344,59167.254375000026,0.22626399993896484,g,1
19.465930938720703,59169.190416700214,0.1312977522611618,R,1
20.09429931640625,59169.245092600126,0.22300300002098086,g,1
19.615219116210934,59173.21689809999,0.13454331457614901,R,1
