ant_mag,ant_mjd,ant_magerr,ant_passband,ant_survey
19.346399307250977,58879.19547449984,0.15918999910354614,g,1
19.459299087524414,58880.20848379983,0.10470499843358994,R,1
19.023099899291992,58881.193136599846,0.12154199928045273,g,1
18.872600555419922,58884.20336809987,0.14105400443077087,R,1
18.41209983825684,58891.24513889988,0.08830700069665909,g,1
18.571800231933594,58894.24273149995,0.07355400174856186,R,1
18.54730033874512,58895.20309029985,0.08194000273942947,g,1
18.791799545288086,58900.185161999885,0.11375799775123595,R,1
18.941499710083008,58900.2980324002,0.12108399718999865,g,1
18.99029922485352,58903.18023149995,0.09064000099897383,R,1
19.251300811767575,58904.164189800154,0.12595300376415253,g,1
18.944299697875977,58905.20061339997,0.12465500086545946,R,1
19.513599395751953,58906.142731499865,0.14721199870109558,g,1
19.100000381469727,58906.19077550016,0.1143369972705841,R,1
19.404600143432614,58906.258495400194,0.14782899618148804,g,1
19.29389953613281,58909.1140509001,0.19099900126457212,R,1
19.957799911499023,58912.13556709979,0.2836199998855591,g,1
19.277708053588867,58912.17053239979,0.1373656839132309,R,1
