ant_mag,ant_mjd,ant_magerr,ant_passband,ant_survey
18.68409919738769,59004.18892360013,0.12598499655723572,g,1
18.252399444580078,59009.20146990009,0.06416799873113632,R,1
18.103099822998047,59012.19789349986,0.054646000266075134,g,1
18.246400833129886,59015.21498840022,0.06290099769830704,R,1
18.35849952697754,59018.20458329981,0.06173700094223024,g,1
18.45870590209961,59019.186817099806,0.07024650275707245,R,1
18.78485107421875,59021.229479200214,0.08540938049554825,g,1
18.580734252929688,59021.238588000175,0.08735792338848114,R,1
19.09562110900879,59024.202997699846,0.07602936029434204,g,1
18.778209686279297,59024.21462959983,0.13369719684123993,R,1
19.46784210205078,59027.193877299775,0.16390012204647064,g,1
18.804065704345703,59027.25587960008,0.10393667966127396,R,1
