time,mag,magerr,band
59381.2989236,18.687244415283203,0.0976793766021728,g
59383.22790510021,18.65013694763184,0.1322922110557556,R
59391.21486110008,19.17512321472168,0.151978999376297,g
