ant_mag,ant_mjd,ant_magerr,ant_passband,ant_survey
19.356599807739254,58980.199490699924,0.09206900000572203,g,1
18.96269989013672,58980.24300929997,0.06970900297164917,R,1
19.83449935913086,58991.18427080009,0.1571889966726303,g,1
18.83830070495605,58994.20180559997,0.08076799660921098,R,1
20.66010093688965,58997.20646989998,0.24852700531482694,g,1
19.087255477905273,58997.24339119997,0.08359643816947937,R,1
