ant_mag,ant_mjd,ant_magerr,ant_passband,ant_survey
19.976900100708008,59365.354618099984,0.25094398856163025,R,1
18.31178855895996,59369.23262730008,0.0597851499915123,g,1
17.23795509338379,59379.231354199816,0.036893915385007865,R,1
17.162315368652347,59381.29172449977,0.05559499189257622,g,1
17.440858840942386,59385.23028940009,0.045584287494421005,R,1
17.364795684814453,59385.27396989986,0.041303399950265884,g,1
17.907611846923828,59390.31252310006,0.06572407484054565,R,1
17.94977569580078,59392.211226900115,0.05314286053180695,g,1
17.961891174316406,59392.31663190015,0.07086622714996338,R,1
18.247034072875977,59394.19100689981,0.062184367328882224,g,1
17.955236434936523,59394.2993402998,0.07336488366127014,R,1
18.452709197998047,59396.231597200036,0.06667150557041167,g,1
17.99312973022461,59399.18932869983,0.05327218025922775,R,1
19.01024627685547,59401.231608800124,0.10240962356328964,g,1
18.36143112182617,59405.197615699835,0.06719231605529785,R,1
19.69972038269043,59407.24959489983,0.17851784825325012,g,1
18.70582771301269,59409.18572920003,0.08064389228820801,R,1
19.590211868286133,59409.228668999865,0.15472626686096191,g,1
18.78371238708496,59411.211932899896,0.12361954152584075,R,1
19.997560501098636,59423.20872690016,0.20761838555336,g,1
