ant_mag,ant_mjd,ant_magerr,ant_passband,ant_survey
19.63113212585449,59293.21302080015,0.15045133233070376,R,1
19.374021530151367,59293.2776389001,0.11025340110063553,g,1
19.14621353149414,59296.248449100174,0.13543887436389926,R,1
18.96150016784668,59296.30493059987,0.1879280060529709,g,1
18.65959930419922,59301.31287040003,0.2371560037136078,R,1
18.531423568725586,59303.25552080013,0.10376586765050888,g,1
18.618507385253906,59303.317638900124,0.12882421910762787,R,1
18.605499267578125,59307.15604169992,0.0785679966211319,g,1
18.609100341796875,59307.22944439994,0.06650599837303163,R,1
18.63551139831543,59309.170509300195,0.10070748627185823,g,1
18.70028114318848,59311.16906249988,0.11108305305242537,R,1
18.794736862182614,59311.20762730017,0.16513021290302274,g,1
18.75368881225586,59313.20687500015,0.0854872316122055,R,1
19.379701614379886,59322.19208330009,0.1376766711473465,g,1
19.21714401245117,59322.23371529997,0.11913980543613435,R,1
19.51210021972656,59324.17046299996,0.1723639965057373,g,1
19.184701919555664,59328.170080999844,0.20488405227661133,R,1
19.792600631713867,59328.211886600126,0.3049199879169464,g,1
19.56760025024414,59335.19209490017,0.12398599833250044,R,1
20.18680000305176,59335.213796299875,0.2827369868755341,g,1
19.88479423522949,59344.19214119995,0.1751583218574524,R,1
