ant_mag,ant_mjd,ant_magerr,ant_passband,ant_survey
19.599300384521484,58974.36893519992,0.1845329999923706,R,1
19.343000411987305,58977.39351850003,0.27003398537635803,g,1
18.69540023803711,58977.46351849986,0.15777599811553955,R,1
18.768199920654297,58980.4308449002,0.11134099960327147,g,1
20.17487907409668,59028.25579860015,0.2056279331445694,R,1
