ant_mag,ant_mjd,ant_magerr,ant_passband,ant_survey
19.056400299072266,58891.47511570017,0.14019599556922913,g,1
18.37299919128418,58894.5413079001,0.07085700333118439,R,1
18.24659919738769,58894.55975690018,0.08161500096321106,g,1
17.891199111938477,58904.52377310023,0.062079999595880515,R,1
17.827299118041992,58904.551608799964,0.06398999691009521,g,1
18.00349998474121,58908.51431709993,0.06313899904489517,R,1
18.032100677490234,58908.54572919988,0.0777750015258789,g,1
18.18180084228516,58911.50333329989,0.09944099932909012,R,1
18.20840072631836,58914.489884300165,0.1607930064201355,g,1
18.44860076904297,58914.52197920019,0.07753100246191025,R,1
20.31682777404785,58936.49798610015,0.19355550408363345,g,1
19.169431686401367,58936.50655090017,0.1072380393743515,R,1
