ant_mag,ant_mjd,ant_magerr,ant_passband,ant_survey
19.50068473815918,59340.239108799964,0.18242307007312772,R,1
