time,mag,magerr,band
59270.28969909996,18.29399871826172,0.1320609301328659,g
59270.39032409992,18.24359703063965,0.0950730666518211,R
59274.23268519994,18.168699264526367,0.2350639998912811,g
59280.29510420002,18.2012996673584,0.0852229967713356,R
59292.27306709997,18.98659324645996,0.1088694110512733,g
