time,mag,magerr,band
58964.35556709999,20.358999252319336,0.2825239896774292,g
58979.30824070005,18.378400802612305,0.1736630052328109,R
58987.248425900005,19.288299560546875,0.1421130001544952,g
58993.29421300022,19.167999267578125,0.1086380034685134,R
58996.19096060004,19.698299407958984,0.1944880038499832,g
59020.23122690013,20.137500762939453,0.2030881196260452,R
