ant_mag,ant_mjd,ant_magerr,ant_passband,ant_survey
19.44969940185547,59308.4734259001,0.10695900022983552,g,1
19.44440078735352,59308.502905100126,0.15126700699329376,R,1
19.011632919311523,59311.45237269998,0.07003393024206161,g,1
18.86009979248047,59314.470312499914,0.057569999247789376,R,1
18.817100524902344,59314.49232639978,0.07829999923706055,g,1
18.6785888671875,59317.44829860004,0.08199071884155272,R,1
18.711885452270508,59320.45116900001,0.07261427491903305,g,1
18.561317443847656,59320.48545139981,0.061877556145191186,R,1
18.76462745666504,59322.44997690013,0.07392089813947678,g,1
18.572742462158203,59322.47049769992,0.05681180581450462,R,1
18.856369018554688,59324.41254629986,0.07309852540493011,g,1
18.73419952392578,59329.453564799864,0.08156599849462509,R,1
19.829099655151367,59335.45137730008,0.16794200241565704,g,1
19.04055595397949,59335.47098380001,0.17267628014087674,R,1
19.88820075988769,59337.4301967998,0.2372049987316132,g,1
19.054107666015625,59337.454074100126,0.1102299466729164,R,1
20.160663604736328,59339.432719899814,0.1431928426027298,g,1
19.354251861572266,59341.45344909978,0.10366369783878326,R,1
20.324016571044922,59341.4713773001,0.19513684511184687,g,1
19.424148559570312,59344.415069399874,0.07787398993968964,R,1
20.540912628173828,59344.46599540021,0.21405382454395291,g,1
19.396080017089844,59346.43141200022,0.0737404003739357,R,1
20.661399841308594,59346.46568290005,0.22098100185394287,g,1
20.5323429107666,59378.3853703998,0.20455853641033173,R,1
