ant_mag,ant_mjd,ant_magerr,ant_passband,ant_survey
18.42840003967285,58851.439803199835,0.10362499952316284,R,1
18.4414005279541,58854.48177079996,0.16311599314212802,g,1
18.61389923095703,58864.31643520017,0.09355100244283676,R,1
19.747800827026367,58876.230787000146,0.18180400133132932,g,1
19.789106369018555,58894.23850690015,0.1856176406145096,R,1
