ant_mag,ant_mjd,ant_magerr,ant_passband,ant_survey
18.85835075378418,59092.495775499854,0.09265343099832536,g,1
18.378196716308594,59094.44596059992,0.12964372336864471,R,1
18.391876220703125,59094.503657400135,0.10533292591571808,g,1
18.30747413635254,59096.443182900075,0.1040324568748474,R,1
17.732999801635742,59102.495972199824,0.31266000866889954,g,1
18.096912384033203,59104.4521296001,0.12506896257400513,R,1
18.02454376220703,59106.4811689998,0.09394507855176926,g,1
18.119672775268555,59106.52281250013,0.10099241882562636,R,1
18.095233917236328,59107.416909699794,0.10480955243110657,g,1
18.14876365661621,59108.482847199775,0.07986587285995482,R,1
18.07880210876465,59108.502997700125,0.07429443299770355,g,1
18.3114070892334,59112.481018499944,0.06865908205509186,R,1
18.38746452331543,59113.396770800005,0.08355682343244553,g,1
18.378093719482425,59113.50130790007,0.05971525609493256,R,1
18.824504852294922,59118.480590300176,0.09527947753667833,g,1
18.686071395874023,59118.50261570001,0.07466931641101837,R,1
18.977100372314453,59121.43656249996,0.13135099411010742,g,1
18.76763916015625,59124.44200230017,0.13313142955303192,R,1
19.18045997619629,59124.4977545999,0.16141852736473086,g,1
18.793651580810547,59126.42027779994,0.14013990759849548,R,1
19.37430000305176,59126.46060189977,0.2068170011043549,g,1
19.08795166015625,59130.461620400194,0.11325060576200485,R,1
20.144500732421875,59134.414583299775,0.2907620072364807,g,1
19.201702117919922,59134.46115740017,0.11434359848499298,R,1
20.289081573486328,59136.43900460005,0.17452776432037356,g,1
19.327009201049805,59139.368252300184,0.13390995562076569,R,1
20.461700439453125,59139.42056709993,0.4598099887371063,g,1
19.516544342041016,59141.37868059985,0.15639391541481018,R,1
20.86289978027344,59143.41949070013,0.2989659905433655,g,1
19.663732528686523,59145.377303199835,0.1321311742067337,R,1
20.88039970397949,59145.42159719997,0.2185650020837784,g,1
19.524900436401367,59151.3717939998,0.19233570992946625,R,1
