ant_mag,ant_mjd,ant_magerr,ant_passband,ant_survey
19.368059158325195,59251.41990739992,0.17733097076416016,g,1
19.479000091552734,59251.47958330018,0.1762939989566803,R,1
18.903520584106445,59253.382338,0.11376653611660005,g,1
18.946992874145508,59253.481875000056,0.08256025612354279,R,1
18.63615608215332,59255.396157400224,0.0693538635969162,g,1
18.82364845275879,59255.41890050005,0.07899513095617294,R,1
18.364999771118164,59257.38092589984,0.2012728452682495,g,1
18.28700065612793,59262.37425930007,0.05768100172281265,R,1
18.25464630126953,59264.415798599824,0.06493750214576721,g,1
18.32563018798828,59270.38923610003,0.08418913185596466,R,1
18.270015716552734,59272.405266200185,0.1604696363210678,g,1
18.67400550842285,59278.440416700214,0.09299464523792267,R,1
20.038000106811523,59291.294536999885,0.22261999547481534,g,1
19.840803146362305,59323.335463,0.17761176824569702,R,1
