ant_mag,ant_mjd,ant_magerr,ant_passband,ant_survey
16.69565200805664,59400.19942130009,0.03791406750679016,R,1
