ant_mag,ant_mjd,ant_magerr,ant_passband,ant_survey
19.48704719543457,59252.52364580008,0.11510802060365675,g,1
19.12050437927246,59254.418518499944,0.14224262535572052,R,1
18.790748596191406,59256.48804400022,0.08321980386972427,g,1
18.638147354125977,59260.3990162001,0.11991778016090393,R,1
18.696308135986328,59264.41483800019,0.08966881781816483,g,1
18.64699363708496,59266.379953700125,0.10955961048603058,R,1
19.01096534729004,59269.45864580013,0.10663780570030212,g,1
