ant_mag,ant_mjd,ant_magerr,ant_passband,ant_survey
19.898237228393555,59314.17760419985,0.14319851994514465,R,1
19.871131896972656,59314.227025500026,0.14720091223716736,g,1
19.139951705932614,59316.18460649997,0.0859963446855545,R,1
19.086294174194336,59316.20515049994,0.08201385289430617,g,1
18.41451835632324,59319.20210650005,0.06706724315881729,R,1
18.01685333251953,59321.18094909983,0.05692262202501298,g,1
18.17655372619629,59321.19472219981,0.054699592292308814,R,1
17.854694366455078,59323.182129600085,0.051490187644958496,g,1
17.89438819885254,59325.183460600216,0.05079658702015877,R,1
17.794700622558594,59329.1828935002,0.054545998573303216,g,1
17.899999618530273,59329.21390049997,0.06161399930715561,R,1
18.46217918395996,59338.17891199981,0.06791671365499496,g,1
18.48153114318848,59338.22163189994,0.07625370472669601,R,1
18.68609619140625,59340.177557900075,0.0750003531575203,g,1
18.580476760864254,59340.24565970013,0.0755586326122284,R,1
18.86414337158203,59342.24553239998,0.0838768258690834,g,1
18.709026336669922,59342.28733799978,0.09906665980815887,R,1
19.11419677734375,59344.183842599865,0.10553716123104097,g,1
18.70008087158203,59344.20104169985,0.06976297497749329,R,1
19.394695281982425,59346.181805599954,0.14222821593284607,g,1
18.75422477722168,59348.18133099983,0.08316242694854736,R,1
19.51022720336914,59348.22245369991,0.15526406466960907,g,1
