ant_mag,ant_mjd,ant_magerr,ant_passband,ant_survey
20.153499603271484,59346.43752310006,0.273171991109848,R,1
19.173599243164066,59349.43151619983,0.08964899927377701,g,1
19.17169952392578,59349.46387729981,0.10717500001192093,R,1
18.428733825683594,59353.41237269994,0.09918421506881714,g,1
18.49650001525879,59354.424282399945,0.1587669998407364,R,1
18.41230010986328,59354.44749999978,0.1175990030169487,g,1
18.387714385986328,59356.405960599885,0.09904944896697998,R,1
18.24303436279297,59356.46699069999,0.07654363662004471,g,1
18.325668334960934,59359.431863400154,0.0745396837592125,R,1
18.195945739746094,59359.4495139001,0.07926008850336075,g,1
18.294897079467773,59361.42445599986,0.08715242892503737,R,1
18.30128288269043,59362.42987270001,0.07896186411380768,g,1
18.29120445251465,59362.45002309977,0.07772607356309891,R,1
18.3572998046875,59364.410659700174,0.08411800116300583,g,1
18.46050262451172,59365.42506940012,0.08581145852804184,R,1
18.427011489868164,59365.447233799845,0.07841473072767258,g,1
18.438379287719727,59367.41202550009,0.09000638872385025,R,1
18.66729164123535,59369.41276620002,0.07616207003593445,g,1
18.62434959411621,59369.453275499865,0.09741506725549698,R,1
18.836750030517575,59371.41535879998,0.07571858912706375,g,1
18.78664779663086,59371.452951400075,0.07491002976894379,R,1
19.29695701599121,59376.405439800124,0.15141797065734866,g,1
19.11591911315918,59378.41342590004,0.13067664206027985,R,1
19.470691680908203,59378.42775460008,0.11506360024213792,g,1
18.91451835632324,59379.41285880003,0.07911105453968048,R,1
19.64565086364746,59379.42406249978,0.1234906241297722,g,1
19.053712844848636,59384.36656250013,0.1283753216266632,R,1
19.943500518798828,59384.38697919994,0.340380996465683,g,1
19.23269844055176,59386.410983799964,0.12749965488910675,R,1
20.36704444885254,59386.4449306,0.2167734056711197,g,1
19.991455078125,59400.436550899874,0.18350613117218015,R,1
20.82699966430664,59402.344363399774,0.2933639883995056,g,1
20.126205444335934,59402.40611110022,0.20772957801818848,R,1
20.945600509643555,59404.38331020017,0.339572012424469,g,1
20.24860000610352,59412.4068287001,0.2181050032377243,R,1
21.16819953918457,59414.40233800002,0.2972249984741211,g,1
20.41538619995117,59415.394953699775,0.2061416208744049,R,1
