ant_mag,ant_mjd,ant_magerr,ant_passband,ant_survey
18.687244415283203,59381.29892359999,0.09767937660217284,g,1
18.65013694763184,59383.22790510021,0.13229221105575562,R,1
19.17512321472168,59391.21486110008,0.151978999376297,g,1
