ant_mag,ant_mjd,ant_magerr,ant_passband,ant_survey
19.761499404907227,59179.3165972,0.2294979989528656,R,1
19.621999740600586,59179.435868099805,0.24748800694942474,g,1
18.87485694885254,59185.34002309991,0.11486310511827467,R,1
18.565778732299805,59187.361169000156,0.114797905087471,g,1
18.59906768798828,59189.3285995,0.07346980273723602,R,1
18.4724063873291,59192.29403939982,0.1444791704416275,g,1
18.578500747680664,59194.29370369995,0.07220800220966339,R,1
18.58919906616211,59194.316875000026,0.09135399758815764,g,1
18.632436752319336,59196.299571800046,0.10646856576204301,R,1
18.602685928344727,59196.329745400224,0.0940406247973442,g,1
18.650299072265625,59198.287523100145,0.06931500136852264,R,1
18.956871032714844,59200.296747699846,0.1519169807434082,g,1
18.940792083740234,59203.23366900021,0.09456637501716614,R,1
19.172462463378906,59203.29832179983,0.13092041015625,g,1
18.96654510498047,59205.2412963002,0.0930461287498474,R,1
19.28097343444824,59205.27489579981,0.13284727931022644,g,1
19.20736122131348,59216.274490700096,0.1585298478603363,R,1
20.5398006439209,59218.231898100115,0.2626369893550873,g,1
20.140989303588867,59230.213298600174,0.21260735392570496,R,1
