time,mag,magerr,band
58905.20905089984,17.7822322845459,0.0970061942934989,R
