time,mag,magerr,band
59049.4181597,18.67864227294922,0.0692588835954666,R
59055.41837960016,18.782493591308597,0.0989997908473014,g
59062.47996529983,18.87398338317871,0.0833620950579643,R
59073.41812499985,20.002500534057617,0.2232870012521743,g
59073.45798610011,19.33770751953125,0.107965163886547,R
59075.43059029989,20.19860076904297,0.2296810001134872,g
59080.35540510016,19.41202735900879,0.1092222332954406,R
59082.41280090017,20.71269989013672,0.3415850102901459,g
59088.39722219994,19.759456634521484,0.1367898285388946,R
