ant_mag,ant_mjd,ant_magerr,ant_passband,ant_survey
18.4387321472168,59124.16089119995,0.1113150119781494,g,1
18.254573822021484,59128.26491900021,0.06954421103000641,R,1
18.19294548034668,59128.28129629978,0.0640590637922287,g,1
18.249832153320312,59130.19553240017,0.0676419734954834,R,1
18.24823570251465,59130.23453699984,0.06309746950864792,g,1
18.25320053100586,59134.195416700095,0.054044999182224274,R,1
18.44329643249512,59134.22747689997,0.07503865659236908,g,1
18.381317138671875,59136.18468749988,0.061553787440061576,R,1
19.40218544006348,59143.20550929987,0.1176798939704895,g,1
18.939653396606445,59145.17006940022,0.09911277890205383,R,1
19.52552795410156,59145.23268519994,0.15800437331199646,g,1
18.75827407836914,59147.27524309978,0.20654940605163571,R,1
19.854700088500977,59150.17137729983,0.2781830132007599,g,1
19.62154769897461,59158.14498839992,0.14624211192131042,R,1
