ant_mag,ant_mjd,ant_magerr,ant_passband,ant_survey
18.7769775390625,59150.175451400224,0.1313074380159378,g,1
18.872976303100586,59150.21392360004,0.12078383564949036,R,1
18.38665771484375,59152.11796300019,0.07203098386526108,g,1
17.986644744873047,59165.09525460005,0.04797005280852318,R,1
17.974103927612305,59165.17534720013,0.06665080785751343,g,1
18.07699966430664,59167.094004599836,0.0661814734339714,R,1
18.17325782775879,59169.11140049994,0.07491469383239746,g,1
18.24774742126465,59171.09504629998,0.06657667458057404,R,1
18.344615936279297,59171.16177080013,0.06879555433988571,g,1
18.63015365600586,59178.1020717998,0.05713992938399315,R,1
