ant_mag,ant_mjd,ant_magerr,ant_passband,ant_survey
20.110300064086914,59185.533125000075,0.2356240004301071,R,1
19.354999542236328,59187.53972220003,0.20955200493335724,g,1
19.227968215942386,59189.472314800136,0.1561926305294037,R,1
19.058673858642575,59189.518078700174,0.09223489463329317,g,1
18.848899841308594,59194.50506940018,0.08630599826574326,R,1
18.6299991607666,59194.536840300076,0.11045199632644652,g,1
18.72840690612793,59198.46876160009,0.08799872547388078,R,1
18.503454208374023,59200.475705999874,0.12239721417427064,g,1
18.82212829589844,59203.49104169988,0.11367318779230118,R,1
18.737693786621094,59203.54680560018,0.07606770098209381,g,1
19.135393142700195,59215.46967589995,0.17780335247516632,R,1
19.612056732177734,59217.446585599806,0.1984831690788269,g,1
19.393117904663086,59217.46501159994,0.1738419383764267,R,1
19.86769676208496,59219.45484950022,0.1706591248512268,g,1
19.449100494384766,59219.507581000216,0.1573231965303421,R,1
20.235200881958008,59223.40716439997,0.2531900107860565,g,1
19.4947509765625,59223.487812499974,0.15367773175239566,R,1
20.645299911499023,59227.48807869991,0.2425599992275238,g,1
19.61648178100586,59229.513958300005,0.18028892576694489,R,1
20.789100646972656,59231.43053240003,0.2424419969320297,g,1
19.837200164794922,59231.47777780006,0.11565203964710236,R,1
