time,mag,magerr,band
59200.39614580013,19.30340003967285,0.2377379983663559,R
59203.37905090023,19.46529769897461,0.1829371452331543,g
59232.33549770014,19.809513092041016,0.1679449379444122,R
