ant_mag,ant_mjd,ant_magerr,ant_passband,ant_survey
19.810400009155273,58973.470370400224,0.16814200580120087,g,1
19.11479949951172,58976.35346060013,0.15073099732398987,R,1
18.798799514770508,58976.49232639978,0.18042400479316711,g,1
18.51309967041016,58979.34028939996,0.09110800176858902,R,1
18.379199981689453,58979.447430599954,0.09229400008916856,g,1
18.22010040283203,58985.40783559997,0.0654349997639656,R,1
18.203899383544922,58991.41055560019,0.06641700118780136,g,1
18.1697998046875,58991.44721060013,0.0594480000436306,R,1
18.629100799560547,58997.411574100144,0.07810000330209732,g,1
18.707000732421875,59004.297326399945,0.10587599873542786,R,1
19.84160041809082,59008.31130790013,0.25077301263809204,g,1
18.884300231933594,59008.340717600186,0.11052999645471573,R,1
19.627399444580078,59009.28525459999,0.18962900340557096,g,1
18.94729995727539,59009.37218749988,0.11228100210428238,R,1
19.908700942993164,59011.307175899856,0.21573300659656525,g,1
18.893699645996094,59012.27723379992,0.1295820027589798,R,1
19.84779930114746,59012.32173610013,0.1778160035610199,g,1
18.982500076293945,59013.33206020017,0.1113789975643158,R,1
20.402000427246094,59014.3581249998,0.2479110062122345,g,1
18.967100143432614,59016.25967589999,0.14054100215435028,R,1
20.482200622558594,59016.353356500156,0.29405900835990906,g,1
19.07430076599121,59017.28054400021,0.10133299976587297,R,1
20.629499435424805,59019.27956019994,0.235616996884346,g,1
19.2802791595459,59020.29037040007,0.10344763100147247,R,1
20.526500701904297,59020.37478009983,0.2458299994468689,g,1
19.350149154663086,59023.30836809985,0.08856227993965149,R,1
20.703500747680664,59023.332164399784,0.24585400521755216,g,1
19.492382049560547,59024.26157409978,0.11338941007852554,R,1
20.915599822998047,59026.367037000135,0.3716619908809662,g,1
19.559585571289066,59027.38464119983,0.12994948029518127,R,1
20.771299362182614,59030.369525500115,0.3166449964046478,g,1
20.39976119995117,59047.327141200185,0.19857972860336304,R,1
