ant_mag,ant_mjd,ant_magerr,ant_passband,ant_survey
20.643299102783203,59135.487916700076,0.2370100021362305,R,1
19.731430053710934,59137.44564810023,0.10485569387674333,g,1
19.78558349609375,59137.49041670003,0.1515524685382843,R,1
18.982744216918945,59139.43493060023,0.09155037999153136,g,1
19.09828758239746,59139.489826399826,0.10500486195087433,R,1
18.47089385986328,59141.46694440022,0.0628969594836235,g,1
18.69043731689453,59141.490636600174,0.08073826134204865,R,1
18.15329933166504,59143.43284719996,0.04546799883246422,g,1
18.29684829711914,59143.46674769978,0.06877582520246506,R,1
17.955799102783203,59145.47010419984,0.053252998739480965,g,1
17.88804054260254,59149.346793999895,0.0632864236831665,R,1
17.767934799194336,59151.489467599895,0.04096416756510735,g,1
17.83391761779785,59153.48918979988,0.0539187416434288,R,1
17.8513240814209,59155.40959489998,0.057443387806415565,g,1
17.78351402282715,59155.44334489992,0.047707121819257736,R,1
17.911813735961914,59157.411284700036,0.06597519665956497,g,1
18.153249740600586,59163.51079860004,0.054363034665584564,R,1
18.55711936950684,59165.37502310006,0.06134980916976929,g,1
18.425832748413086,59167.49655089992,0.08952700346708298,R,1
18.732219696044922,59167.51216439996,0.0765945240855217,g,1
18.5429744720459,59169.511238399886,0.08196774125099182,R,1
19.076616287231445,59171.4125926001,0.07428931444883348,g,1
18.512142181396484,59171.46234950004,0.07461334019899367,R,1
19.450639724731445,59176.38993059984,0.12671658396720886,g,1
18.599891662597656,59179.3601735998,0.08442112803459167,R,1
19.653949737548828,59179.45644679992,0.12594567239284515,g,1
18.831090927124023,59185.3682754999,0.11391859501600266,R,1
20.001100540161133,59187.38431710005,0.23494499921798706,g,1
19.529333114624023,59196.382615699906,0.15107932686805725,R,1
20.719900131225586,59199.34515050008,0.23257400095462802,g,1
19.7568473815918,59204.369409699924,0.12914746999740598,R,1
20.58728790283203,59204.44211809988,0.19179928302764893,g,1
19.927143096923828,59217.35145829991,0.18549680709838867,R,1
