time,mag,magerr,band
58851.43980319984,18.42840003967285,0.1036249995231628,R
58854.48177079996,18.4414005279541,0.163115993142128,g
58864.31643520016,18.61389923095703,0.0935510024428367,R
58876.23078700015,19.747800827026367,0.1818040013313293,g
58894.23850690015,19.789106369018555,0.1856176406145095,R
