ant_mag,ant_mjd,ant_magerr,ant_passband,ant_survey
19.78602409362793,59223.17796299978,0.1836382895708084,g,1
19.487499237060547,59223.303020800005,0.13447900116443634,R,1
19.36591911315918,59225.22100690008,0.12316757440567015,g,1
19.20804786682129,59225.30003469996,0.13129904866218567,R,1
19.166749954223636,59227.22208329989,0.1482500433921814,g,1
19.1767578125,59227.303969900124,0.15073496103286746,R,1
18.90970039367676,59229.22917820001,0.2472060024738312,g,1
19.031444549560547,59229.2624884001,0.18034882843494413,R,1
19.08780670166016,59229.30678239978,0.1774054914712906,g,1
18.85633659362793,59231.20086809992,0.14379313588142395,R,1
18.961944580078125,59231.263726899866,0.12474234402179718,g,1
19.36479949951172,59249.346111100174,0.24001500010490415,R,1
19.99250030517578,59251.15702550019,0.2892630100250244,g,1
19.381776809692386,59251.22396990005,0.1113930195569992,R,1
19.840391159057614,59251.262581000105,0.14003323018550873,g,1
19.55355262756348,59257.226388900075,0.1658235490322113,R,1
