ant_mag,ant_mjd,ant_magerr,ant_passband,ant_survey
18.825271606445312,59032.247824099846,0.11792982369661333,R,1
19.217754364013672,59032.36170140003,0.21197135746479034,g,1
18.727584838867188,59038.211747699876,0.10863453894853592,R,1
20.229415893554688,59041.211203699924,0.2130087614059448,g,1
18.84678649902344,59041.231643499814,0.09375357627868652,R,1
20.69219970703125,59044.19454859988,0.247858002781868,g,1
19.52711296081543,59047.2134027998,0.13199752569198608,R,1
