ant_mag,ant_mjd,ant_magerr,ant_passband,ant_survey
20.722400665283203,58849.46435189992,0.2869029939174652,g,1
19.618600845336914,58852.433715300176,0.11786200106143953,R,1
19.684999465942386,58852.47824069997,0.11169099807739258,g,1
19.18549919128418,58855.31596060004,0.13894200325012207,R,1
19.05769920349121,58855.43953699991,0.0990149974822998,g,1
18.879199981689453,58861.31600689981,0.16773100197315216,R,1
18.617799758911133,58861.345856499865,0.1348010003566742,g,1
18.859399795532227,58864.232476899866,0.07035599648952484,R,1
18.784099578857425,58864.39991899999,0.07865100353956223,g,1
18.943500518798828,58867.341226900004,0.08057200163602829,R,1
19.57543182373047,58872.23319440009,0.12959156930446625,g,1
