time,mag,magerr,band
59221.44521989999,18.962474822998047,0.1089942827820777,R
59223.3992130002,18.7912712097168,0.1070126891136169,g
59225.41539350012,18.76299285888672,0.0879566445946693,R
59225.48093750002,18.714502334594727,0.1481803208589553,g
59227.377569399774,18.71489906311035,0.0801199972629547,R
59227.480451399926,18.799299240112305,0.0931330025196075,g
59229.43528940016,18.896499633789062,0.1674589961767196,R
59231.41896989988,18.993480682373047,0.0807336270809173,g
59264.3748031999,20.39830780029297,0.1869715452194214,R
