ant_mag,ant_mjd,ant_magerr,ant_passband,ant_survey
20.40010070800781,59334.401794000056,0.2585319876670837,R,1
20.137300491333008,59334.46287039992,0.24506199359893802,g,1
19.8484001159668,59336.463298600174,0.17232400178909302,R,1
19.209423065185547,59339.40689809992,0.09842570871114732,g,1
19.30516242980957,59339.45446760021,0.1101953461766243,R,1
18.946584701538086,59341.36966439989,0.09444578737020493,g,1
19.137983322143555,59341.427743100096,0.09620942920446396,R,1
18.775623321533203,59344.444085599855,0.0763472318649292,g,1
18.789234161376953,59346.42321760021,0.06458031386137009,R,1
18.75860023498535,59349.4040045999,0.07810500264167786,g,1
18.769636154174805,59349.44249999988,0.07361334562301636,R,1
18.93833541870117,59353.382094900124,0.08252909034490585,g,1
18.969314575195312,59356.37885419978,0.09882766008377077,R,1
19.384899139404297,59359.32942129998,0.2408600002527237,g,1
19.23600959777832,59362.320254600134,0.12921075522899628,R,1
19.770809173583984,59364.375463000026,0.16496998071670532,g,1
19.432600021362305,59364.42125000013,0.1291709989309311,R,1
19.880685806274414,59366.32981480006,0.12621448934078214,g,1
19.39412879943848,59366.37204860012,0.1061197817325592,R,1
19.96982192993164,59368.36327550002,0.13774703443050385,g,1
19.41979217529297,59370.36791669997,0.09169025719165802,R,1
20.15948486328125,59370.4152199002,0.14029599726200104,g,1
19.53188133239746,59373.3883795999,0.11180530488491057,R,1
20.610200881958008,59375.365914400194,0.2454179972410202,g,1
19.498958587646484,59375.396018499974,0.10504128783941268,R,1
20.745630264282227,59377.37498839991,0.18455860018730166,g,1
19.58474922180176,59377.38081019978,0.09572850167751312,R,1
20.734500885009766,59379.33211810003,0.286873996257782,g,1
20.505268096923828,59396.317187500186,0.21430669724941254,R,1
