ant_mag,ant_mjd,ant_magerr,ant_passband,ant_survey
20.08169937133789,59228.21435189992,0.20834800601005554,R,1
20.22769927978516,59228.255694400046,0.2655940055847168,g,1
19.53470039367676,59230.236319399904,0.18402099609375,R,1
18.95477104187012,59232.263344900224,0.125065878033638,g,1
18.106508255004886,59248.17313659983,0.07455066591501236,R,1
18.44390296936035,59250.19312500022,0.11157676577568054,g,1
18.283662796020508,59252.19069440012,0.07885252684354782,R,1
18.627870559692386,59252.25443289987,0.10703975707292557,g,1
18.365768432617188,59254.18062500004,0.08318091183900833,R,1
18.852977752685547,59254.218136600226,0.14860519766807556,g,1
18.540063858032227,59256.17760419985,0.1241648867726326,R,1
19.19510841369629,59260.173125000205,0.1561254858970642,g,1
18.67844581604004,59260.23921300005,0.12960734963417053,R,1
19.550100326538086,59263.15795140015,0.22283199429512024,g,1
18.757986068725586,59263.18696760014,0.1443190723657608,R,1
19.846599578857425,59265.18396990001,0.2648989856243133,g,1
19.1387996673584,59278.14502310008,0.14196157455444336,R,1
