ant_mag,ant_mjd,ant_magerr,ant_passband,ant_survey
18.25423240661621,59022.35902780014,0.07442577183246613,g,1
17.981721878051758,59022.47084489978,0.07327359914779663,R,1
17.3988037109375,59028.38865739992,0.04408740997314453,g,1
17.168684005737305,59028.47266199999,0.03815264254808426,R,1
17.308277130126953,59031.345127299894,0.04759588465094566,g,1
17.051151275634766,59034.38648150022,0.05123909190297127,R,1
17.370323181152347,59034.469039400115,0.049069985747337334,g,1
17.133161544799805,59035.37309029978,0.044882450252771385,R,1
17.393043518066403,59035.456203700036,0.06183897703886033,g,1
17.138917922973633,59036.367442099836,0.042766470462083817,R,1
17.514144897460938,59037.3462152998,0.060932792723178864,g,1
17.251012802124027,59038.38203699981,0.049148540943861015,R,1
17.620054244995114,59039.370219899814,0.06186125800013542,g,1
17.52175521850586,59040.39476849978,0.058034159243106835,R,1
17.788150787353516,59041.37629629998,0.06121852993965149,g,1
17.544654846191403,59041.487962999854,0.057553350925445564,R,1
17.90457534790039,59042.33670140012,0.07089979946613313,g,1
17.66990089416504,59042.48752309987,0.05736500024795532,R,1
18.04790496826172,59043.34309029997,0.07235859334468843,g,1
17.78577995300293,59044.48218750022,0.06524922698736191,R,1
18.440683364868164,59046.369907400105,0.06840269267559053,g,1
17.819875717163086,59046.45521989978,0.06584615260362625,R,1
18.431535720825195,59046.49021989992,0.11333265155553818,g,1
17.775650024414062,59049.409108799875,0.060796268284320824,R,1
18.748491287231445,59049.447384300176,0.09138648957014084,g,1
17.834665298461914,59052.41550929983,0.06848667562007904,R,1
19.20775032043457,59053.38434030023,0.11308807134628295,g,1
18.088462829589844,59055.366134299904,0.07729478925466537,R,1
19.55270195007324,59055.39909720003,0.20180514454841614,g,1
18.252132415771484,59056.395763900124,0.08069726824760437,R,1
19.623516082763672,59059.43648150005,0.14695768058300018,g,1
18.462215423583984,59059.45465280023,0.08689190447330475,R,1
19.59728240966797,59060.35296300008,0.1661045253276825,g,1
18.76627349853516,59066.49618060003,0.11725311726331712,R,1
19.719600677490234,59068.44559030003,0.2384040057659149,g,1
18.965478897094727,59069.434409699876,0.1784954071044922,R,1
19.85689926147461,59071.406192100134,0.23924900591373446,g,1
19.006668090820312,59080.32181710005,0.1386692076921463,R,1
