time,mag,magerr,band
59062.30324070016,19.078344345092773,0.103042334318161,R
59062.35991899995,19.145999908447266,0.1512189954519271,g
59064.381863399874,18.74244499206543,0.1069239675998687,R
59065.24217589991,18.516014099121094,0.0964403748512268,g
59069.245752300136,18.343950271606445,0.0602451860904693,R
59069.30424770014,18.310392379760746,0.0818373039364814,g
59073.30694440007,18.32811546325684,0.0627879723906517,R
59091.27847220004,19.98970031738281,0.300256997346878,g
59114.2875926001,20.14874649047852,0.1772083789110183,R
