ant_mag,ant_mjd,ant_magerr,ant_passband,ant_survey
19.87859916687012,59199.35809030012,0.13238300383090973,g,1
19.50408363342285,59201.419027800206,0.1116918846964836,R,1
19.228561401367188,59203.38432870014,0.11146102845668793,g,1
19.12932586669922,59203.452638899915,0.1053510680794716,R,1
18.877500534057614,59210.26281249988,0.1322638839483261,g,1
18.926380157470703,59210.382939800154,0.09054915606975557,R,1
19.512067794799805,59218.330405099776,0.19547417759895325,g,1
19.36199951171875,59220.30932869995,0.09100700169801712,R,1
19.526966094970703,59220.34409719986,0.15626457333564758,g,1
19.36468315124512,59222.35064810003,0.09199196845293044,R,1
19.78392791748047,59222.373078700155,0.14837680757045746,g,1
19.54622459411621,59224.29966440005,0.1337818205356598,R,1
20.04889297485352,59226.32320600003,0.18100635707378387,g,1
19.57000541687012,59226.435277800076,0.13161885738372806,R,1
20.259986877441406,59228.27996530012,0.16104602813720706,g,1
19.760059356689453,59230.280266200185,0.1508615016937256,R,1
20.442955017089844,59230.413333300035,0.17713239789009094,g,1
19.70247459411621,59232.31342589995,0.1215442270040512,R,1
20.630041122436523,59232.39403939992,0.19391711056232447,g,1
