ant_mag,ant_mjd,ant_magerr,ant_passband,ant_survey
19.703243255615234,59356.434386599816,0.16766496002674106,g,1
18.294443130493164,59362.32459490001,0.08376525342464447,R,1
18.073036193847656,59362.391608799815,0.06435208767652513,g,1
18.03475952148437,59364.34825230017,0.06946612149477005,R,1
17.813371658325195,59366.322615699835,0.04654254391789436,g,1
17.988792419433594,59366.36577549996,0.06617234647274017,R,1
17.797597885131836,59368.37181709986,0.047295000404119485,g,1
17.884939193725586,59370.361296299845,0.04662400856614113,R,1
17.99089241027832,59373.346423599876,0.05485636740922928,g,1
18.021514892578125,59373.379120400175,0.06481083482503891,R,1
18.11765480041504,59375.37467590022,0.050093892961740494,g,1
18.1905517578125,59375.389826400205,0.06661355495452881,R,1
18.2738037109375,59377.34193289978,0.044671639800071716,g,1
18.38877868652344,59377.38692130009,0.06430774182081223,R,1
18.46866607666016,59379.32586809992,0.06303533911705017,g,1
18.471567153930664,59379.36525460008,0.04923681914806366,R,1
18.736379623413086,59381.325601900004,0.09111002832651137,g,1
18.710472106933594,59386.38827549992,0.08398129791021347,R,1
19.38024139404297,59386.42736109997,0.12639540433883667,g,1
18.75379180908203,59390.32362269983,0.11653104424476625,R,1
19.890417098999023,59392.26488430007,0.17859944701194766,g,1
18.98812866210937,59394.32543980004,0.15509508550167084,R,1
