ant_mag,ant_mjd,ant_magerr,ant_passband,ant_survey
16.39447021484375,59135.14285880001,0.042919360101222985,R,1
16.64565658569336,59135.21467590006,0.03504759818315506,g,1
16.209800720214847,59137.123460600145,0.03632999956607818,R,1
16.27809715270996,59139.185763900176,0.04202136769890785,g,1
16.021203994750973,59141.12501160009,0.025737812742590904,R,1
16.414016723632812,59150.14468749985,0.035291098058223724,g,1
16.250923156738278,59150.198425900184,0.032868433743715286,R,1
16.552116394042972,59152.16532409983,0.02345036342740059,g,1
16.49373435974121,59154.141145799775,0.03708837553858757,R,1
17.622589111328125,59164.10278940015,0.052402976900339134,g,1
16.84830665588379,59167.08880789997,0.03730708360671997,R,1
18.079669952392575,59169.08759259991,0.07924834638834,g,1
16.95361328125,59171.072465300094,0.04590493068099022,R,1
18.214406967163086,59171.133252299864,0.07179996371269226,g,1
17.926183700561523,59190.118969900075,0.07221658527851105,R,1
