time,mag,magerr,band
59252.52364580007,19.48704719543457,0.1151080206036567,g
59254.41851849994,19.12050437927246,0.1422426253557205,R
59256.48804400023,18.790748596191406,0.0832198038697242,g
59260.3990162001,18.638147354125977,0.1199177801609039,R
59264.4148380002,18.696308135986328,0.0896688178181648,g
59266.37995370012,18.64699363708496,0.1095596104860305,R
59269.45864580013,19.01096534729004,0.1066378057003021,g
