ant_mag,ant_mjd,ant_magerr,ant_passband,ant_survey
20.017257690429688,59292.30559029988,0.18905633687973025,g,1
18.755109786987305,59295.24925930007,0.10778733342885972,R,1
17.35087013244629,59300.33335650014,0.047766461968421936,g,1
17.375600814819336,59302.26076389988,0.05417900159955025,R,1
17.091550827026367,59304.22652779985,0.03953184559941292,g,1
17.272499084472653,59307.24106479995,0.04049000144004822,R,1
17.11019515991211,59309.20127309999,0.04336796328425408,g,1
17.29066276550293,59311.179016199894,0.04876669868826866,R,1
17.151382446289062,59311.219618100215,0.032423533499240875,g,1
17.305103302001953,59313.201898099855,0.061209723353385925,R,1
16.82819938659668,59315.21909719986,0.5428810119628906,g,1
17.59760093688965,59317.20303239999,0.057401001453399665,R,1
17.874610900878906,59321.25987270009,0.045832213014364236,g,1
17.86756706237793,59321.30377310003,0.06702935695648192,R,1
18.08573341369629,59323.28464120022,0.06263493746519089,g,1
18.030221939086914,59325.262141199775,0.07057496160268784,R,1
18.22136116027832,59325.34143520008,0.07344040274620056,g,1
18.036300659179688,59329.25957180001,0.06058400124311448,R,1
19.447996139526367,59335.24979169992,0.14596571028232574,g,1
18.333955764770508,59338.26474539982,0.08260966837406157,R,1
19.365346908569336,59338.42931709997,0.15197597444057465,g,1
18.447355270385746,59340.30839119991,0.06847308576107025,R,1
19.63966178894043,59340.3427546001,0.14035198092460632,g,1
18.945316314697266,59346.387928199954,0.09053218364715576,R,1
20.21579933166504,59348.26114579989,0.2198529988527298,g,1
19.22894287109375,59359.22577549982,0.1982423961162567,R,1
