ant_mag,ant_mjd,ant_magerr,ant_passband,ant_survey
20.548200607299805,58871.43628469994,0.2387800067663193,g,1
20.728599548339844,58871.486817100085,0.2617430090904236,R,1
19.379100799560547,58877.39432869991,0.12098199874162675,g,1
19.532400131225586,58877.48461809987,0.09162499755620956,R,1
19.178199768066406,58880.44116900022,0.08750200271606445,g,1
19.368900299072266,58880.51802079986,0.1019349992275238,R,1
19.080699920654297,58883.461620400194,0.13031600415706635,g,1
19.3302001953125,58883.50541670014,0.17072300612926486,R,1
19.039600372314453,58886.46211809991,0.11349300295114514,g,1
19.206899642944336,58891.494930599816,0.12716400623321533,R,1
19.39389991760254,58894.3193171001,0.09143999963998796,g,1
19.62430000305176,58898.34091439982,0.1184459999203682,R,1
19.64559936523437,58898.39568290021,0.10619600117206572,g,1
19.610200881958008,58899.33678240003,0.1022450029850006,R,1
19.84189987182617,58900.3295948999,0.13487300276756287,g,1
19.59959983825684,58901.379687500186,0.13300399482250214,R,1
20.04210090637207,58903.31968750013,0.14062200486660004,g,1
19.824899673461914,58904.24427080015,0.13346999883651733,R,1
20.462799072265625,58906.30928240017,0.19373400509357447,g,1
20.181299209594727,58911.23642359999,0.2798730134963989,R,1
20.80290031433105,58911.40168979997,0.3650810122489929,g,1
20.178203582763672,58912.4233448999,0.17201408743858335,R,1
