ant_mag,ant_mjd,ant_magerr,ant_passband,ant_survey
20.787399291992188,58980.20464120014,0.22043199837207794,g,1
20.28280067443848,58980.262847200036,0.22495600581169128,R,1
19.65530014038086,58985.197835599996,0.18433700501918796,g,1
18.76799964904785,58994.20085649983,0.0727429986000061,R,1
19.2455997467041,58994.24784719991,0.11434999853372575,g,1
18.787500381469727,58997.25974539992,0.07513199746608734,R,1
19.5625,59004.197384300176,0.1874919980764389,g,1
19.314899444580078,59009.20429399982,0.15065400302410126,R,1
20.500099182128906,59012.20307870022,0.24774900078773496,g,1
20.01896095275879,59028.22124999993,0.21341946721076965,R,1
