ant_mag,ant_mjd,ant_magerr,ant_passband,ant_survey
18.394445419311523,59126.25189810013,0.12494586408138275,g,1
18.03997230529785,59138.27427079994,0.079798124730587,R,1
18.28815460205078,59140.18879629998,0.07423031330108643,g,1
18.456615447998047,59144.20965280012,0.09414955973625183,R,1
19.416799545288086,59151.16981479991,0.35510000586509705,g,1
19.85280990600586,59171.190937499974,0.1913256198167801,R,1
