ant_mag,ant_mjd,ant_magerr,ant_passband,ant_survey
20.61720085144043,59307.30101849978,0.2435690015554428,g,1
19.92601585388184,59309.269224499825,0.1342170685529709,R,1
19.302515029907227,59311.27641199995,0.11286897957324983,g,1
19.59405517578125,59311.31129630003,0.11640137434005735,R,1
18.952463150024414,59313.25898149982,0.1011459082365036,g,1
18.94736671447754,59315.23458330008,0.10185838490724564,R,1
18.58329963684082,59317.25480319979,0.08909100294113159,g,1
18.749099731445312,59317.33271990017,0.11216499656438828,R,1
18.54011344909668,59321.270000000026,0.0698196142911911,g,1
18.5884952545166,59321.29608799982,0.07045091688632965,R,1
18.55415916442871,59323.27931710008,0.09590154886245728,g,1
18.575862884521484,59325.27528940002,0.0876694768667221,R,1
19.12373924255371,59334.21585649997,0.09520024806261064,g,1
18.950023651123047,59334.27340279985,0.12169846892356873,R,1
19.406400680541992,59336.258784700185,0.10861600190401076,g,1
19.20687484741211,59338.25668979995,0.09834565222263336,R,1
19.534690856933594,59339.25016199984,0.12578792870044708,g,1
19.17215156555176,59339.27265049982,0.10460375994443892,R,1
19.805217742919922,59340.2255671001,0.19446173310279846,g,1
19.26466178894043,59341.22990739998,0.11883672326803207,R,1
19.78762626647949,59341.299594900105,0.13797689974308014,g,1
19.420772552490234,59342.276006899774,0.09567128866910933,R,1
20.05873107910156,59342.32997690002,0.1530662328004837,g,1
19.33448028564453,59343.21296299994,0.10948539525270462,R,1
19.886463165283203,59343.252858799875,0.1296885311603546,g,1
19.494159698486328,59344.244386599865,0.10469058901071547,R,1
20.13939666748047,59345.176088000175,0.15321408212184906,g,1
19.49504852294922,59346.31229169992,0.13525284826755524,R,1
20.239200592041016,59346.37274309992,0.29451999068260193,g,1
19.500398635864254,59348.19293980022,0.10126832872629166,R,1
20.66419982910156,59348.26704860013,0.2710860073566437,g,1
20.331905364990234,59367.22949070018,0.18654057383537287,R,1
