ant_mag,ant_mjd,ant_magerr,ant_passband,ant_survey
19.990800857543945,58987.404513900176,0.15833300352096558,g,1
19.182300567626953,58991.27211809997,0.1377200037240982,R,1
19.298900604248047,58992.338842600126,0.12267699837684633,g,1
19.14830017089844,58992.420833299875,0.14111199975013733,R,1
19.130199432373047,58995.31966440008,0.1017500013113022,g,1
18.870899200439453,58997.2976735998,0.08309999853372574,R,1
19.17569923400879,58997.38166669988,0.09631399810314177,g,1
18.94659996032715,58998.33194439997,0.09682299941778184,R,1
19.184999465942386,58998.36071760021,0.11861400306224824,g,1
19.02549934387207,58999.33626159978,0.16399100422859192,R,1
19.279600143432614,58999.400069400195,0.12663300335407254,g,1
18.996400833129886,59000.39568290021,0.15400099754333496,R,1
19.33099937438965,59001.395532399874,0.13447199761867526,g,1
19.34149932861328,59004.287963000126,0.2165050059556961,R,1
19.881099700927734,59008.307546299875,0.28881600499153137,g,1
19.538799285888672,59011.25837960001,0.12074799835681915,R,1
20.002399444580078,59011.27829860012,0.18946799635887146,g,1
19.39900016784668,59014.2563426001,0.1629129946231842,R,1
20.536500930786133,59014.352048600085,0.20167599618434906,g,1
19.938337326049805,59023.29696760001,0.20129266381263733,R,1
