ant_mag,ant_mjd,ant_magerr,ant_passband,ant_survey
19.5808048248291,59310.251435200225,0.12905387580394745,g,1
19.327524185180664,59310.29456020008,0.1498371958732605,R,1
19.053476333618164,59312.231331000105,0.10288388282060623,g,1
18.446285247802734,59316.27416669997,0.06785993278026581,R,1
18.387985229492188,59321.232743099805,0.0802401453256607,g,1
18.271957397460934,59323.22877309984,0.06507750600576401,R,1
18.485483169555664,59325.22706020017,0.07159532606601715,g,1
18.35035896301269,59325.25406249985,0.08885794132947923,R,1
19.487600326538086,59336.210763900075,0.13575200736522675,g,1
18.926700592041016,59336.29518519994,0.16573700308799744,R,1
19.658735275268555,59338.2053704001,0.18136821687221527,g,1
19.58758544921875,59345.192546300124,0.16967880725860596,R,1
