ant_mag,ant_mjd,ant_magerr,ant_passband,ant_survey
20.55940055847168,58994.2027431,0.2500720024108887,R,1
20.19669914245605,58994.25957180001,0.18067699670791626,g,1
19.64179992675781,58997.24809029978,0.1270429939031601,R,1
18.715700149536133,59004.19644680014,0.1218390017747879,g,1
18.823200225830078,59009.17515050016,0.1092820018529892,R,1
18.737600326538086,59012.202152799815,0.0808119997382164,g,1
19.08699989318848,59017.239467599895,0.07755699753761293,R,1
19.12095642089844,59020.20200229995,0.08950784802436829,g,1
19.21668815612793,59020.24629630009,0.0984208881855011,R,1
19.95490074157715,59029.240636600174,0.4035829901695252,g,1
19.94522476196289,59038.203588000026,0.1751447767019272,R,1
20.762500762939453,59041.19553240017,0.3149499893188477,g,1
20.124958038330078,59045.20634259983,0.1857198178768158,R,1
