ant_mag,ant_mjd,ant_magerr,ant_passband,ant_survey
19.78773498535156,59278.176828700125,0.1644437313079834,R,1
19.647098541259766,59278.22833329997,0.15887847542762756,g,1
19.1809139251709,59281.2218865999,0.07009153068065642,R,1
18.838790893554688,59290.223796300124,0.0796947255730629,g,1
18.724803924560547,59290.25033560023,0.09444297850131987,R,1
18.871904373168945,59292.182419000186,0.07472515851259233,g,1
18.636913299560547,59292.26233799989,0.08820771425962448,R,1
18.91340446472168,59292.279814799775,0.08759540319442749,g,1
18.719135284423828,59294.22003469988,0.11304165422916412,R,1
18.863605499267575,59294.237777799826,0.1094975844025612,g,1
18.647897720336914,59296.242870400194,0.12539541721343994,R,1
19.327299118041992,59302.1630671001,0.19856299459934235,g,1
19.164146423339844,59304.16067129978,0.08530508726835251,R,1
19.59491729736328,59304.19907409978,0.16466455161571505,g,1
19.23819923400879,59306.241377300124,0.11167100071907043,R,1
19.67099952697754,59306.307800900184,0.1578889936208725,g,1
19.391700744628906,59308.21870370022,0.11567600071430205,R,1
19.953399658203125,59308.26112269983,0.17034600675106049,g,1
19.41966819763184,59310.20342590008,0.16339126229286194,R,1
20.33306312561035,59312.224085600115,0.2099329233169556,g,1
19.4956111907959,59314.178078699864,0.11912647634744646,R,1
20.56279945373535,59314.22796300008,0.2577430009841919,g,1
19.64801025390625,59316.185555600096,0.14939768612384796,R,1
20.735300064086914,59316.326562500086,0.2918950021266937,g,1
19.73858642578125,59319.20637729997,0.127166748046875,R,1
20.70890045166016,59319.248761599876,0.2964029908180237,g,1
19.68429374694824,59321.225752300124,0.1333690732717514,R,1
20.80769920349121,59321.238911999855,0.25177401304244995,g,1
20.239948272705078,59338.24673609994,0.21293705701828006,R,1
