ant_mag,ant_mjd,ant_magerr,ant_passband,ant_survey
20.212400436401367,59114.23240739992,0.24768400192260745,g,1
20.115835189819336,59114.27670140006,0.18171371519565585,R,1
19.13520050048828,59123.16952549992,0.2320220023393631,g,1
18.65135765075684,59123.2721874998,0.2111491858959198,R,1
19.103609085083008,59125.18921299977,0.16902439296245575,g,1
18.90797615051269,59125.27017359994,0.14029592275619507,R,1
18.964599609375,59127.1907060002,0.2954919934272766,g,1
18.953399658203125,59129.18988429987,0.10071499645709993,R,1
19.11271476745605,59131.18908559997,0.08631843328475952,g,1
18.886005401611328,59131.21418979997,0.09228085726499556,R,1
19.34971809387207,59134.146215300076,0.10339223593473433,g,1
19.03926086425781,59135.18731479999,0.09871096163988112,R,1
19.40342330932617,59136.13042820013,0.11180070042610167,g,1
19.182695388793945,59137.20377309992,0.13357345759868622,R,1
19.467470169067386,59137.228344900075,0.16189181804656982,g,1
19.24444007873535,59138.12812499981,0.10290229320526124,R,1
19.468555450439453,59138.192395799786,0.14874906837940216,g,1
19.318899154663086,59140.1290972,0.09542500227689744,R,1
19.78347969055176,59140.17572919978,0.12945634126663208,g,1
19.32956314086914,59141.147164400194,0.09694685786962508,R,1
19.84046936035156,59142.11304400022,0.1829361766576767,g,1
19.377216339111328,59143.13278939994,0.11920522898435593,R,1
19.958452224731445,59143.18646989996,0.1892014890909195,g,1
19.57084083557129,59145.125057899866,0.12743467092514038,R,1
19.86709976196289,59145.21797449981,0.2836099863052368,g,1
20.11612319946289,59168.118425900124,0.21396535634994507,R,1
