ant_mag,ant_mjd,ant_magerr,ant_passband,ant_survey
19.649099349975586,58943.4212962999,0.21795600652694705,g,1
18.45789909362793,58954.441655099865,0.1055240035057068,R,1
18.51930046081543,58955.398726900115,0.07786700129508972,g,1
18.70549964904785,58961.402268500075,0.1254429966211319,R,1
19.164100646972656,58963.33091440005,0.10249800235033037,g,1
19.0226993560791,58964.28571760002,0.09499499946832657,R,1
19.17250061035156,58964.33995370008,0.12699800729751587,g,1
19.19659996032715,58967.352928199805,0.10586900264024733,R,1
19.910484313964844,58970.294536999885,0.17075152695178986,g,1
19.23146247863769,58970.35987270017,0.11717367172241212,R,1
20.225799560546875,58973.269780099865,0.3347490131855011,g,1
19.28559112548828,58973.333240699954,0.14910531044006348,R,1
