ant_mag,ant_mjd,ant_magerr,ant_passband,ant_survey
18.822938919067386,59217.48346060003,0.10550041496753693,R,1
18.79439353942871,59217.54295139993,0.12784719467163086,g,1
18.746828079223636,59223.499328699894,0.1310991793870926,R,1
18.41270065307617,59225.498078700155,0.3448449969291687,g,1
18.841333389282227,59228.49896989996,0.08363102376461029,R,1
18.92093086242676,59228.51956020017,0.07209372520446777,g,1
18.982791900634766,59231.497580999974,0.10789399594068527,R,1
19.194826126098636,59231.547141199924,0.1015956774353981,g,1
19.634357452392575,59250.4255903,0.1687125265598297,R,1
