ant_mag,ant_mjd,ant_magerr,ant_passband,ant_survey
19.568300247192386,59004.3035300998,0.1868939995765686,R,1
19.491100311279297,59004.47303240001,0.15181399881839752,g,1
18.88290023803711,59008.35437500012,0.08299700170755386,R,1
19.031700134277344,59009.287141200155,0.1272750049829483,g,1
18.950000762939453,59009.37126159994,0.10127399861812593,R,1
19.097700119018555,59011.31190969981,0.11643700301647185,g,1
18.752199172973636,59012.28582180013,0.08628500252962112,R,1
19.26460075378418,59012.316539399784,0.10353200137615204,g,1
18.70479965209961,59013.452326400205,0.07970800250768661,R,1
19.24049949645996,59014.359062499825,0.1093600019812584,g,1
18.68490028381348,59015.33843749993,0.06838899850845337,R,1
19.7347412109375,59019.280995400164,0.13336381316184998,g,1
18.75838851928711,59019.36751159978,0.07024232298135757,R,1
19.934600830078125,59020.371967600186,0.1754448562860489,g,1
18.82759094238281,59022.26693290007,0.08776240795850754,R,1
20.15744972229004,59022.36288189981,0.18380816280841827,g,1
18.816354751586914,59024.26063660019,0.09136764705181122,R,1
20.380300521850586,59024.364884300165,0.25217801332473755,g,1
18.69529151916504,59026.279884300195,0.21394002437591556,R,1
20.75469970703125,59027.36249999981,0.251801997423172,g,1
20.10926818847656,59044.387777800206,0.20195525884628296,R,1
