ant_mag,ant_mjd,ant_magerr,ant_passband,ant_survey
19.846200942993164,59050.28422449995,0.15336699783802032,R,1
19.90139961242676,59050.39442129992,0.13312600553035736,g,1
18.98950958251953,59053.30283559999,0.07788296043872832,R,1
18.478708267211914,59056.276921300225,0.06470803171396255,g,1
18.442121505737305,59056.3402315001,0.07345835864543915,R,1
18.07853126525879,59060.31547449995,0.07336517423391342,g,1
18.154958724975586,59062.30837959983,0.0603908896446228,R,1
18.16726493835449,59065.24018519978,0.10205992311239244,g,1
18.184221267700195,59065.346782399814,0.07126595824956894,R,1
18.281057357788086,59068.2191319,0.07899471372365953,g,1
18.35274314880371,59071.20679400022,0.07583790272474289,R,1
18.686199188232425,59074.22003469988,0.07437994331121445,g,1
18.565649032592773,59074.289120399866,0.08519004285335541,R,1
18.98386573791504,59077.23502309992,0.09250515699386597,g,1
18.677204132080078,59077.257696799934,0.09646435081958772,R,1
19.328754425048828,59080.22690969986,0.11241739243268968,g,1
18.83855628967285,59086.178634299904,0.10100729763507844,R,1
19.896167755126953,59086.28942129994,0.14691640436649325,g,1
19.267940521240234,59096.277650500175,0.1305113434791565,R,1
