ant_mag,ant_mjd,ant_magerr,ant_passband,ant_survey
20.332399368286133,59265.430138899945,0.3546079993247986,g,1
19.69040870666504,59268.46521990001,0.21187956631183624,R,1
19.28809928894043,59270.434722200036,0.2983370125293732,g,1
19.47130012512207,59270.51216439996,0.2614859938621521,R,1
18.90543556213379,59271.429074100226,0.1594272255897522,g,1
19.171300888061523,59274.53179399995,0.15554800629615784,R,1
18.746082305908203,59275.449537000146,0.12647423148155212,g,1
18.96258544921875,59278.498958299875,0.09245248138904573,R,1
18.770662307739254,59278.5279513998,0.09781988710165024,g,1
18.925195693969727,59282.514004599776,0.0686018243432045,R,1
19.47994041442871,59292.458402799915,0.11862064152956008,g,1
19.295705795288086,59292.47410879983,0.10700943320989607,R,1
19.546300888061523,59295.32561339997,0.25012800097465515,g,1
19.33982276916504,59295.49019679987,0.12838983535766602,R,1
19.88990020751953,59297.32531249988,0.3002699911594391,g,1
19.189899444580078,59301.409340300124,0.2300049960613251,R,1
19.97640037536621,59303.411539400004,0.3242309987545013,g,1
20.088987350463867,59309.40828699991,0.16229377686977384,R,1
21.112600326538086,59310.43467589981,0.28587698936462397,g,1
20.152732849121094,59312.406134299934,0.1982984840869904,R,1
20.949100494384766,59314.408738399856,0.30240198969841003,g,1
20.473005294799805,59317.43091440015,0.19931621849536896,R,1
