ant_mag,ant_mjd,ant_magerr,ant_passband,ant_survey
19.279800415039066,59262.36513890001,0.0992363914847374,R,1
19.407712936401367,59262.40628470015,0.09604178369045258,g,1
18.77232360839844,59264.30365739996,0.08667835593223573,R,1
18.81065559387207,59264.32709489996,0.07799774408340454,g,1
18.187875747680664,59268.34304400021,0.07672685384750366,R,1
18.078725814819336,59268.495219899814,0.05329965427517891,g,1
18.061969757080078,59270.34555559978,0.07455652207136154,R,1
17.9879150390625,59270.41122689982,0.06593886017799377,g,1
17.976863861083984,59272.31848380017,0.06298759579658507,R,1
17.982454299926758,59274.21724539995,0.13367998600006106,g,1
17.968929290771484,59274.364780100055,0.0701521635055542,R,1
18.036373138427734,59276.24217589991,0.0633355975151062,g,1
18.18157196044922,59280.27502309997,0.060867972671985626,R,1
19.55909919738769,59290.321411999874,0.13689200580120087,g,1
18.662797927856445,59290.347777800176,0.07579341530799866,R,1
19.75539207458496,59292.30559029988,0.16563451290130615,g,1
20.098590850830078,59317.20303239999,0.18121874332427976,R,1
