ant_mag,ant_mjd,ant_magerr,ant_passband,ant_survey
19.55870056152344,59009.176088000175,0.15226499736309052,R,1
18.63719940185547,59013.22578699981,0.08576399832963942,g,1
18.61153221130371,59019.217673600186,0.0640869215130806,R,1
18.32329750061035,59019.266111100085,0.07643894851207733,g,1
18.52050018310547,59025.17497690023,0.08767441660165788,R,1
18.7142391204834,59028.207280099865,0.1446835845708847,g,1
18.616973876953125,59028.219270799775,0.12598958611488342,R,1
18.790666580200195,59031.178969900124,0.14064845442771912,g,1
18.861103057861328,59031.22106479992,0.12917755544185638,R,1
19.230600357055664,59036.2265625,0.1923673152923584,g,1
19.063175201416016,59036.258807899896,0.1845237612724304,R,1
19.45684242248535,59039.17966439994,0.1942126750946045,g,1
19.07301902770996,59039.21837959997,0.16256318986415866,R,1
19.713716506958008,59042.20862270008,0.16985133290290833,g,1
19.3972110748291,59045.204942100216,0.1041017472743988,R,1
