ant_mag,ant_mjd,ant_magerr,ant_passband,ant_survey
18.70491981506348,59135.46223379998,0.0763995349407196,g,1
18.604589462280273,59135.49710649997,0.07500502467155458,R,1
18.73695182800293,59137.47907410003,0.07263722270727158,g,1
18.5412654876709,59137.485648099806,0.0840984433889389,R,1
18.945009231567386,59141.47917820001,0.0743667483329773,g,1
18.678165435791016,59143.49945600005,0.06948834657669067,R,1
19.478700637817386,59145.457661999855,0.10103300213813783,g,1
18.75489997863769,59145.52025459986,0.07837200164794922,R,1
20.212337493896484,59150.50450230017,0.17482830584049225,g,1
19.18446159362793,59153.48252309999,0.14474689960479736,R,1
19.94070053100586,59153.522569399785,0.32481300830841064,g,1
20.11615753173828,59165.43686340004,0.16611969470977786,R,1
