ant_mag,ant_mjd,ant_magerr,ant_passband,ant_survey
20.0718994140625,59250.482812500086,0.23324300348758695,g,1
19.44991111755371,59252.5151157002,0.12403760105371475,R,1
19.13153839111328,59254.52825229988,0.13675901293754578,g,1
18.83350372314453,59256.4420138998,0.07524146139621735,R,1
18.517215728759766,59264.485243100215,0.061697900295257575,g,1
18.45798110961914,59268.47916670004,0.07127256691455841,R,1
18.63283920288086,59270.42643520003,0.07896333932876587,g,1
18.50662040710449,59270.49825230008,0.11386723071336745,R,1
18.723651885986328,59272.42466440005,0.13580185174942014,g,1
18.671056747436523,59274.42347220006,0.18794819712638852,R,1
19.29441261291504,59280.40298609994,0.14095322787761688,g,1
19.16541862487793,59291.382013900205,0.12391210347414015,R,1
20.019136428833008,59291.499328699894,0.16911952197551727,g,1
20.21685791015625,59317.3995254999,0.19687476754188535,R,1
