ant_mag,ant_mjd,ant_magerr,ant_passband,ant_survey
18.78219985961914,59196.570115699906,0.2099040001630783,R,1
19.02048683166504,59198.54386569979,0.15123064815998075,g,1
18.427814483642575,59200.54025459987,0.15805180370807648,R,1
19.034900665283203,59202.503541700076,0.13661900162696838,g,1
18.333799362182614,59203.518356500186,0.07652399688959123,R,1
19.03083038330078,59203.551088000175,0.12158561497926712,g,1
19.593475341796875,59231.49851850001,0.14627236127853396,R,1
