ant_mag,ant_mjd,ant_magerr,ant_passband,ant_survey
19.227693557739254,58971.3004977,0.1202259212732315,g,1
18.99250030517578,58974.27241900005,0.12581400573253632,R,1
18.562400817871094,58980.22789350013,0.07060199975967407,g,1
18.63800048828125,58980.265185200136,0.0848969966173172,R,1
18.688400268554688,58985.2035995,0.07546299695968628,g,1
19.13360023498535,58991.24326389981,0.08204399794340134,R,1
20.03059959411621,58997.215844899874,0.17200499773025513,g,1
19.36039924621582,58997.25831020017,0.11709299683570862,R,1
20.049999237060547,59000.26422449992,0.2375079989433289,g,1
20.038299560546875,59009.20572920004,0.21651899814605716,R,1
20.84269905090332,59012.203576399945,0.2756560146808624,g,1
20.54277801513672,59019.22003469988,0.19981320202350614,R,1
