ant_mag,ant_mjd,ant_magerr,ant_passband,ant_survey
20.459117889404297,59334.20253469981,0.21262776851654053,g,1
20.321199417114254,59334.262581000105,0.3084209859371185,R,1
19.968299865722656,59336.23549770005,0.14677999913692474,g,1
19.53030204772949,59338.250057899866,0.11919346451759337,R,1
19.26953125,59340.202083299875,0.10860569775104524,g,1
19.18178939819336,59342.281689799864,0.08415521681308746,R,1
19.20584487915039,59342.32432870008,0.13427269458770752,g,1
18.94394874572754,59344.21181710018,0.08302933722734451,R,1
19.148128509521484,59344.281666699804,0.08837193250656128,g,1
19.01321220397949,59346.28385420004,0.07433861494064331,R,1
19.02859115600586,59346.36891200022,0.08941405266523361,g,1
18.939285278320312,59348.20091440016,0.09424367547035216,R,1
19.158201217651367,59350.196874999914,0.1063809171319008,g,1
18.891433715820312,59350.241747700136,0.13222958147525787,R,1
19.2286434173584,59354.18616899987,0.15291021764278412,g,1
18.939085006713867,59354.24660879978,0.11853935569524765,R,1
19.272987365722656,59356.20471059997,0.1702156960964203,g,1
19.33231544494629,59361.18354169978,0.15780439972877502,R,1
20.03720092773437,59363.22106479992,0.16571100056171414,g,1
19.54540061950684,59363.32729170006,0.1977429986000061,R,1
20.161046981811523,59365.19849540014,0.1751789003610611,g,1
19.70426750183105,59367.218854200095,0.15614402294158936,R,1
20.264299392700195,59367.236863399856,0.2760649919509888,g,1
19.78563690185547,59377.217106500175,0.2009086161851883,R,1
