ant_mag,ant_mjd,ant_magerr,ant_passband,ant_survey
19.12529945373535,59307.472187499974,0.12751400470733645,R,1
18.795848846435547,59309.45024310006,0.0965523198246956,g,1
18.69839859008789,59313.45013889996,0.11637058109045027,R,1
18.73981285095215,59313.488588000175,0.14046885073184967,g,1
18.65019989013672,59317.45166670019,0.08898500353097916,R,1
18.919771194458008,59321.39092590008,0.13048037886619568,g,1
18.83889961242676,59321.486041699995,0.08810899406671524,R,1
19.10030746459961,59323.46834489983,0.12695392966270447,g,1
19.67959213256836,59344.430671299815,0.17038558423519135,R,1
