ant_mag,ant_mjd,ant_magerr,ant_passband,ant_survey
19.38170051574707,59195.54454859997,0.18555399775505066,g,1
18.4512996673584,59198.49557870022,0.08174899965524672,R,1
17.86294174194336,59200.450358800124,0.17894279956817627,g,1
17.439702987670902,59203.51366900001,0.052401263266801834,R,1
17.220033645629886,59203.545798600186,0.037168923765420914,g,1
17.254661560058597,59206.51874999981,0.0823487639427185,R,1
17.132761001586914,59215.51182870008,0.04522755742073059,g,1
17.348346710205078,59217.48721060018,0.04982782155275345,R,1
17.29623794555664,59219.44722220022,0.04484900087118149,g,1
17.396440505981445,59219.506076400176,0.05675755813717843,R,1
17.460838317871097,59221.49861110003,0.04391629993915558,g,1
17.74163818359375,59223.496516199775,0.0604713223874569,R,1
17.978900909423828,59227.485625000205,0.06549300253391266,g,1
18.00380516052246,59229.52850690018,0.07220093905925751,R,1
18.337575912475586,59231.44730320013,0.05445264279842377,g,1
18.053058624267575,59231.52826389996,0.06438859552145004,R,1
19.65814208984375,59249.44773150002,0.17035843431949615,g,1
18.724233627319336,59249.485983800136,0.09904670715332033,R,1
19.647464752197266,59251.42649309988,0.14053992927074432,g,1
18.97495460510254,59253.49619209999,0.11012410372495653,R,1
19.866771697998047,59255.39003469981,0.13560494780540466,g,1
19.245119094848636,59262.497777800076,0.12575709819793698,R,1
20.00398063659668,59264.40775460005,0.14554201066493988,g,1
19.452449798583984,59266.38607640006,0.11894212663173676,R,1
19.907434463500977,59270.423993099954,0.2003689855337143,g,1
19.5359001159668,59274.40199070005,0.2876549959182739,R,1
20.11100006103516,59280.39451389993,0.24179700016975406,g,1
19.858844757080078,59280.42714119983,0.1991564035415649,R,1
