ant_mag,ant_mjd,ant_magerr,ant_passband,ant_survey
19.888696670532227,59311.364340300206,0.17232371866703033,g,1
19.866661071777344,59311.46883099992,0.14377079904079434,R,1
18.43409919738769,59317.28756939992,0.0729689970612526,g,1
18.36570167541504,59321.4050925998,0.05110203847289085,R,1
18.07025146484375,59323.30123839992,0.07126033306121826,g,1
18.24570083618164,59329.2886806,0.07325100153684616,R,1
18.407644271850586,59335.28663189989,0.08353698998689651,g,1
18.63573455810547,59338.38335649995,0.0755368173122406,R,1
18.669708251953125,59338.41496529988,0.0855620950460434,g,1
18.7122802734375,59340.33122690023,0.06513521820306778,R,1
19.085575103759766,59342.359201400075,0.08990893512964249,g,1
18.86932945251465,59342.415497700225,0.09358584135770798,R,1
19.42497062683105,59345.38079860015,0.11803724616765975,g,1
18.90216636657715,59349.31174769998,0.0937357097864151,R,1
19.68641471862793,59349.3680786998,0.11801446974277495,g,1
19.054834365844727,59353.320081000216,0.10377711802721024,R,1
19.884899139404297,59355.30018519983,0.3671000003814697,g,1
19.541099548339844,59363.35092590004,0.10512299835681917,R,1
20.73940086364746,59365.297974499874,0.2781260013580322,g,1
19.838184356689453,59375.245844900135,0.13999897241592407,R,1
20.72279930114746,59375.27829860012,0.3296979963779449,g,1
19.969528198242188,59377.25667819986,0.13407497107982635,R,1
