ant_mag,ant_mjd,ant_magerr,ant_passband,ant_survey
18.577199935913086,58880.459583300166,0.10000099986791612,g,1
18.42140007019043,58883.54083329997,0.09689199924468994,R,1
18.202999114990234,58886.459270800005,0.08860400319099426,g,1
18.679399490356445,58894.46181710018,0.07645999640226364,R,1
19.564599990844727,58898.397071800195,0.12941500544548035,g,1
19.492406845092773,58908.45193290013,0.10804987698793413,R,1
