ant_mag,ant_mjd,ant_magerr,ant_passband,ant_survey
19.72056579589844,59171.4125926001,0.12587854266166687,g,1
19.674400329589844,59171.46234950004,0.12723460793495178,R,1
19.19254875183105,59176.38993059984,0.11537282913923265,g,1
18.94171524047852,59179.3601735998,0.10303907096385956,R,1
19.132253646850586,59179.45644679992,0.10294024646282196,g,1
19.080806732177734,59181.40465279994,0.110794335603714,R,1
19.118694305419922,59181.51641200018,0.15192259848117828,g,1
19.54063606262207,59194.39032409992,0.1878974437713623,R,1
20.62879943847656,59199.34515050008,0.3250980079174042,g,1
19.796953201293945,59204.369409699924,0.14349304139614105,R,1
