ant_mag,ant_mjd,ant_magerr,ant_passband,ant_survey
19.446348190307614,59052.3245139001,0.11027532070875168,g,1
18.981651306152344,59054.36899309978,0.09914852678775787,R,1
19.15522766113281,59055.39285880001,0.10187581181526184,g,1
18.85870361328125,59056.391041699804,0.08796006441116333,R,1
19.096332550048828,59059.30339120002,0.1143798530101776,g,1
18.87741470336914,59059.366956000216,0.06645938754081726,R,1
19.185453414916992,59060.30503469986,0.11785902082920074,g,1
18.882482528686523,59062.32517360012,0.10310425609350203,R,1
19.34079933166504,59062.410277800176,0.2293519973754883,g,1
19.049362182617188,59065.352557899896,0.14831165969371796,R,1
19.941600799560547,59066.32256940008,0.2349410057067871,g,1
19.29930686950684,59068.34728009999,0.11743399500846866,R,1
20.41629981994629,59071.24515049997,0.23720599710941315,g,1
19.379934310913086,59071.35267359996,0.11646418273448945,R,1
