ant_mag,ant_mjd,ant_magerr,ant_passband,ant_survey
19.052099227905273,59011.2645370001,0.09696699678897858,R,1
18.92770004272461,59011.28682869999,0.07752099633216858,g,1
18.59280014038086,59017.26422449992,0.061542000621557236,R,1
18.411500930786133,59017.30490740017,0.06687600165605545,g,1
18.64349365234375,59023.204120399896,0.07866375148296356,R,1
18.91349029541016,59029.267905099776,0.13433721661567688,g,1
18.984228134155273,59032.235983800136,0.0879405066370964,R,1
19.059383392333984,59032.37129630009,0.1409260630607605,g,1
19.058141708374023,59035.32217589999,0.13398678600788114,R,1
19.38719940185547,59036.20806710003,0.15015079081058502,g,1
19.345605850219727,59037.20253469981,0.21375931799411774,R,1
19.706323623657227,59037.24402779992,0.19890044629573825,g,1
19.15107536315918,59038.21690970008,0.10966802388429643,R,1
19.753299713134766,59039.20458329981,0.1593761146068573,g,1
19.111469268798828,59039.24164350005,0.0903853103518486,R,1
19.948352813720703,59040.241215299815,0.145802840590477,g,1
19.20570373535156,59040.282789399855,0.08802106976509094,R,1
20.111618041992188,59041.20462960005,0.17424224317073822,g,1
19.221614837646484,59042.239467599895,0.08450143784284593,R,1
20.435958862304688,59043.222777800176,0.1739761233329773,g,1
19.363893508911133,59046.20511570013,0.09381259232759476,R,1
20.810699462890625,59049.304236100055,0.3110780119895935,g,1
19.695964813232425,59052.265161999974,0.1385274976491928,R,1
20.78689956665039,59052.30790509983,0.23986099660396576,g,1
19.96630859375,59055.2489120001,0.1574745923280716,R,1
