ant_mag,ant_mjd,ant_magerr,ant_passband,ant_survey
19.95050048828125,59098.2056828998,0.22280700504779816,g,1
19.420000076293945,59099.34240739979,0.19694900512695312,R,1
18.46353530883789,59111.1666203998,0.0842510387301445,g,1
18.42564582824707,59111.24851850001,0.07815844565629959,R,1
18.522172927856445,59114.21071759983,0.10580532997846603,g,1
19.615568161010746,59142.129895799786,0.1895296275615692,R,1
