ant_mag,ant_mjd,ant_magerr,ant_passband,ant_survey
19.240100860595703,59349.4352545999,0.13489225506782532,g,1
19.133472442626953,59349.462476899855,0.09111181646585463,R,1
18.15952682495117,59353.407222200185,0.08278047293424606,g,1
17.899185180664062,59356.38216440008,0.07186488062143326,R,1
17.809999465942386,59356.46126159978,0.04777644574642181,g,1
17.73838996887207,59359.421458300196,0.06274963170289992,R,1
17.721351623535156,59362.424733799875,0.05947075411677361,g,1
17.73067855834961,59362.45423609996,0.07228296995162964,R,1
17.795957565307614,59364.406863399774,0.05516524240374565,g,1
18.004188537597656,59367.399710599806,0.0581323653459549,R,1
18.207033157348636,59369.40291670011,0.0583689883351326,g,1
18.191858291625977,59369.4426851999,0.0680026039481163,R,1
18.49798011779785,59371.407858800136,0.06756354868412018,g,1
18.37489128112793,59371.44335650001,0.08006995916366577,R,1
18.762195587158203,59374.40506940009,0.09333721548318864,g,1
18.452756881713867,59374.44212959986,0.13027352094650269,R,1
19.02839469909668,59376.40167819987,0.0943351313471794,g,1
18.541162490844727,59378.403472200036,0.0767202153801918,R,1
19.290035247802734,59378.437766199924,0.11839015781879425,g,1
18.852266311645508,59386.37761570001,0.09878093749284744,R,1
20.043659210205078,59386.44211809988,0.1603633612394333,g,1
19.49749755859375,59396.39317130017,0.1390981674194336,R,1
20.647199630737305,59401.399814799894,0.2394029945135117,g,1
19.785308837890625,59401.42150459997,0.1603204756975174,R,1
20.76140022277832,59408.378356500056,0.2992590069770813,g,1
20.159198760986328,59410.41351850005,0.20211908221244806,R,1
