ant_mag,ant_mjd,ant_magerr,ant_passband,ant_survey
20.118003845214844,58970.425300899886,0.1907147765159607,R,1
20.33867835998535,58970.47465279978,0.18904396891593933,g,1
18.965700149536133,58981.45106479991,0.12675699591636658,R,1
19.341999053955078,58981.48825229983,0.14534099400043488,g,1
19.087200164794922,58985.47709489986,0.08991099894046782,R,1
19.493000030517575,58986.428414400194,0.1417739987373352,g,1
19.44809913635254,58993.48586810008,0.10494700074195862,R,1
20.461299896240234,58995.34775459999,0.3037090003490448,g,1
19.60409927368164,58995.47784719988,0.10680700093507768,R,1
20.768999099731445,58998.45637729997,0.22129200398921967,g,1
20.56684875488281,59016.46756940009,0.1939930468797684,R,1
