ant_mag,ant_mjd,ant_magerr,ant_passband,ant_survey
18.020999908447266,58878.143148099996,0.09231500327587128,R,1
18.235300064086914,58878.19379629986,0.11184400320053099,g,1
18.07620048522949,58887.10677079996,0.05937200039625168,R,1
19.894699096679688,58893.162835599855,0.2613379955291748,g,1
18.90088653564453,58899.10834489996,0.0881560742855072,R,1
