ant_mag,ant_mjd,ant_magerr,ant_passband,ant_survey
19.648725509643555,59345.43773149978,0.11527382582426073,g,1
19.02565193176269,59348.43302079989,0.08596192300319673,R,1
18.615650177001953,59353.39067129978,0.09711121022701263,g,1
18.438434600830078,59356.392233800136,0.0876096785068512,R,1
18.6155948638916,59359.298310200225,0.098748616874218,g,1
18.702896118164066,59362.32693290013,0.09675823897123337,R,1
18.978069305419922,59364.371134299785,0.1186552718281746,g,1
19.0136661529541,59367.388726899866,0.0903121680021286,R,1
19.478252410888672,59369.383287,0.1155550479888916,g,1
19.18434715270996,59371.351875000175,0.11063268780708313,R,1
19.92604255676269,59374.38682870008,0.15895876288414,g,1
19.307592391967773,59376.42445599986,0.11334962397813796,R,1
20.333776473999023,59378.366088000126,0.1820705384016037,g,1
19.740293502807614,59386.38686340022,0.1920415163040161,R,1
