ant_mag,ant_mjd,ant_magerr,ant_passband,ant_survey
20.64780044555664,59117.407118100215,0.2240599989891052,R,1
20.5944881439209,59118.49232639978,0.1621047705411911,g,1
20.08553123474121,59119.47156250012,0.14873266220092773,R,1
19.790807723999023,59120.447673600174,0.11390122771263125,g,1
19.792699813842773,59120.53065969981,0.14904899895191193,R,1
19.427526473999023,59121.393993100144,0.14724110066890714,g,1
19.5487003326416,59121.467939800124,0.13701499998569489,R,1
19.48900032043457,59122.36902779992,0.2849290072917938,g,1
19.147258758544922,59124.345300899826,0.13851922750473022,R,1
18.9064998626709,59125.42315969988,0.10970400273799896,g,1
18.794559478759766,59126.38401619997,0.09065844863653184,R,1
18.63776397705078,59129.42109949981,0.09318725019693376,g,1
18.70907592773437,59129.49107640004,0.07794422656297684,R,1
18.595266342163086,59131.38087960008,0.14012838900089264,g,1
18.58509063720703,59135.408194399904,0.05046914890408516,R,1
18.68028259277344,59135.43103010021,0.07188047468662262,g,1
18.671676635742188,59137.392361099824,0.04843509942293167,R,1
18.900957107543945,59139.41423609993,0.0902264639735222,g,1
18.84649658203125,59141.389583299875,0.08387570083141327,R,1
19.11848258972168,59143.412268499844,0.07359421253204346,g,1
19.03030586242676,59145.38674770017,0.06055072695016861,R,1
19.28709983825684,59145.4362499998,0.07006900012493134,g,1
19.278223037719727,59149.42643520003,0.09395871311426164,R,1
19.717361450195312,59149.48656249978,0.11372102051973346,g,1
19.877269744873047,59168.34353009983,0.12045729160308838,R,1
21.15699958801269,59168.37106479983,0.352292001247406,g,1
19.95005416870117,59170.41075230017,0.11068914085626602,R,1
