ant_mag,ant_mjd,ant_magerr,ant_passband,ant_survey
20.75379943847656,59220.30932869995,0.25606998801231384,R,1
20.48780059814453,59220.34409719986,0.3078939914703369,g,1
19.98337173461914,59222.35064810003,0.1619747132062912,R,1
20.313133239746094,59222.373078700155,0.15918560326099396,g,1
19.783262252807614,59224.29966440005,0.12995389103889465,R,1
19.514938354492188,59226.32320600003,0.14932143688201904,g,1
19.503677368164066,59226.435277800076,0.15120404958724976,R,1
19.246023178100586,59228.27996530012,0.09280223399400712,g,1
19.060768127441406,59230.280266200185,0.08046477288007736,R,1
19.114776611328125,59230.413333300035,0.09444140642881392,g,1
18.859663009643555,59232.31342589995,0.07824287563562393,R,1
19.025978088378906,59232.39403939992,0.08217383176088333,g,1
18.73970031738281,59248.24451390003,0.07814200222492218,R,1
19.451923370361328,59248.25745370006,0.13394124805927274,g,1
18.860158920288086,59250.24104169988,0.075872041285038,R,1
19.744096755981445,59250.26142359991,0.1852758228778839,g,1
18.951953887939453,59252.21645830013,0.07163860648870468,R,1
19.853906631469727,59252.263958300005,0.12215328961610795,g,1
19.03362464904785,59254.19365740009,0.0755511000752449,R,1
19.79493904113769,59254.223159700174,0.1289013922214508,g,1
19.11248779296875,59256.215983800124,0.08034037053585052,R,1
20.153156280517575,59256.297743100215,0.17189639806747434,g,1
19.29741668701172,59260.267824099865,0.12926721572875974,R,1
20.381399154663086,59263.33920140006,0.33039000630378723,g,1
19.349559783935547,59265.23570600013,0.11057236790657043,R,1
20.56559944152832,59265.39211810008,0.2924470007419586,g,1
20.09580421447754,59281.22380790021,0.18795911967754364,R,1
