ant_mag,ant_mjd,ant_magerr,ant_passband,ant_survey
19.725500106811523,59110.338113400154,0.19295400381088254,g,1
19.33799934387207,59113.35106479983,0.12415599822998047,R,1
19.1077880859375,59113.3853703998,0.0835251733660698,g,1
19.066221237182614,59115.38006940018,0.07715659588575363,R,1
18.842918395996094,59116.30829859991,0.0696638971567154,g,1
18.963653564453125,59116.40416669985,0.07196598500013351,R,1
18.713586807250977,59117.331423600204,0.0582403913140297,g,1
18.795955657958984,59118.335474499974,0.08171327412128447,R,1
18.663387298583984,59119.35700230022,0.0920119732618332,g,1
18.753522872924805,59119.37844910008,0.05985653400421144,R,1
18.59937858581543,59120.45725690015,0.06782751530408859,g,1
18.777145385742188,59120.49767359997,0.07747604697942734,R,1
18.69029998779297,59128.318946800195,0.10868000239133836,g,1
18.733123779296875,59130.299004599925,0.07912595570087433,R,1
19.03023338317871,59134.27543980022,0.08465960621833801,g,1
19.139646530151367,59136.33162039983,0.07201637327671051,R,1
19.265125274658203,59136.34863429982,0.0788346379995346,g,1
19.146987915039066,59138.32105319993,0.09583650529384613,R,1
19.498607635498047,59138.370231499895,0.11413871496915814,g,1
19.17149543762207,59140.26430559997,0.07508312910795213,R,1
19.59172248840332,59140.29542820017,0.1224333718419075,g,1
20.3552188873291,59172.14966440015,0.18583735823631287,R,1
