time,mag,magerr,band
59165.19292820012,19.03884506225586,0.1040465831756591,g
59167.23863429995,19.08937263488769,0.113800898194313,R
59169.25024309987,18.60953712463379,0.0657982975244522,g
59171.37504629977,18.677459716796875,0.0778207033872604,R
59176.25608799979,18.44209671020508,0.1173261180520057,g
59176.2792014,18.57631492614746,0.0891890376806259,R
59188.19482639991,19.19794464111328,0.1072306483983993,g
59195.21177079994,19.24958610534668,0.1196318194270134,R
