ant_mag,ant_mjd,ant_magerr,ant_passband,ant_survey
20.43000030517578,58991.32488430013,0.2063630074262619,g,1
19.37649917602539,58994.317291699816,0.16269400715827942,R,1
19.333499908447266,58995.32671299996,0.09396100044250487,g,1
18.887300491333008,58996.29935189989,0.11866699904203415,R,1
19.24029922485352,58996.32285880017,0.07751300185918808,g,1
18.874099731445312,58997.30763889988,0.1164259985089302,R,1
19.16469955444336,58997.38922449992,0.0845789983868599,g,1
18.787799835205078,58998.3212731001,0.1080399975180626,R,1
19.054500579833984,58998.37218749988,0.07556000351905823,g,1
18.701400756835934,58999.3425925998,0.10275399684906006,R,1
18.952699661254886,59000.28440969996,0.12943699955940247,g,1
18.57099914550781,59000.386215299826,0.12414199858903885,R,1
18.83180046081543,59000.40496530012,0.13726699352264404,g,1
18.63689994812012,59001.28356479992,0.1324310004711151,R,1
19.018699645996094,59002.40827549994,0.18593400716781616,g,1
18.42779922485352,59004.278402800206,0.0982860028743744,R,1
18.962299346923828,59005.22008100013,0.13661499321460724,g,1
18.600900650024414,59009.36601850018,0.09910699725151062,R,1
19.17650032043457,59011.28253469988,0.10307999700307846,g,1
18.711000442504886,59012.27957180003,0.10135599970817566,R,1
19.31110000610352,59013.24743060023,0.09512799978256226,g,1
18.896699905395508,59014.26677080012,0.11292599886655807,R,1
19.361299514770508,59014.346284700085,0.09670700132846832,g,1
18.906700134277344,59016.26817130017,0.14976699650287628,R,1
19.618099212646484,59016.34534720006,0.11848799884319305,g,1
19.328500747680664,59017.28292819997,0.10866600275039673,R,1
19.775999069213867,59018.34570599999,0.10104600340127944,g,1
19.35867500305176,59019.24684030004,0.15969452261924744,R,1
19.95518112182617,59020.2276504999,0.13873915374279022,g,1
19.502700805664066,59028.2610185002,0.16298885643482208,R,1
