ant_mag,ant_mjd,ant_magerr,ant_passband,ant_survey
20.137800216674805,58997.21725689992,0.18112699687480927,g,1
20.19239997863769,58997.260219899945,0.1885180026292801,R,1
18.79459953308105,59004.199282399844,0.10263799875974657,g,1
18.723899841308594,59009.205254599925,0.09341800212860107,R,1
18.72599983215332,59012.20405089995,0.06541699916124344,g,1
18.928800582885746,59016.22950229981,0.10494499653577803,R,1
19.12299919128418,59017.229294000186,0.08800599724054338,g,1
19.191186904907227,59019.21909719986,0.08883719146251677,R,1
19.437429428100586,59020.208657400224,0.12710797786712644,g,1
19.369672775268555,59022.225949100226,0.09206350892782213,R,1
19.831663131713867,59023.22484950023,0.15848401188850406,g,1
19.38549041748047,59025.17357640015,0.10647527873516084,R,1
20.19420623779297,59025.22586809984,0.1828865855932236,g,1
20.277706146240234,59044.22497690003,0.19172580540180206,R,1
