time,mag,magerr,band
59188.37943289988,20.078500747680664,0.3037790060043335,R
59193.44687499991,19.423751831054688,0.1197860315442085,g
59203.45857639983,19.43597221374512,0.1726927459239959,R
