ant_mag,ant_mjd,ant_magerr,ant_passband,ant_survey
18.470399856567386,59149.261967599865,0.24911700189113614,g,1
18.009456634521484,59150.274120400194,0.08198238164186478,R,1
18.25154685974121,59151.253032399814,0.15826602280139926,g,1
17.88996124267578,59151.336608800106,0.09924446791410446,R,1
18.064666748046875,59152.26555560018,0.09845568984746933,g,1
17.883831024169922,59153.314988399856,0.08233195543289185,R,1
18.15073585510254,59158.297025499865,0.11108487844467163,g,1
18.06768226623535,59165.234143500216,0.06275516748428345,R,1
18.568628311157227,59165.294467600055,0.06968894600868225,g,1
18.183115005493164,59167.24050930003,0.06152438372373581,R,1
18.803611755371094,59168.20974540013,0.08892308920621872,g,1
18.35538673400879,59168.27315969997,0.0887749046087265,R,1
18.955049514770508,59169.26540509983,0.1193760186433792,g,1
18.34489631652832,59169.309583299786,0.07385627180337906,R,1
19.087650299072266,59170.20982640004,0.10553152114152907,g,1
18.38239288330078,59170.252175900154,0.08521631360054016,R,1
19.35149955749512,59174.23137729988,0.2802169919013977,g,1
18.451223373413086,59176.27340279985,0.07933661341667175,R,1
19.800100326538086,59178.16998839984,0.2656660079956055,g,1
19.34379768371582,59200.10509259999,0.1662353277206421,R,1
