ant_mag,ant_mjd,ant_magerr,ant_passband,ant_survey
19.21101951599121,59187.4832175998,0.1983633190393448,R,1
18.259899139404297,59194.44288189989,0.07055900245904922,g,1
17.681745529174805,59199.40622689994,0.041233137249946594,R,1
18.159841537475586,59203.41221059999,0.0630325973033905,g,1
18.10109519958496,59210.42652780004,0.05472921952605248,R,1
19.478275299072266,59218.37060189992,0.19563469290733335,g,1
18.443471908569336,59220.431805599954,0.08871489018201828,R,1
19.89137840270996,59222.39937500004,0.17153304815292358,g,1
18.727336883544922,59226.42056709993,0.08131945133209229,R,1
20.075517654418945,59228.42241899995,0.2167019248008728,g,1
19.06996726989746,59230.4223495,0.1027037277817726,R,1
20.591699600219727,59230.46902780003,0.22427399456501007,g,1
20.10089492797852,59256.38079860015,0.14880311489105225,R,1
