ant_mag,ant_mjd,ant_magerr,ant_passband,ant_survey
18.594200134277344,58859.26781249978,0.1167690008878708,R,1
18.49329948425293,58860.12472219997,0.1169309988617897,g,1
18.451400756835934,58861.190902799826,0.08504500240087509,R,1
18.270299911499023,58867.20179399987,0.059836998581886285,g,1
18.342899322509766,58867.23233800009,0.0633459985256195,R,1
18.4153995513916,58871.20550929987,0.07865700125694275,g,1
18.499900817871094,58873.17729170014,0.05640500038862229,R,1
18.79439926147461,58876.14585650014,0.07751800119876863,g,1
18.800800323486328,58878.166226900175,0.16293899714946747,R,1
19.098899841308594,58880.144849500146,0.10786399990320206,g,1
19.635255813598636,58899.14350689994,0.13703230023384094,R,1
