ant_mag,ant_mjd,ant_magerr,ant_passband,ant_survey
19.54844093322754,59130.369108799845,0.1363011598587036,g,1
19.514911651611328,59130.423981499865,0.09463448822498323,R,1
18.824352264404297,59134.381840299815,0.09748324751853944,g,1
18.639299392700195,59136.319849499974,0.060396000742912286,R,1
18.60361862182617,59136.380335600115,0.07599517703056335,g,1
18.533222198486328,59138.34768520017,0.07251600176095963,R,1
18.38678550720215,59140.400254600216,0.05824999511241913,g,1
18.355697631835934,59142.288078700185,0.06691979616880417,R,1
18.44869804382324,59144.39175930014,0.05605495348572731,g,1
18.53127670288086,59150.29951390019,0.06576262414455414,R,1
19.001806259155273,59152.26358800009,0.14741896092891693,g,1
18.802785873413086,59152.38512729992,0.13185228407382965,R,1
19.31703758239746,59158.279351899866,0.12738598883152008,g,1
18.922901153564453,59158.34172450006,0.0929683968424797,R,1
20.020000457763672,59165.193877299775,0.19480791687965396,g,1
19.141841888427734,59167.23531250004,0.09222013503313063,R,1
20.264299392700195,59167.32327549997,0.25608998537063604,g,1
19.10675811767578,59169.28300930001,0.09183789044618608,R,1
20.370800018310547,59169.323680600144,0.24586500227451324,g,1
19.2247371673584,59171.227812500205,0.08201838284730911,R,1
20.40373039245605,59171.302743100096,0.19378933310508728,g,1
19.30742645263672,59173.24009260022,0.07516452670097351,R,1
20.569700241088867,59173.294699099846,0.22143499553203586,g,1
20.305055618286133,59199.21723379986,0.20284615457057956,R,1
