ant_mag,ant_mjd,ant_magerr,ant_passband,ant_survey
20.447757720947266,59254.27364580008,0.21409133076667786,g,1
19.6549072265625,59256.2339005,0.13758651912212372,R,1
18.921062469482425,59260.30280089984,0.121685691177845,g,1
18.557565689086914,59263.23240739992,0.2043895423412323,R,1
18.29119110107422,59265.205300900154,0.0668255016207695,g,1
18.30912208557129,59265.27350689982,0.06885406374931335,R,1
18.20641326904297,59267.23241900001,0.09913437068462372,g,1
18.255895614624023,59267.295335600145,0.061798263341188424,R,1
18.250560760498047,59269.23122690013,0.07108677178621292,g,1
18.22952079772949,59269.294513899826,0.06935510039329529,R,1
18.378101348876953,59271.228761599865,0.11899279057979585,g,1
18.21344566345215,59273.23318290013,0.1513153910636902,R,1
18.483928680419922,59275.16928240005,0.06686334311962128,g,1
18.4583797454834,59278.168553200085,0.09718549251556396,R,1
18.67778968811035,59278.23363430007,0.09325367957353592,g,1
18.66803550720215,59281.227604200125,0.09178841859102248,R,1
19.024972915649414,59281.32211809978,0.15841490030288696,g,1
18.977924346923828,59291.20262729983,0.095648393034935,R,1
20.018800735473636,59293.149432899896,0.2410700023174286,g,1
19.78581428527832,59310.19151620008,0.1847331523895264,R,1
