ant_mag,ant_mjd,ant_magerr,ant_passband,ant_survey
20.215999603271484,59295.387546299964,0.317577987909317,R,1
19.32993507385254,59297.35248839995,0.21700018644332889,g,1
19.48324012756348,59297.40260419994,0.16727867722511292,R,1
18.905162811279297,59300.370486100204,0.15968577563762665,g,1
18.800676345825195,59300.41916669997,0.18965156376361847,R,1
18.706499099731445,59302.360185199876,0.15071700513362885,g,1
18.65239906311035,59302.420821799904,0.11597900092601775,R,1
18.347299575805664,59307.383125000175,0.0753289982676506,g,1
18.41959953308105,59307.41318289982,0.09470099955797197,R,1
18.401180267333984,59309.339803200215,0.08064910024404526,g,1
18.38691711425781,59309.47815970006,0.07604420185089111,R,1
18.41135025024414,59311.37537040003,0.06159960478544235,g,1
18.36178398132324,59313.437650499865,0.10716724395751953,R,1
18.646352767944336,59315.328553199775,0.1101948693394661,g,1
18.51593017578125,59317.39811340022,0.08023019880056381,R,1
19.00022315979004,59320.362465300124,0.12390117347240448,g,1
18.993099212646484,59324.27422450018,0.10425899922847748,R,1
19.39695930480957,59324.37846060004,0.1148821860551834,g,1
19.086898803710934,59328.278125000186,0.14983995258808136,R,1
20.06730079650879,59334.23725689994,0.2454649955034256,g,1
18.978111267089844,59334.35643520019,0.10975731909275056,R,1
20.25180053710937,59336.290335599806,0.22248999774456024,g,1
19.228069305419922,59339.318148099825,0.10871070623397827,R,1
20.251333236694336,59339.374027799815,0.19463573396205905,g,1
19.26969337463379,59341.281655100174,0.10073009878396988,R,1
20.84589958190918,59343.27881939989,0.312142014503479,g,1
19.918758392333984,59352.29689810006,0.17223519086837769,R,1
