time,mag,magerr,band
59009.21103010001,17.89706802368164,0.0910660400986671,R
