ant_mag,ant_mjd,ant_magerr,ant_passband,ant_survey
19.141151428222656,59063.2332870001,0.18489892780780792,g,1
19.375463485717773,59063.28315970022,0.14002573490142822,R,1
18.550745010375977,59066.185555600096,0.06411542743444443,g,1
18.568782806396484,59068.15337960003,0.09669401496648787,R,1
18.1894588470459,59069.18498839997,0.060967747122049325,g,1
18.267810821533203,59072.193530099925,0.0627674087882042,R,1
18.01546669006348,59072.21364580003,0.07826488465070723,g,1
18.16581153869629,59074.18460649997,0.06494317203760147,R,1
17.950532913208008,59075.19679399999,0.05869315937161445,g,1
18.13843536376953,59075.233020800166,0.050191961228847504,R,1
18.028635025024414,59079.185717599925,0.06763418763875961,g,1
18.185548782348636,59079.19510419992,0.06961777806282042,R,1
19.17301750183105,59096.16468749987,0.11892789602279664,g,1
18.90281105041504,59096.19553240017,0.11203034222126007,R,1
