time,mag,magerr,band
59278.294976899866,18.86385726928711,0.0855634957551956,g
59281.24773149984,18.159177780151367,0.0633427575230598,R
59281.315069399774,18.419666290283203,0.0897291675209999,g
59293.231944399886,18.0828857421875,0.0730218961834907,R
59293.27670140006,19.158920288085938,0.0934162065386772,g
59304.27425929997,19.028404235839844,0.1838379949331283,R
59307.15415510023,20.048099517822266,0.2154259979724884,g
59322.23324069986,19.91691017150879,0.2153961658477783,R
