ant_mag,ant_mjd,ant_magerr,ant_passband,ant_survey
19.582599639892575,59155.3802546002,0.1960660070180893,g,1
19.64737319946289,59156.32833330008,0.17433704435825348,R,1
19.418100357055664,59156.41631940008,0.2486599981784821,g,1
19.101089477539066,59158.377303199835,0.19758768379688266,R,1
19.08720588684082,59158.4411227,0.14604896306991574,g,1
18.648950576782227,59165.33807870001,0.07598551362752914,R,1
18.49954414367676,59165.35863430007,0.0764455795288086,g,1
18.49004364013672,59167.351689800154,0.06562355905771255,R,1
18.57454872131348,59169.35884260014,0.0796298235654831,g,1
18.512353897094727,59169.40194439981,0.06693200021982193,R,1
18.6473388671875,59171.34662039997,0.07994824647903442,g,1
18.57899284362793,59171.392060200225,0.06559530645608902,R,1
18.72258186340332,59174.32537040021,0.08539225161075592,g,1
18.71067237854004,59176.33237269986,0.10420796275138856,R,1
19.06605529785156,59178.402650500175,0.09536264836788176,g,1
18.77199935913086,59180.358761600226,0.2331019937992096,R,1
19.162799835205078,59182.22452550009,0.2381590008735657,g,1
19.15760040283203,59184.29487269978,0.17170299589633942,R,1
19.69230079650879,59188.22043980006,0.21909500658512115,g,1
19.438692092895508,59193.27990739979,0.11029118299484253,R,1
20.36529922485352,59195.27712959983,0.26587000489234924,g,1
19.739246368408203,59205.20505789992,0.15977275371551514,R,1
