ant_mag,ant_mjd,ant_magerr,ant_passband,ant_survey
19.151721954345703,59362.42519679992,0.15042605996131894,g,1
19.122678756713867,59362.45471059997,0.1334436535835266,R,1
18.651330947875977,59364.4073379999,0.11480741202831267,g,1
18.479877471923828,59367.41670140019,0.07056578248739243,R,1
18.2268123626709,59369.40245370008,0.054783999919891364,g,1
18.320775985717773,59369.456562499974,0.05497784912586212,R,1
18.133146286010746,59371.405520800035,0.056639611721038825,g,1
18.25106430053711,59371.45576390019,0.045897286385297775,R,1
18.065933227539066,59374.40271990001,0.05476678907871246,g,1
18.146930694580078,59377.41848379978,0.05723146349191665,R,1
18.116260528564453,59377.441713000175,0.05872591957449912,g,1
18.16187858581543,59379.41612270009,0.05439343303442001,R,1
18.20194435119629,59379.42171300016,0.053079977631568916,g,1
18.241575241088867,59381.39993060008,0.10110967606306076,R,1
18.6724910736084,59386.43783560023,0.07849591970443726,g,1
18.734569549560547,59390.36812500004,0.11072622239589693,R,1
18.901145935058594,59390.435370400075,0.1215328499674797,g,1
18.62624931335449,59392.39908559992,0.09385786950588226,R,1
19.359899520874023,59394.39126159996,0.24069300293922424,g,1
18.771074295043945,59396.392696800176,0.08223215490579605,R,1
19.95511054992676,59401.40028940002,0.1791946440935135,g,1
18.98672866821289,59401.42103009997,0.08370885252952576,R,1
19.97811317443848,59403.41583329997,0.14380057156085968,g,1
19.03759765625,59405.38890049978,0.08117249608039856,R,1
20.361099243164066,59408.378831000075,0.3035370111465454,g,1
19.28615379333496,59410.41398150008,0.09562892466783524,R,1
20.410675048828125,59412.45310189994,0.21197015047073364,g,1
19.503620147705078,59415.377338000115,0.12505850195884705,R,1
