time,mag,magerr,band
59170.40041670017,19.348957061767575,0.1047845780849456,R
59173.34703700012,18.78529930114746,0.2629680037498474,g
59175.35010420019,18.470481872558597,0.1565022021532058,R
59176.37060189992,18.63880157470703,0.0839481800794601,g
59179.33697920013,18.26302528381348,0.0653797760605812,R
59181.25354170008,18.604005813598636,0.1571493744850158,g
59185.3395602,18.42060852050781,0.0816234946250915,R
59185.40150459996,18.94648742675781,0.158872902393341,g
59205.20696760016,19.64692687988281,0.1468260139226913,R
