ant_mag,ant_mjd,ant_magerr,ant_passband,ant_survey
19.136903762817386,59165.49537040014,0.11712203919887546,R,1
19.076780319213867,59165.52353010001,0.10248778015375136,g,1
18.876888275146484,59168.444074099876,0.09050143510103226,R,1
18.83884620666504,59170.477048600085,0.0941372960805893,g,1
18.925758361816406,59170.52805559988,0.11042482405900957,R,1
19.03019905090332,59173.49998839991,0.13500599563121796,g,1
18.95159912109375,59173.50952549977,0.1623470038175583,R,1
18.66900062561035,59175.526342600126,0.23834800720214844,g,1
19.251190185546875,59181.48439810006,0.1299690157175064,R,1
19.49738121032715,59181.52371530003,0.16562886536121368,g,1
