ant_mag,ant_mjd,ant_magerr,ant_passband,ant_survey
18.999731063842773,59248.28535880009,0.09183207154273987,g,1
19.008447647094727,59248.38466440002,0.1137896180152893,R,1
19.030397415161133,59250.30034720013,0.15077219903469086,g,1
19.014060974121094,59252.297870399896,0.07720530033111572,R,1
19.19569969177246,59254.354618099984,0.1118519976735115,g,1
19.067161560058594,59256.24995370022,0.0964672788977623,R,1
19.34995651245117,59256.315856500056,0.14928175508975985,g,1
19.28768348693848,59258.320925899774,0.13338840007781982,R,1
19.6866397857666,59262.31245370022,0.15431149303913114,g,1
19.91613006591797,59278.27724540001,0.19475921988487244,R,1
