ant_mag,ant_mjd,ant_magerr,ant_passband,ant_survey
19.78480339050293,59248.49179399992,0.16958573460578918,g,1
20.02967071533203,59248.52810190013,0.1600704789161682,R,1
19.43944358825684,59250.49155090004,0.12946723401546478,g,1
19.203458786010746,59252.509733799845,0.07105669379234314,R,1
18.761812210083008,59254.53412039997,0.2060450464487076,g,1
18.683168411254886,59258.49012729991,0.10593876242637634,R,1
18.582542419433594,59258.51189809991,0.09770719707012177,g,1
18.78082847595215,59262.489074099816,0.08249446004629135,R,1
18.758886337280273,59264.4910300998,0.06892045587301254,g,1
18.9774169921875,59268.46521990001,0.08649129420518875,R,1
18.98765754699707,59270.434722200036,0.17088887095451355,g,1
18.95973777770996,59272.476712999865,0.11784841865301132,R,1
19.566696166992188,59275.449537000146,0.1828383207321167,g,1
19.47382164001465,59278.498958299875,0.10432666540145874,R,1
19.951194763183594,59278.52128469991,0.19209371507167816,g,1
20.6446590423584,59307.44565969986,0.2063276320695877,R,1
