ant_mag,ant_mjd,ant_magerr,ant_passband,ant_survey
20.54010581970215,59114.511099500116,0.1700882911682129,g,1
19.66585922241211,59116.42315969988,0.10806799679994583,R,1
19.69383811950684,59116.51626159996,0.08399739861488342,g,1
19.44803810119629,59117.406643500086,0.0932464450597763,R,1
19.24942779541016,59118.49186340022,0.07923994213342668,g,1
18.919416427612305,59119.47202550016,0.07459083199501038,R,1
18.88363647460937,59120.44719910016,0.05598000437021256,g,1
18.806615829467773,59120.530185199816,0.09337273240089417,R,1
18.71256828308105,59121.393530100126,0.10411003232002257,g,1
18.668699264526367,59121.467476900194,0.0816740021109581,R,1
18.757478713989254,59122.369490699835,0.0863981768488884,g,1
18.63274383544922,59122.48548609996,0.0843452736735344,R,1
18.521530151367188,59123.434456000105,0.06856096535921098,g,1
18.388525009155273,59124.3448379999,0.08674361556768417,R,1
18.45859909057617,59125.422685199876,0.056338999420404434,g,1
18.343358993530273,59126.38354169997,0.07598720490932465,R,1
18.422542572021484,59129.44586810004,0.06960703432559967,g,1
18.520910263061523,59135.40773149999,0.05414392054080963,R,1
18.65581703186035,59135.43783560023,0.05837146192789078,g,1
18.633302688598636,59137.38429399999,0.06570254266262054,R,1
18.96327018737793,59139.43300929992,0.08484198898077011,g,1
18.86268615722656,59141.39201389997,0.08121595531702043,R,1
19.279010772705078,59143.42563659978,0.06833170354366302,g,1
19.086824417114254,59145.35954859993,0.0996418073773384,R,1
19.50160026550293,59145.43244209979,0.09822800010442734,g,1
19.10846519470215,59149.42596059991,0.11362485587596892,R,1
19.922409057617188,59149.48702549982,0.12883871793746948,g,1
19.07054901123047,59151.44702549977,0.10967354476451874,R,1
20.04669952392578,59151.48569440004,0.2441270053386688,g,1
19.491195678710934,59159.4709954001,0.15367138385772705,R,1
20.863399505615234,59165.367442099836,0.2323890030384064,g,1
20.14653968811035,59171.4604282002,0.15485362708568573,R,1
