ant_mag,ant_mjd,ant_magerr,ant_passband,ant_survey
19.55403709411621,59203.41707180021,0.16628825664520264,g,1
