ant_mag,ant_mjd,ant_magerr,ant_passband,ant_survey
18.542800903320312,58864.33523150021,0.07477100193500519,R,1
17.900400161743164,58867.3971874998,0.06402000039815903,g,1
17.62470054626465,58873.33105320018,0.046851001679897315,R,1
17.550800323486328,58873.35686339997,0.05176100134849548,g,1
17.602800369262695,58876.29468750022,0.06366299837827682,R,1
17.643199920654297,58876.35787039995,0.06042100116610528,g,1
18.113300323486328,58884.23091439996,0.10078000277280807,R,1
18.87779998779297,58891.24186340022,0.15535999834537506,g,1
18.350099563598636,58894.27185190003,0.07801300287246704,R,1
19.618200302124023,58894.316087999854,0.18949399888515472,g,1
18.842918395996094,58898.31618059985,0.11436403542757036,R,1
