ant_mag,ant_mjd,ant_magerr,ant_passband,ant_survey
19.85016632080078,59169.283969900105,0.12225036323070525,R,1
20.202863693237305,59169.32179399999,0.172317773103714,g,1
19.42757797241211,59171.37056710013,0.1030581071972847,R,1
18.98833656311035,59174.25688660005,0.10629729181528093,g,1
18.814016342163086,59176.3212731001,0.0793316587805748,R,1
18.886354446411133,59176.3480440001,0.09406506270170213,g,1
18.635297775268555,59183.112453700036,0.17464888095855713,R,1
18.858800888061523,59185.20349540003,0.12524600327014926,g,1
18.638256072998047,59185.22840279992,0.0928078666329384,R,1
19.09807014465332,59187.142442100216,0.10313348472118378,g,1
18.927873611450195,59189.216018499814,0.07472205907106401,R,1
19.433895111083984,59193.19870370022,0.13004718720912933,g,1
19.20709228515625,59195.22362270019,0.08198903501033783,R,1
19.63502693176269,59195.24508100003,0.12395504862070085,g,1
19.38128662109375,59199.21533560008,0.1273917406797409,R,1
20.10140037536621,59199.27671300016,0.2466749995946884,g,1
20.312000274658203,59218.17767360015,0.22345399856567386,R,1
20.917299270629886,59220.20457179983,0.2854019999504089,g,1
20.605653762817386,59232.14969909983,0.216130405664444,R,1
