ant_mag,ant_mjd,ant_magerr,ant_passband,ant_survey
18.66522026062012,59106.378113400184,0.09032275527715684,R,1
18.477100372314453,59109.37502310006,0.10594200342893599,g,1
18.62350082397461,59109.39634260022,0.08666399866342545,R,1
18.56960678100586,59112.32953700004,0.09251999855041504,g,1
18.735877990722656,59115.37914349978,0.07255866378545761,R,1
18.65489387512207,59115.42211809987,0.07666362822055818,g,1
18.753929138183594,59116.359838000026,0.06841385364532471,R,1
18.826778411865234,59117.312036999974,0.06979318708181381,g,1
18.88738250732422,59118.3541203998,0.10005787760019302,R,1
19.09894561767578,59122.329189800184,0.15871945023536682,g,1
19.444074630737305,59131.436817099806,0.13138431310653687,R,1
19.96929931640625,59134.2879745001,0.20668500661849976,g,1
19.575626373291016,59136.329745400224,0.13094861805438995,R,1
20.18415641784668,59136.347696799785,0.17067036032676694,g,1
19.48701286315918,59138.32199069997,0.12841109931468964,R,1
20.58799934387207,59138.36275460013,0.2674410045146942,g,1
19.73357582092285,59140.24685190013,0.1282438188791275,R,1
20.538129806518555,59140.2963657002,0.2142063081264496,g,1
19.90494155883789,59144.23692130017,0.130387082695961,R,1
