ant_mag,ant_mjd,ant_magerr,ant_passband,ant_survey
19.95800018310547,58875.218900499865,0.1922609955072403,R,1
19.71980094909668,58876.19478010014,0.14418500661849976,g,1
19.29640007019043,58878.183055600144,0.1504029929637909,R,1
18.86319923400879,58879.17204859993,0.12142899632453917,g,1
18.924299240112305,58880.20662039983,0.0892919972538948,R,1
18.5359001159668,58881.186550899874,0.079864002764225,g,1
18.4606990814209,58884.170138900176,0.12629899382591248,R,1
18.22330093383789,58890.306805599954,0.0910089984536171,g,1
18.4601993560791,58894.247303199954,0.07403100281953813,R,1
18.46430015563965,58895.19993059988,0.07702499628067018,g,1
18.70429992675781,58898.1631713002,0.06476099789142609,R,1
18.63689994812012,58899.22429399983,0.07551900297403336,g,1
19.0088005065918,58903.18208329986,0.0877700001001358,R,1
19.24810028076172,58906.14498839992,0.1227710023522377,g,1
18.981599807739254,58906.16877309977,0.13210000097751615,R,1
19.274900436401367,58906.26265050005,0.1286959946155548,g,1
19.11000061035156,58909.11450230004,0.16867099702358246,R,1
19.753400802612305,58912.165046299815,0.2166610062122345,g,1
19.391559600830078,58915.14379630005,0.18113751709461207,R,1
