ant_mag,ant_mjd,ant_magerr,ant_passband,ant_survey
20.28660011291504,58866.38346059992,0.21699100732803345,g,1
19.229900360107425,58871.33010420018,0.11544299870729445,R,1
19.175199508666992,58871.4016435002,0.10589399933815002,g,1
18.789400100708008,58874.333205999814,0.07189100235700607,R,1
18.462499618530273,58877.2334143999,0.0828000009059906,g,1
18.57710075378418,58877.29953699977,0.08690699934959413,R,1
18.3031005859375,58880.270000000026,0.07808300107717514,g,1
18.423799514770508,58883.293240699924,0.10293599963188173,R,1
18.336700439453125,58886.23055560003,0.143204003572464,g,1
18.405000686645508,58886.271794000175,0.07528500258922577,R,1
18.582300186157227,58891.229131899774,0.0954580008983612,g,1
18.607200622558594,58894.25487270019,0.08443000167608261,R,1
18.866500854492188,58894.29655090022,0.09715499728918076,g,1
18.78899955749512,58896.289375000175,0.08976300060749054,R,1
19.255199432373047,58898.254224500146,0.13472600281238556,g,1
18.910999298095703,58903.212303199805,0.08420100063085556,R,1
19.75119972229004,58903.25535879983,0.15312999486923218,g,1
19.272077560424805,58912.214294000056,0.14770559966564178,R,1
