ant_mag,ant_mjd,ant_magerr,ant_passband,ant_survey
19.1914005279541,59215.43672449981,0.2606180012226105,g,1
18.584623336791992,59217.39527780004,0.08436264097690582,R,1
18.50124740600586,59219.428067099776,0.08565235137939453,g,1
18.14900016784668,59221.454178200096,0.08133400231599808,R,1
18.09771728515625,59223.38207180007,0.05907748267054558,g,1
17.995500564575195,59225.40885420004,0.058770999312400825,R,1
18.050575256347656,59225.44554399978,0.0849660262465477,g,1
17.90180015563965,59227.39494210017,0.05814300104975701,R,1
18.08609962463379,59227.44437499996,0.05917799845337868,g,1
17.922147750854492,59229.410705999944,0.06540659815073012,R,1
18.27547264099121,59231.43194440008,0.0604005828499794,g,1
18.014453887939453,59231.47726849979,0.05483444780111313,R,1
19.697830200195312,59248.41240740009,0.1612972617149353,g,1
18.558734893798828,59248.4264814998,0.06506985425949098,R,1
19.904800415039066,59250.36624999996,0.1677280068397522,g,1
18.697078704833984,59252.322592599776,0.07947782427072525,R,1
20.16693878173828,59252.49370370014,0.16946372389793396,g,1
19.014989852905273,59258.345381900195,0.09077497571706772,R,1
20.323299407958984,59258.363588000175,0.25234299898147583,g,1
19.33580207824707,59262.340844899874,0.10470671951770782,R,1
20.674299240112305,59264.32834490017,0.2613930106163025,g,1
19.965200424194336,59280.28072920023,0.15951600670814514,R,1
21.046100616455078,59292.30464120022,0.35780298709869385,g,1
20.36822891235352,59292.34304400021,0.21495215594768524,R,1
