ant_mag,ant_mjd,ant_magerr,ant_passband,ant_survey
18.14409065246582,59267.27465280006,0.10125531256198883,g,1
16.192352294921875,59271.25259259995,0.031218411400914192,R,1
16.192626953125,59271.36584489979,0.039012324064970016,g,1
15.654974937438965,59273.23459490017,0.026554964482784268,R,1
15.280425071716307,59275.189606499865,0.022457139566540718,g,1
15.067899703979492,59278.1709143999,0.01977325603365898,R,1
14.81985855102539,59281.321180600215,0.022395147010684013,g,1
14.972538948059082,59291.2322338,0.028774743899703026,R,1
15.044523239135742,59293.15037039992,0.02316939830780029,g,1
15.368366241455078,59296.21181710018,0.02225474826991558,R,1
15.28026008605957,59296.289120399866,0.025128504261374474,g,1
15.511578559875488,59298.291782400105,0.038807928562164314,R,1
15.745599746704102,59302.15136570018,0.027588000521063805,g,1
15.58745002746582,59304.15165509983,0.03459218889474869,R,1
16.192100524902347,59307.15271990001,0.03228899836540222,g,1
15.607199668884276,59307.21215280006,0.02709599956870079,R,1
16.360078811645508,59309.16863430013,0.040413089096546166,g,1
15.640180587768555,59309.21432870022,0.026235736906528476,R,1
16.744905471801758,59313.155185199816,0.04018554463982582,g,1
15.834747314453125,59315.1558681,0.03046804666519165,R,1
16.888015747070312,59315.19043979981,0.04525821655988693,g,1
15.979399681091307,59317.15662040003,0.025986999273300167,R,1
17.047800064086914,59317.170648099855,0.03789500147104263,g,1
16.258977890014652,59321.19050930021,0.03550655022263527,R,1
17.300350189208984,59323.160277800176,0.04860570281744003,g,1
16.327228546142578,59323.20812499988,0.029619477689266205,R,1
17.512859344482422,59329.17425929987,0.06863465905189514,g,1
16.812559127807614,59335.17581020017,0.040274281054735184,R,1
17.544422149658207,59335.21473379992,0.05837672203779221,g,1
16.93368911743164,59338.16703699995,0.04902607947587967,R,1
17.6253662109375,59340.171018499874,0.051903638988733285,g,1
16.960405349731445,59340.23770829989,0.06476349383592606,R,1
17.691633224487305,59342.21233800008,0.07926735281944275,g,1
17.155818939208984,59344.19447920006,0.055100314319133765,R,1
17.69692039489746,59348.21543980017,0.05621904134750366,g,1
