ant_mag,ant_mjd,ant_magerr,ant_passband,ant_survey
18.5107479095459,59386.34837959986,0.08085247874259949,g,1
18.43109130859375,59386.40140049997,0.06282000243663788,R,1
16.998538970947266,59390.26091440023,0.049992863088846214,g,1
16.348426818847653,59394.32496530004,0.03499272093176842,R,1
16.014984130859375,59399.291180599954,0.03137807920575142,g,1
16.084280014038086,59401.347187499974,0.026424014940857887,R,1
16.066761016845707,59401.36803240003,0.029491139575839043,g,1
16.133058547973633,59403.32406250015,0.030543789267539975,R,1
16.246543884277347,59405.325601900004,0.03207654133439064,g,1
16.480779647827152,59407.320254600134,0.0341666154563427,R,1
16.56728744506836,59409.32486109994,0.03037763200700283,g,1
16.821243286132812,59411.262928199954,0.0456734262406826,R,1
16.802555084228516,59411.319270799875,0.05455347150564194,g,1
16.89323616027832,59414.30072919978,0.0391751155257225,R,1
17.352035522460938,59417.37490739999,0.07737480849027634,g,1
17.039928436279293,59423.308055600144,0.06831958144903183,R,1
18.0035343170166,59423.341273100115,0.09149382263422012,g,1
