ant_mag,ant_mjd,ant_magerr,ant_passband,ant_survey
20.054399490356445,59290.3739120001,0.17018499970436096,R,1
19.930419921875,59290.42246530019,0.12290017306804656,g,1
19.78811454772949,59292.393067100085,0.18659983575344088,R,1
19.151418685913086,59295.318148099825,0.1774999052286148,g,1
19.394683837890625,59295.3993981001,0.12534412741661072,R,1
19.132537841796875,59297.33832179987,0.18787561357021326,g,1
19.110599517822266,59300.41349539999,0.2415580004453659,R,1
18.846799850463867,59302.390138899915,0.18068400025367734,g,1
18.85759925842285,59307.358703699894,0.09053900092840196,R,1
19.010499954223636,59309.375057899866,0.10420099645853044,g,1
19.014389038085934,59311.31892360003,0.09944692254066467,R,1
19.350452423095703,59313.288912000135,0.17288345098495486,g,1
19.08437156677246,59313.43483800023,0.12183716148138045,R,1
19.683000564575195,59317.289919000126,0.1652120053768158,g,1
19.21785926818848,59317.401863399886,0.10513108223676683,R,1
19.993209838867188,59321.37934029987,0.1279388815164566,g,1
19.57789421081543,59325.30150459986,0.1279938817024231,R,1
20.10604286193848,59325.359143500216,0.2089160680770874,g,1
20.26145362854004,59345.31732639996,0.21528728306293488,R,1
