ant_mag,ant_mjd,ant_magerr,ant_passband,ant_survey
19.00860023498535,58893.499282400124,0.1035040020942688,g,1
19.081499099731445,58895.495486100204,0.10735099762678146,R,1
19.277000427246094,58898.4441550998,0.09363099932670592,g,1
19.377899169921875,58906.516990699805,0.19299300014972687,R,1
19.62310028076172,58911.554270800196,0.1769469976425171,g,1
19.788183212280273,58914.509548599824,0.13373614847660065,R,1
