ant_mag,ant_mjd,ant_magerr,ant_passband,ant_survey
19.639299392700195,59011.31239579991,0.15995700657367706,g,1
19.297800064086914,59012.2881713002,0.10768499970436096,R,1
19.5275993347168,59013.242673600085,0.14618800580501554,g,1
19.20840072631836,59013.33981479983,0.08848699927330017,R,1
19.24099922180176,59014.35954859993,0.09417299926280977,g,1
19.076400756835934,59016.262511599816,0.15745599567890167,R,1
19.1742000579834,59018.36356480001,0.099031001329422,g,1
19.03580093383789,59018.47888890003,0.11328600347042085,R,1
19.13548851013184,59019.28446759983,0.10828535258769988,g,1
18.94239616394043,59019.3679860998,0.07585694640874863,R,1
19.192569732666016,59020.39060189994,0.10615652054548264,g,1
18.98080062866211,59022.264004599776,0.07731447368860245,R,1
19.23737907409668,59023.35034719994,0.10424870997667313,g,1
18.952226638793945,59023.39312499993,0.08199410140514374,R,1
19.369382858276367,59024.36395830009,0.1820848286151886,g,1
19.02903938293457,59024.46177079994,0.10077308863401413,R,1
19.35965919494629,59025.34831020003,0.17320355772972107,g,1
19.000232696533203,59025.36082179983,0.11757370084524155,R,1
19.48259925842285,59026.387777800206,0.18470899760723114,g,1
19.06028175354004,59026.46689809999,0.11465351283550262,R,1
19.47016143798828,59027.36392359994,0.2072559744119644,g,1
19.237855911254886,59028.26833330003,0.14861761033535004,R,1
19.902299880981445,59031.32965280023,0.2440080046653748,g,1
19.314245223999023,59032.32847219986,0.12124136090278625,R,1
19.962900161743164,59032.47568289982,0.2991940081119537,g,1
20.61270523071289,59069.2447453998,0.19947665929794312,R,1
