ant_mag,ant_mjd,ant_magerr,ant_passband,ant_survey
19.30806541442871,59178.15549769998,0.18250231444835666,g,1
19.015981674194336,59180.11800929997,0.19319264590740204,R,1
18.42275047302246,59180.160786999855,0.1733556091785431,g,1
18.57314682006836,59182.10768519994,0.10470458120107652,R,1
18.488941192626953,59182.14519680013,0.09654529392719267,g,1
18.43556022644043,59184.120613399886,0.09469424933195114,R,1
18.279266357421875,59184.16284719994,0.0774872750043869,g,1
18.28753471374512,59186.10849539982,0.08596404641866684,R,1
18.00846290588379,59189.14598379983,0.054135069251060486,g,1
18.05548667907715,59192.131250000086,0.08995018154382706,R,1
18.13332939147949,59192.1849421002,0.09071997553110124,g,1
18.15379905700684,59194.12486110022,0.055587999522686005,R,1
18.071460723876953,59197.107708300005,0.16626302897930145,g,1
18.209680557250977,59199.10885420023,0.06420282274484634,R,1
18.716100692749023,59205.0974653,0.08056800067424774,g,1
18.55820083618164,59205.13094910002,0.08279000222682953,R,1
19.033693313598636,59211.11458329996,0.2064906060695648,g,1
18.98895072937012,59218.13240739983,0.08592851459980011,R,1
19.72061538696289,59220.145324099816,0.1911588609218597,g,1
19.27279281616211,59227.13434030023,0.19834448397159574,R,1
