time,mag,magerr,band
59032.247824099846,18.825271606445312,0.1179298236966133,R
59032.36170140002,19.217754364013672,0.2119713574647903,g
59038.21174769988,18.727584838867188,0.1086345389485359,R
59041.21120369993,20.229415893554688,0.2130087614059448,g
59041.23164349981,18.84678649902344,0.0937535762786865,R
59044.19454859989,20.69219970703125,0.2478580027818679,g
59047.2134027998,19.52711296081543,0.131997525691986,R
