ant_mag,ant_mjd,ant_magerr,ant_passband,ant_survey
19.960004806518555,59106.33833329986,0.1783670336008072,R,1
19.884042739868164,59107.349340300076,0.21690240502357486,g,1
18.739999771118164,59109.38866900001,0.08044999837875366,R,1
17.878589630126953,59115.268344900105,0.0530625581741333,g,1
17.731313705444336,59115.31605320005,0.05449551343917847,R,1
17.73493003845215,59116.24388890015,0.0548458993434906,g,1
17.6325740814209,59116.364062500186,0.04895200952887535,R,1
17.6961669921875,59117.270000000026,0.053032543510198586,g,1
17.515724182128903,59118.326504599776,0.047688785940408714,R,1
17.564163208007812,59123.19497689977,0.05502047762274742,g,1
17.354000091552734,59125.29418980004,0.032687000930309296,R,1
17.611074447631836,59126.29194439994,0.054279305040836334,g,1
17.348703384399414,59126.36305559985,0.049988143146038055,R,1
17.7311954498291,59127.250439799864,0.06840096414089203,g,1
17.42357063293457,59129.23430560018,0.023983797058463097,R,1
17.805269241333008,59129.32771989983,0.029626015573740005,g,1
17.476219177246097,59131.23550930014,0.04635653272271156,R,1
17.898603439331055,59131.318206000135,0.0638657659292221,g,1
17.648080825805664,59136.20744210017,0.04933096468448639,R,1
18.323835372924805,59136.34298609988,0.05069147795438767,g,1
17.707857131958008,59138.30603010021,0.06528213620185852,R,1
18.615032196044922,59140.20714120008,0.06781774759292603,g,1
17.860179901123047,59144.213425899856,0.05256319791078568,R,1
19.067752838134766,59144.320578699924,0.08977769315242767,g,1
17.94875144958496,59149.19729170018,0.06321109086275101,R,1
19.440162658691406,59151.19454859988,0.17790162563323975,g,1
18.035621643066406,59151.24127310003,0.04971882700920105,R,1
19.649599075317386,59153.235925899826,0.2237890064716339,g,1
18.23178482055664,59155.243136600126,0.04729840159416199,R,1
20.07038688659668,59164.23554399982,0.18906161189079285,g,1
18.79891967773437,59167.20607639988,0.05248431116342545,R,1
20.164703369140625,59167.256261600174,0.18044407665729525,g,1
18.8276481628418,59169.17053239979,0.08249805867671968,R,1
20.23980140686035,59173.20394679997,0.2054262012243271,g,1
19.499431610107425,59194.14915509988,0.14398126304149628,R,1
20.206899642944336,59194.18349540001,0.30751699209213257,g,1
19.853477478027344,59225.166585599996,0.199551060795784,R,1
