ant_mag,ant_mjd,ant_magerr,ant_passband,ant_survey
19.13664436340332,59107.30004630005,0.1179145723581314,R,1
18.973045349121094,59107.317291699816,0.10985017567873,g,1
18.50653648376465,59113.310868099805,0.060375679284334176,R,1
18.26697540283203,59117.316365700215,0.06554500013589859,g,1
18.60280036926269,59128.265393500216,0.07082899659872055,R,1
19.001672744750977,59130.235937499914,0.08694155514240265,g,1
18.886417388916016,59134.17133100005,0.07895109802484512,R,1
19.305435180664066,59134.22887729992,0.10459982603788376,g,1
18.96934509277344,59136.17623839992,0.07818661630153656,R,1
19.7137451171875,59138.211412,0.1229519620537758,g,1
18.900558471679688,59138.28420139988,0.12344297021627425,R,1
19.92186164855957,59140.17059030012,0.13799940049648285,g,1
20.156848907470703,59169.18751160009,0.20969465374946594,R,1
