ant_mag,ant_mjd,ant_magerr,ant_passband,ant_survey
19.807241439819336,59045.4604282002,0.13834385573863986,g,1
18.682035446166992,59048.422129599836,0.07973324507474899,R,1
18.7631893157959,59048.463055599954,0.0829722210764885,g,1
18.152292251586914,59051.421423600055,0.05515336990356445,R,1
17.87842559814453,59057.43741900008,0.04953952506184578,g,1
17.75632667541504,59060.440069399774,0.03871621936559677,R,1
18.012104034423828,59060.46403940023,0.050537172704935074,g,1
17.878925323486328,59063.416215300094,0.0579320564866066,R,1
18.396188735961914,59063.439375000075,0.07319483906030655,g,1
18.09123992919922,59065.41601849999,0.07518922537565231,R,1
18.81342315673828,59066.417719900135,0.11176272481679916,g,1
18.11267852783203,59066.460648099885,0.06841237097978592,R,1
20.06879997253418,59073.398900500026,0.27919599413871765,g,1
18.279714584350586,59073.45658560004,0.056494906544685364,R,1
19.72920036315918,59075.427789399866,0.11531262844800948,g,1
18.62534523010254,59076.413773099885,0.09750982373952866,R,1
20.101884841918945,59077.40952550016,0.14645589888095856,g,1
19.27493667602539,59081.40170140006,0.13101531565189362,R,1
