ant_mag,ant_mjd,ant_magerr,ant_passband,ant_survey
19.76158905029297,59202.228483799845,0.1854945421218872,g,1
19.515514373779297,59204.171145800035,0.1367078423500061,R,1
19.50575065612793,59204.2348495,0.1475391983985901,g,1
18.985519409179688,59211.16535879998,0.1441344916820526,R,1
18.942222595214844,59211.2113194,0.13668376207351685,g,1
18.9200439453125,59218.17767360015,0.10535310953855516,R,1
19.09920692443848,59220.20457179983,0.08881234377622604,g,1
19.01848793029785,59222.19271990005,0.09539728611707687,R,1
19.261913299560547,59224.187349500135,0.15530994534492493,g,1
19.31975746154785,59226.15212959983,0.12405084818601607,R,1
19.48795509338379,59228.18752310006,0.11424210667610167,g,1
19.458873748779297,59230.12980319979,0.14516781270503998,R,1
19.844093322753906,59230.187615700066,0.1602545529603958,g,1
19.625097274780273,59232.14969909983,0.10032308846712112,R,1
19.982616424560547,59232.20810189982,0.19945797324180606,g,1
20.00374412536621,59248.165069399874,0.17963258922100067,R,1
