ant_mag,ant_mjd,ant_magerr,ant_passband,ant_survey
20.34510040283203,59082.26929400022,0.22775499522686005,R,1
18.653545379638672,59088.35320599983,0.10638200491666794,g,1
18.76116371154785,59088.3562384001,0.13864398002624512,R,1
18.211090087890625,59095.29390050005,0.14316916465759275,g,1
18.368148803710934,59095.376041700125,0.17584964632987976,R,1
18.934032440185547,59108.29017359996,0.18622958660125727,g,1
19.117916107177734,59111.25405090022,0.08748836815357207,R,1
20.63170051574707,59130.16999999993,0.3070339858531952,g,1
20.12070655822754,59138.120266200036,0.2031606286764145,R,1
