ant_mag,ant_mjd,ant_magerr,ant_passband,ant_survey
20.22014617919922,59044.356331000105,0.19227398931980133,g,1
19.121679306030273,59047.40043980022,0.09362902492284776,R,1
18.57954978942871,59050.378078700036,0.06524794548749924,g,1
18.371013641357425,59051.41615739978,0.08556618541479111,R,1
18.19810485839844,59053.37651620014,0.06739664077758789,g,1
18.061378479003906,59056.37868059985,0.05715358257293701,R,1
18.02657699584961,59060.38259259983,0.06156111136078835,g,1
17.907779693603516,59061.333402799915,0.06874949485063553,R,1
18.014196395874023,59062.41638890003,0.0626780167222023,g,1
17.92185401916504,59063.375266199924,0.08872957527637483,R,1
18.172321319580078,59066.393344900105,0.11349460482597352,g,1
18.033344268798828,59067.311226900194,0.07284588366746902,R,1
18.285287857055664,59067.33444439992,0.07978998124599458,g,1
18.74210929870605,59077.305497699876,0.11088817566633223,R,1
19.081356048583984,59077.37028940023,0.11593442410230635,g,1
18.5469913482666,59080.37278940016,0.08579146862030029,R,1
19.68962287902832,59085.25138889997,0.13389569520950315,g,1
18.69925880432129,59087.281516199924,0.10686326771974564,R,1
20.02680015563965,59088.32263890003,0.2532700002193451,g,1
18.79523468017578,59088.36141199991,0.11081002652645112,R,1
19.97439956665039,59090.31270830008,0.3247070014476776,g,1
19.979700088500977,59114.2776389001,0.1726343184709549,R,1
