ant_mag,ant_mjd,ant_magerr,ant_passband,ant_survey
19.56331825256348,59049.400636599865,0.1195422261953354,R,1
19.55235481262207,59049.44064809987,0.1287820041179657,g,1
19.319316864013672,59052.398865699775,0.08971406519412994,R,1
19.268184661865234,59052.45550929987,0.09761042892932892,g,1
19.1241397857666,59055.369907400105,0.07202658802270889,R,1
19.001052856445312,59060.37648149999,0.0830594003200531,g,1
18.82967758178711,59061.35965280003,0.077699214220047,R,1
19.05453109741211,59062.39381940012,0.13563242554664612,g,1
18.89801788330078,59063.37768519996,0.13941378891468048,R,1
19.344757080078125,59069.335474499974,0.13318458199501038,g,1
19.28208351135254,59069.40540509997,0.12304417043924333,R,1
19.72210121154785,59073.351273099885,0.14764133095741272,g,1
19.581586837768555,59076.35694439989,0.126263365149498,R,1
20.406099319458008,59079.32256940008,0.2507599890232086,g,1
19.72785758972168,59088.356701400124,0.19743712246418,R,1
