ant_mag,ant_mjd,ant_magerr,ant_passband,ant_survey
19.307600021362305,59215.42826389987,0.2365400046110153,g,1
18.918251037597656,59219.323171299875,0.1157987266778946,R,1
18.88051986694336,59220.35179399978,0.10609642416238783,g,1
18.81764030456543,59221.241319399785,0.0989326760172844,R,1
18.846660614013672,59221.32905089995,0.0858437642455101,g,1
18.83930015563965,59222.327708300196,0.09129799902439116,R,1
18.860572814941406,59222.367442099836,0.08433064073324202,g,1
18.81719970703125,59223.303020800005,0.08977500349283217,R,1
18.890085220336914,59223.33131940012,0.11597960442304613,g,1
18.779653549194336,59224.30250000022,0.0853867158293724,R,1
18.95650291442871,59225.22100690008,0.08605589717626573,g,1
18.875978469848636,59225.30003469996,0.0954546481370926,R,1
19.067790985107425,59226.344791700125,0.10779356956481934,g,1
19.028539657592773,59228.336192099836,0.09395074099302292,R,1
19.19409942626953,59229.30678239978,0.17712199687957764,g,1
19.083999633789066,59230.28407410019,0.12441500276327133,R,1
19.451379776000977,59231.263726899866,0.14838971197605133,g,1
19.298240661621094,59232.3452198999,0.10744678229093553,R,1
19.635822296142575,59232.39164349996,0.1167769804596901,g,1
19.428295135498047,59233.26817130017,0.12297092378139494,R,1
