ant_mag,ant_mjd,ant_magerr,ant_passband,ant_survey
19.54532814025879,59293.27810190013,0.18401159346103668,g,1
19.103931427001953,59296.24797450006,0.19485415518283844,R,1
18.62142562866211,59303.25599539978,0.11241739243268968,g,1
18.965370178222656,59303.319039400194,0.17169995605945587,R,1
18.67099952697754,59307.156516199924,0.08335799723863603,g,1
18.738500595092773,59307.228969899945,0.09430500119924544,R,1
18.600061416625977,59309.1709838002,0.12041319906711577,g,1
18.66287422180176,59309.21241899999,0.1065707951784134,R,1
18.802133560180664,59311.207152800176,0.15462340414524078,g,1
18.82846450805664,59313.207349500146,0.11971389502286912,R,1
19.25147247314453,59317.172071800094,0.0996393784880638,g,1
