ant_mag,ant_mjd,ant_magerr,ant_passband,ant_survey
20.675500869750977,59081.35285879998,0.2725389897823334,g,1
20.65780067443848,59081.40030089999,0.2865990102291107,R,1
19.809925079345703,59085.39008100005,0.1308959424495697,g,1
19.411619186401367,59088.39914349979,0.10546544939279556,R,1
18.938663482666016,59093.40131939994,0.15846100449562073,g,1
19.02879905700684,59104.412326400176,0.16410799324512482,R,1
19.285175323486328,59106.32274310011,0.1194961741566658,g,1
19.11162757873535,59106.37064810004,0.11159563809633256,R,1
19.502531051635746,59107.34887730004,0.11818493157625197,g,1
19.12165641784668,59108.39215280023,0.10373430699110033,R,1
19.75659942626953,59109.348159700174,0.15155400335788727,g,1
19.12826538085937,59110.36549769994,0.10619354993104936,R,1
19.958297729492188,59112.331423600204,0.1373540163040161,g,1
19.417829513549805,59113.27966440003,0.1454923301935196,R,1
20.41699981689453,59115.269282400135,0.2870199978351593,g,1
19.436538696289066,59115.315590300124,0.10923940688371657,R,1
20.50169944763184,59116.264953699894,0.2333440035581589,g,1
19.580175399780273,59116.36312500015,0.12792980670928955,R,1
20.245899200439453,59117.269062499974,0.2427089959383011,g,1
19.593929290771484,59118.3269675998,0.09729284048080444,R,1
20.486167907714844,59118.3728588,0.2124365121126175,g,1
20.112274169921875,59130.25981480022,0.17705899477005005,R,1
