ant_mag,ant_mjd,ant_magerr,ant_passband,ant_survey
19.824899673461914,59303.44361109985,0.2836819887161255,R,1
19.19260025024414,59306.426631900016,0.13350999355316162,g,1
19.0474853515625,59306.47140049982,0.09819531440734863,R,1
18.775835037231445,59308.405636600226,0.10652504861354828,g,1
18.443479537963867,59313.44405090017,0.07202954590320587,R,1
18.41942405700684,59315.32055559987,0.1179661825299263,g,1
18.3190975189209,59317.43336809985,0.05959135293960571,R,1
18.44385528564453,59317.47670139978,0.08264356106519699,g,1
18.420482635498047,59322.306354199995,0.06612443178892136,R,1
18.75739860534668,59322.349919000175,0.07349217683076859,g,1
18.50979995727539,59324.278483800124,0.07788799703121185,R,1
18.90472221374512,59324.385115699835,0.08361554890871048,g,1
18.79923820495605,59328.309826400124,0.10706989467144012,R,1
19.34250831604004,59328.348136600114,0.16728954017162326,g,1
18.95511817932129,59334.38109950023,0.10229798406362534,R,1
19.93980026245117,59334.44884259999,0.2155209928750992,g,1
18.96080017089844,59336.3714815001,0.10137099772691728,R,1
19.899099349975586,59336.4259722,0.1992760002613068,g,1
19.077451705932614,59339.34087960003,0.11694937199354173,R,1
20.4742488861084,59341.35247689997,0.21677416563034055,g,1
19.55799674987793,59349.35045140004,0.11366724222898485,R,1
20.81170082092285,59349.38723379978,0.24488599598407745,g,1
20.33206367492676,59371.34145830013,0.17787182331085205,R,1
