ant_mag,ant_mjd,ant_magerr,ant_passband,ant_survey
19.279111862182614,59071.208819400046,0.10563024878501892,R,1
19.143680572509766,59074.21763890004,0.105338454246521,g,1
19.059904098510746,59074.29052079981,0.09656652808189392,R,1
19.022048950195312,59080.22787040007,0.08441022783517838,g,1
19.00029182434082,59086.16814809991,0.0849161222577095,R,1
20.03459930419922,59093.18782409978,0.2489850074052811,g,1
19.45574378967285,59096.27858800023,0.1528765708208084,R,1
