ant_mag,ant_mjd,ant_magerr,ant_passband,ant_survey
18.693044662475586,59128.300821799785,0.12993311882019046,g,1
18.406003952026367,59130.27267359988,0.06397432088851929,R,1
17.873964309692386,59134.272638900205,0.0580776147544384,g,1
18.13767433166504,59136.31231479999,0.06174341216683388,R,1
17.844650268554688,59138.25297449995,0.06543663889169693,g,1
17.996370315551758,59144.23037040001,0.0522141195833683,R,1
18.07826232910156,59144.315347199794,0.05972341075539589,g,1
