ant_mag,ant_mjd,ant_magerr,ant_passband,ant_survey
19.842891693115234,59022.2022338002,0.1335633099079132,g,1
19.37995719909668,59025.18991900002,0.14224085211753845,R,1
18.97235870361328,59028.20394679997,0.1168922409415245,g,1
19.000526428222656,59028.215474499855,0.10778339952230452,R,1
18.626909255981445,59031.171759299934,0.11086887121200563,g,1
18.8780574798584,59031.212488399826,0.13871075212955475,R,1
18.642648696899414,59034.19740739978,0.1244419664144516,g,1
18.82620048522949,59034.314421299845,0.1325228065252304,R,1
18.698638916015625,59035.22349540005,0.12058146297931673,g,1
18.92578125,59040.19945599978,0.09229409694671632,R,1
19.019989013671875,59043.21270829997,0.08870391547679901,g,1
19.09038734436035,59043.252534700085,0.08386789262294769,R,1
19.145408630371094,59044.196550900124,0.09369414299726486,g,1
19.20926284790039,59046.19234950003,0.10473376512527466,R,1
19.254640579223636,59046.22881940008,0.08824197947978972,g,1
19.279176712036133,59047.216261600144,0.0938955619931221,R,1
19.42416381835937,59048.25778939994,0.10702972859144212,g,1
19.439733505249023,59049.183460600216,0.0992756187915802,R,1
19.609094619750977,59050.195023099885,0.13435664772987366,g,1
19.464021682739254,59050.259247700225,0.12301754206418992,R,1
19.68610382080078,59051.176990699954,0.14016830921173096,g,1
19.614967346191406,59052.26942129992,0.11681048572063445,R,1
19.752405166625977,59052.29133100017,0.15859290957450867,g,1
19.686424255371094,59054.208530100055,0.12132713198661806,R,1
19.81649398803711,59054.2688310002,0.1812506467103958,g,1
20.112384796142575,59069.192546300124,0.16949476301670074,R,1
