ant_mag,ant_mjd,ant_magerr,ant_passband,ant_survey
18.447099685668945,59243.23047449999,0.17889699339866638,g,1
18.571414947509766,59248.16761570005,0.08179914951324463,R,1
18.645999908447266,59249.21065969997,0.2195190042257309,g,1
18.63990592956543,59251.21153939982,0.12181321531534195,R,1
18.68079948425293,59253.205254599925,0.12530800700187686,g,1
18.515764236450195,59253.27478010021,0.1061490997672081,R,1
18.97780036926269,59257.168090300176,0.12537318468093872,g,1
18.828365325927734,59257.24255790003,0.08529065549373628,R,1
19.475799560546875,59262.165161999874,0.2391670048236847,g,1
19.09734344482422,59264.203229200095,0.1282265931367874,R,1
19.399099349975586,59266.18239580003,0.34009799361228943,g,1
19.541427612304688,59276.14781250013,0.15864403545856476,R,1
20.177099227905273,59276.1686689998,0.33161500096321106,g,1
19.485809326171875,59279.13839119999,0.199455127120018,R,1
