ant_mag,ant_mjd,ant_magerr,ant_passband,ant_survey
19.27358055114746,59370.2425694,0.10615046322345734,g,1
19.117280960083008,59370.344363399774,0.11310581117868425,R,1
18.32513999938965,59375.28420139988,0.08135151118040085,g,1
18.37046432495117,59376.30354169988,0.062463406473398216,R,1
18.075010299682614,59378.2026157002,0.06326070427894592,g,1
18.178373336791992,59378.30089120008,0.055944837629795074,R,1
18.054607391357425,59380.27979170019,0.08908555656671524,g,1
18.154279708862305,59380.363402800176,0.08512824773788452,R,1
18.00307846069336,59381.30667820013,0.10753268748521803,g,1
18.11387825012207,59382.34488430014,0.07746667414903641,R,1
18.10658264160156,59383.26912039983,0.06591974943876266,g,1
18.115922927856445,59384.33138890006,0.06891904026269913,R,1
18.157604217529297,59385.32805560018,0.06475214660167694,g,1
18.2222843170166,59386.22079859999,0.079077810049057,R,1
18.377656936645508,59390.224085600115,0.0893164798617363,g,1
18.314016342163086,59390.31979170023,0.09580384194850923,R,1
18.428653717041016,59392.2619097,0.09602411091327667,g,1
18.383825302124023,59392.34600690008,0.09100590646266936,R,1
18.743553161621094,59393.3208217998,0.09214547276496887,g,1
18.531105041503906,59394.322986099876,0.1089969202876091,R,1
18.88581657409668,59396.2838078998,0.09558873623609544,g,1
18.674972534179688,59396.34980319999,0.09558995813131332,R,1
18.942546844482425,59397.281932900194,0.08802348375320435,g,1
18.78317642211914,59399.32664350001,0.0905402973294258,R,1
19.41119956970215,59401.24428239978,0.1427687555551529,g,1
18.90488624572754,59403.30284720008,0.10497363656759262,R,1
19.9875602722168,59409.22096059984,0.16968291997909546,g,1
18.99785614013672,59409.287963000126,0.11200088262557983,R,1
20.11440086364746,59411.19994209986,0.24701499938964844,g,1
19.187597274780273,59414.289166700095,0.12970462441444394,R,1
