ant_mag,ant_mjd,ant_magerr,ant_passband,ant_survey
19.130470275878906,59190.15743059991,0.05339932814240456,R,1
19.557586669921875,59193.161944400046,0.17233766615390778,g,1
18.73694610595703,59195.116215299815,0.08755821734666824,R,1
19.389158248901367,59195.15690970003,0.11337753385305405,g,1
18.61929702758789,59199.131863399874,0.09285803139209747,R,1
19.199831008911133,59199.194363399874,0.10608570277690887,g,1
18.537574768066406,59202.13833330013,0.06481379270553589,R,1
19.25713348388672,59204.11927080015,0.15430948138237,g,1
19.474550247192386,59231.15431710008,0.154369056224823,R,1
