ant_mag,ant_mjd,ant_magerr,ant_passband,ant_survey
19.929317474365234,59170.229259300046,0.20926842093467712,g,1
