ant_mag,ant_mjd,ant_magerr,ant_passband,ant_survey
18.745359420776367,59390.45053240005,0.1751781702041626,g,1
19.02449989318848,59392.42975689982,0.23500899970531464,R,1
19.087444305419922,59399.423495400224,0.12710967659950256,g,1
19.304100036621094,59402.43753470015,0.1142750009894371,R,1
19.41523551940918,59402.460208300035,0.14879865944385529,g,1
19.502098083496094,59405.43619209993,0.14487791061401367,R,1
19.670886993408203,59405.46215280006,0.17555594444274902,g,1
19.803600311279297,59408.445185199846,0.2482949942350388,R,1
20.073200225830078,59411.41712959996,0.2540050148963928,g,1
19.728445053100586,59411.44299770008,0.1489654779434204,R,1
20.4734001159668,59414.423414399855,0.2486020028591156,g,1
19.852760314941406,59414.45965280012,0.13459804654121402,R,1
