ant_mag,ant_mjd,ant_magerr,ant_passband,ant_survey
18.392248153686523,59384.36656250013,0.08268439024686812,R,1
18.72816276550293,59384.38697919994,0.08233354985713959,g,1
17.982511520385742,59386.410983799964,0.045625783503055566,R,1
18.390745162963867,59386.4449306,0.05206899344921112,g,1
17.62969207763672,59390.386377300136,0.03904439508914948,R,1
18.03671646118164,59390.448159699794,0.05503380671143532,g,1
17.55592155456543,59392.43495369983,0.045457322150468826,R,1
17.990463256835938,59394.38890049978,0.0732802227139473,g,1
17.547523498535153,59396.40327550005,0.04585746303200722,R,1
18.124698638916016,59400.40210650022,0.04775050655007362,g,1
17.612184524536133,59400.43466439982,0.04178265482187271,R,1
18.21046257019043,59402.344363399774,0.0648740753531456,g,1
17.713499069213867,59402.4051620001,0.05548197403550148,R,1
18.32073783874512,59404.4050925998,0.06745672225952147,g,1
18.030685424804688,59406.456215300124,0.059992775321006775,R,1
18.692041397094727,59409.402673599776,0.07470495253801346,g,1
18.260469436645508,59411.45783559977,0.06483210623264313,R,1
19.27814483642578,59414.40233800002,0.09855256229639052,g,1
18.45891761779785,59419.45385419997,0.1507602334022522,R,1
