ant_mag,ant_mjd,ant_magerr,ant_passband,ant_survey
19.00823783874512,59210.228171300136,0.17846059799194336,g,1
18.80663108825684,59210.27803240017,0.0982489362359047,R,1
18.330059051513672,59216.18954859999,0.13698318600654602,g,1
18.038875579833984,59220.2317476999,0.048486120998859406,R,1
17.94297218322754,59224.18932869983,0.07199268043041229,g,1
18.05120086669922,59232.16570599983,0.04709799960255623,R,1
18.090984344482425,59232.21575229988,0.04959731549024582,g,1
18.40999984741211,59248.18469909997,0.060361001640558236,R,1
19.215723037719727,59250.12700230022,0.16171996295452118,g,1
18.65045738220215,59253.14907409996,0.08503115177154541,R,1
19.34791374206543,59255.15122690005,0.10028251260519028,g,1
18.77517509460449,59257.129155099865,0.07277781516313553,R,1
19.929500579833984,59260.13167819986,0.2543129920959473,g,1
18.899593353271484,59267.15440970008,0.14755673706531525,R,1
