ant_mag,ant_mjd,ant_magerr,ant_passband,ant_survey
18.52464866638184,59126.28437499981,0.12586164474487305,g,1
18.754701614379886,59126.33519680007,0.12021186947822572,R,1
18.07822799682617,59128.30129629978,0.10353925824165344,g,1
18.023136138916016,59130.2927778,0.06879805028438568,R,1
17.66947364807129,59134.272638900205,0.063462033867836,g,1
17.81279945373535,59136.31231479999,0.05036100000143051,R,1
17.716899871826172,59138.25297449995,0.06027299910783768,g,1
17.866455078125,59140.27086810023,0.050404679030179984,R,1
17.80609893798828,59141.306504600216,0.04889549314975738,g,1
17.99745750427246,59143.315856500056,0.0591203011572361,R,1
17.987119674682614,59143.35700230022,0.05799383670091629,g,1
18.073753356933594,59144.23037040001,0.0594097413122654,R,1
18.085004806518555,59145.272071800195,0.05856955423951149,g,1
18.558475494384766,59151.231840299915,0.1882103830575943,R,1
19.092500686645508,59153.232071800165,0.2534199953079224,g,1
18.487224578857425,59153.31545139988,0.14867673814296722,R,1
19.04482078552246,59155.210324100226,0.16853493452072146,g,1
18.61344337463379,59158.211087999865,0.10412909835577012,R,1
19.15290069580078,59158.27184029994,0.2191610038280487,g,1
18.731952667236328,59164.27437500004,0.11015542596578598,R,1
19.972824096679688,59165.18915509991,0.20477046072483066,g,1
18.86222648620605,59167.241921300076,0.09436217695474623,R,1
20.067699432373047,59168.22870370001,0.2499630004167557,g,1
19.0671443939209,59169.30447919992,0.14058269560337067,R,1
20.324899673461914,59170.24986110022,0.31003299355506897,g,1
19.22180938720703,59172.14871530003,0.12797704339027405,R,1
20.10770034790039,59173.18945599999,0.29197201132774353,g,1
19.341785430908203,59173.23950230004,0.18535691499710086,R,1
