time,mag,magerr,band
59354.23571760021,18.44171905517578,0.0771200731396675,R
59356.21400459996,18.513914108276367,0.1113269478082656,g
59356.27496530023,18.45101547241211,0.1230338886380195,R
59359.25603009993,18.69380187988281,0.1498632282018661,g
59366.22274310002,18.57258415222168,0.0992493107914924,R
