ant_mag,ant_mjd,ant_magerr,ant_passband,ant_survey
18.90399932861328,59206.37038190012,0.1914370357990265,g,1
17.937152862548828,59216.38152780012,0.0525960847735405,R,1
17.944692611694336,59218.32172450004,0.0676693245768547,g,1
18.0239200592041,59220.29828700004,0.06586257368326187,R,1
18.13604736328125,59220.32878470003,0.05770691484212875,g,1
18.14788627624512,59222.35211810004,0.08104239404201508,R,1
18.282941818237305,59222.414872699876,0.06597544997930528,g,1
18.178443908691406,59224.297303199775,0.09148786962032318,R,1
18.66158866882324,59226.34987269994,0.08910849690437317,g,1
18.460538864135746,59226.40777780023,0.06793210655450821,R,1
18.848642349243164,59228.27856480004,0.07859177142381668,g,1
18.587646484375,59230.288773099885,0.0959894210100174,R,1
19.33152961730957,59232.383854200125,0.0932738557457924,g,1
