ant_mag,ant_mjd,ant_magerr,ant_passband,ant_survey
17.979694366455078,59249.1484375,0.13238734006881714,g,1
18.11411666870117,59252.167488399886,0.06118078902363777,R,1
18.20958137512207,59253.18936339999,0.05838952213525773,g,1
18.164480209350586,59254.199699100114,0.07375343888998033,R,1
18.271467208862305,59255.16972219991,0.06950423866510391,g,1
18.46670150756836,59255.25745370006,0.09596877545118332,R,1
18.438758850097656,59257.168553200085,0.07200422883033752,g,1
18.504981994628906,59257.24209489999,0.0746559128165245,R,1
18.9974308013916,59262.16370370006,0.16690891981124878,g,1
18.93166732788086,59265.24979169992,0.1850683689117432,R,1
19.38559913635254,59266.18192130001,0.2630490064620972,g,1
18.95418930053711,59267.150173599824,0.14226235449314115,R,1
19.61549949645996,59268.148923600085,0.31602200865745544,g,1
18.956165313720703,59268.23378469981,0.13650542497634888,R,1
19.48465919494629,59269.19129629992,0.20249560475349426,g,1
19.46315574645996,59279.13932870002,0.21253550052642825,R,1
