ant_mag,ant_mjd,ant_magerr,ant_passband,ant_survey
19.24522590637207,59185.36921299994,0.15251226723194122,R,1
19.66010093688965,59187.38865739992,0.2386219948530197,g,1
18.928979873657227,59189.3411921002,0.08717891573905945,R,1
19.609094619750977,59189.388726899866,0.16197417676448822,g,1
18.75790023803711,59194.38843750022,0.09507200121879578,R,1
19.399099349975586,59194.42782410002,0.19791899621486664,g,1
18.689157485961914,59196.36908560013,0.09181436896324158,R,1
19.530675888061523,59196.40542820003,0.16129717230796814,g,1
18.770526885986328,59199.306759300176,0.07787831127643585,R,1
19.69865608215332,59203.370266200036,0.19828324019908905,g,1
19.01447105407715,59205.19781249993,0.10487029701471327,R,1
19.866844177246094,59205.30762729981,0.175106480717659,g,1
20.06964111328125,59232.347118100144,0.2066379487514496,R,1
