ant_mag,ant_mjd,ant_magerr,ant_passband,ant_survey
19.882503509521484,59165.43686340004,0.17080999910831451,R,1
19.670211791992188,59165.45796300005,0.1316804140806198,g,1
19.445165634155273,59168.439421299845,0.14777608215808868,R,1
19.085521697998047,59170.462314799894,0.09630606323480606,g,1
19.215229034423828,59170.52232640004,0.13353168964385986,R,1
18.909500122070312,59173.461400500026,0.09198500216007233,g,1
18.92251205444336,59176.43619209993,0.0838255062699318,R,1
18.93170928955078,59176.48822919978,0.08461886644363402,g,1
19.020389556884766,59182.47579859988,0.1301421970129013,R,1
19.305099487304688,59184.43997689989,0.2291650027036667,g,1
19.489900588989254,59188.395717599895,0.17722700536251068,R,1
20.546199798583984,59198.3776273001,0.28356000781059265,g,1
19.595592498779297,59198.42736109997,0.17209620773792267,R,1
20.292400360107425,59203.3776273001,0.2315489947795868,g,1
19.9463005065918,59203.45414349996,0.1833322197198868,R,1
