ant_mag,ant_mjd,ant_magerr,ant_passband,ant_survey
18.86385726928711,59278.294976899866,0.08556349575519563,g,1
18.159177780151367,59281.24773149983,0.06334275752305983,R,1
18.419666290283203,59281.315069399774,0.08972916752099991,g,1
18.0828857421875,59293.23194439989,0.07302189618349075,R,1
19.158920288085934,59293.27670140006,0.09341620653867723,g,1
19.028404235839844,59304.27425929997,0.1838379949331284,R,1
20.048099517822266,59307.15415510022,0.2154259979724884,g,1
19.91691017150879,59322.23324069986,0.21539616584777832,R,1
