ant_mag,ant_mjd,ant_magerr,ant_passband,ant_survey
19.902700424194336,59252.24546300016,0.14141400158405304,g,1
19.561599731445312,59254.19032410019,0.11330699920654295,R,1
19.540632247924805,59254.219213000026,0.11801979690790175,g,1
19.25111389160156,59256.2212152998,0.08656992763280869,R,1
18.787097930908203,59260.19881939981,0.07628519833087921,g,1
18.823362350463867,59263.208414400004,0.11204148083925247,R,1
18.75123405456543,59265.18591440003,0.08564367890357971,g,1
18.745258331298828,59265.21679400001,0.08840101957321167,R,1
18.756988525390625,59266.15726849996,0.09892895817756653,g,1
18.79526138305664,59267.1828935002,0.10136187076568604,R,1
18.625822067260746,59268.200046299964,0.08745478838682175,g,1
18.696338653564453,59268.280995400164,0.08750782161951065,R,1
18.878786087036133,59269.22230320005,0.11552028357982635,g,1
18.797836303710934,59269.30354169988,0.14693905413150787,R,1
18.888538360595703,59270.238217600156,0.13562127947807312,g,1
18.737701416015625,59270.30284720008,0.12264315783977507,R,1
19.288536071777344,59271.219213000026,0.1946101784706116,g,1
18.82864570617676,59271.245729200076,0.1416291445493698,R,1
19.04442024230957,59272.18138890015,0.15620043873786926,g,1
18.781116485595703,59272.22429399983,0.11878369748592375,R,1
19.010217666625977,59273.14185190015,0.1338331252336502,g,1
18.873104095458984,59273.22456019978,0.14202554523944855,R,1
19.09798240661621,59274.15813660016,0.1848764717578888,g,1
18.932369232177734,59274.34114579996,0.20024850964546204,R,1
19.214099884033203,59275.160486099776,0.13793256878852844,g,1
19.152149200439453,59278.16468749987,0.11251764744520187,R,1
19.428247451782227,59278.225000000086,0.1450790911912918,g,1
20.159591674804688,59308.20570599986,0.1820996254682541,R,1
