ant_mag,ant_mjd,ant_magerr,ant_passband,ant_survey
20.09530067443848,59188.36921299994,0.2369869947433472,R,1
19.820308685302734,59188.4261690001,0.21239420771598816,g,1
18.703100204467773,59193.303680600126,0.06701599806547165,R,1
18.542186737060547,59193.435381900046,0.08201402425765991,g,1
18.228628158569336,59196.39479169994,0.09389830380678177,R,1
18.101612091064453,59196.42298609996,0.06422073394060135,g,1
18.098106384277344,59199.29872690002,0.059665899723768234,R,1
17.864282608032227,59202.356886600144,0.06976224482059479,g,1
17.99437713623047,59202.3928704001,0.08102302998304367,R,1
17.871122360229492,59204.322650500115,0.051517896354198456,g,1
18.38338661193848,59215.296817100134,0.14461320638656616,R,1
18.57413101196289,59217.2581944,0.1172979697585106,g,1
18.73250389099121,59221.26673609996,0.07897426187992096,R,1
18.94493865966797,59221.318946800195,0.09709164500236513,g,1
18.78916358947754,59223.28253469988,0.07046002149581909,R,1
19.282400131225586,59225.23166669997,0.13210700452327728,g,1
18.796899795532227,59227.295821799904,0.08569099754095078,R,1
19.448810577392575,59227.341643500135,0.1352783441543579,g,1
18.77585792541504,59229.24053240009,0.20470501482486725,R,1
19.75222587585449,59231.24809029978,0.1609875112771988,g,1
19.897991180419922,59251.21484949999,0.1551508754491806,R,1
20.519699096679688,59253.200069400016,0.24323199689388275,g,1
19.898738861083984,59253.28049769998,0.14013351500034332,R,1
20.624099731445312,59255.21172450018,0.28477200865745544,g,1
19.922176361083984,59255.27454859996,0.16181233525276184,R,1
