ant_mag,ant_mjd,ant_magerr,ant_passband,ant_survey
18.410356521606445,59128.263518500135,0.08472875505685806,R,1
17.926206588745114,59130.23218750022,0.06624070554971695,g,1
17.281843185424805,59134.192835600115,0.04002371057868004,R,1
17.23391342163086,59134.21130790003,0.0376271978020668,g,1
17.190223693847653,59136.189942100085,0.05099530890583992,R,1
17.078336715698242,59143.191331000075,0.04058440774679184,g,1
17.155445098876953,59145.148958299775,0.04902529343962669,R,1
17.534774780273438,59150.169976899866,0.06011959910392761,g,1
17.535810470581055,59150.18988429987,0.07674523442983627,R,1
17.584341049194336,59151.1651504999,0.04572775959968567,g,1
17.586986541748047,59152.204791699995,0.055622145533561713,R,1
17.72122573852539,59152.2355324002,0.08108377456665039,g,1
17.809865951538086,59153.10611109994,0.07351534813642502,R,1
17.81011199951172,59153.14749999996,0.06100384518504143,g,1
17.771604537963867,59154.19443289982,0.06247011572122574,R,1
18.212398529052734,59158.20868059992,0.11691955476999286,g,1
17.917552947998047,59165.08444439992,0.05026116594672203,R,1
18.92096519470215,59165.14865740017,0.12278342247009275,g,1
18.030906677246094,59168.17759260022,0.05018184334039688,R,1
19.234397888183594,59168.194629599806,0.1409788876771927,g,1
18.15336799621582,59170.10835650005,0.0676315501332283,R,1
19.40530204772949,59172.10596060008,0.12495458871126175,g,1
18.67205238342285,59179.119722200085,0.09331057965755464,R,1
