time,mag,magerr,band
59170.229259300046,19.929317474365234,0.2092684209346771,g
