time,mag,magerr,band
58978.39487269986,19.097999572753903,0.1892530024051666,g
58979.3531366,19.304500579833984,0.1586640030145645,R
58979.45275459997,19.140199661254883,0.1364189982414245,g
59000.38146989979,18.72010040283203,0.1176740005612373,R
59008.31084490009,19.613100051879883,0.2237509936094284,g
59008.33781250008,19.07010078430176,0.0947059988975524,R
59009.27673610021,19.58760070800781,0.2289319932460785,g
59028.25486110011,20.01432228088379,0.1596762537956237,R
