ant_mag,ant_mjd,ant_magerr,ant_passband,ant_survey
20.01759910583496,59011.28064810018,0.18747800588607788,g,1
19.152700424194336,59012.270416699816,0.0964210033416748,R,1
19.93709945678711,59012.30896990001,0.15062299370765686,g,1
18.953399658203125,59014.262511599816,0.07752099633216858,R,1
19.827999114990234,59014.34248840017,0.1604270040988922,g,1
18.797700881958008,59016.265821800094,0.1401969939470291,R,1
20.175899505615234,59016.33836810011,0.30940499901771545,g,1
18.895299911499023,59017.281053199906,0.08013799786567688,R,1
20.02890014648437,59017.31056710008,0.1593109965324402,g,1
19.409385681152344,59025.196284700185,0.20123998820781708,R,1
