ant_mag,ant_mjd,ant_magerr,ant_passband,ant_survey
19.268556594848636,59165.172557900194,0.08302382379770279,g,1
19.34709358215332,59165.21599540021,0.07816734910011293,R,1
18.98649406433105,59167.17074069986,0.10571309179067613,g,1
18.95096206665039,59169.16864580009,0.08935390412807465,R,1
18.78722381591797,59169.26785880001,0.08902764320373535,g,1
18.877416610717773,59179.10739579982,0.09900439530611037,R,1
18.94586181640625,59179.17148149992,0.14246632158756256,g,1
19.115800857543945,59181.10692129983,0.15651799738407135,R,1
19.13680076599121,59183.12965280004,0.2253589928150177,g,1
19.71829414367676,59194.126782400075,0.1718379110097885,R,1
