ant_mag,ant_mjd,ant_magerr,ant_passband,ant_survey
20.3302001953125,58864.51621530019,0.2749199867248535,R,1
18.225500106811523,58872.433321800076,0.08252900093793869,g,1
18.28720092773437,58872.56625000015,0.09592899680137634,R,1
17.870500564575195,58875.48645830015,0.0677959993481636,g,1
18.03860092163086,58875.54430560023,0.06694500148296356,R,1
17.71380043029785,58878.537708300166,0.06593500077724458,g,1
17.84149932861328,58878.57096059992,0.06504999846220016,R,1
17.62310028076172,58881.518912000116,0.053835000842809684,g,1
17.7731990814209,58881.54893520009,0.05052699893712997,R,1
17.710599899291992,58884.423113400124,0.0849820002913475,g,1
17.710800170898438,58884.55571760005,0.045768000185489655,R,1
17.697200775146484,58887.46670140001,0.06817799806594849,g,1
17.87700080871582,58890.485358799815,0.07934899628162384,R,1
18.053300857543945,58893.489467599895,0.07775499671697618,g,1
18.33679962158203,58898.53550929995,0.06317099928855896,R,1
18.56739997863769,58898.54962959979,0.0902239978313446,g,1
18.444900512695312,58903.517754599925,0.07600200176239014,R,1
19.017900466918945,58903.5358564998,0.10497400164604187,g,1
18.52140045166016,58906.51555560018,0.09828700125217438,R,1
19.334299087524414,58906.529884300195,0.17603400349617004,g,1
18.66200065612793,58911.49282409996,0.10500399768352507,R,1
19.65089988708496,58914.49631940015,0.21200999617576602,g,1
19.63689994812012,58936.44535879978,0.12645700573921204,R,1
20.59980010986328,58936.47809030023,0.2787489891052246,g,1
19.792200088500977,58941.43247690005,0.1508840024471283,R,1
20.4822998046875,58943.45714120008,0.3251670002937317,g,1
20.26499938964844,58954.507129599806,0.2340490072965622,R,1
20.761199951171875,58955.413009299904,0.3251579999923706,g,1
20.239856719970703,58956.346493099816,0.2037172168493271,R,1
