ant_mag,ant_mjd,ant_magerr,ant_passband,ant_survey
20.39751625061035,59377.43498839997,0.21656754612922668,R,1
18.58038711547852,59384.4829051001,0.1591048240661621,g,1
18.16437339782715,59390.378842600156,0.09877931326627733,R,1
18.17546272277832,59390.43964120001,0.09324616938829422,g,1
18.18177795410156,59392.42313659983,0.1396256536245346,R,1
18.27154922485352,59395.41817130009,0.14669103920459747,g,1
18.122833251953125,59396.39807870006,0.08812937885522842,R,1
18.27825355529785,59396.45344909978,0.08223573118448257,g,1
18.18705177307129,59397.38687499985,0.06737720221281053,R,1
18.322587966918945,59397.43840279988,0.08922544866800307,g,1
18.3472843170166,59400.45875000022,0.06419455260038376,R,1
18.69915008544922,59403.39724540013,0.09181132912635803,g,1
18.589075088500977,59405.41987269978,0.07853628695011139,R,1
18.907804489135746,59405.44150459999,0.10955476760864258,g,1
18.854900360107425,59408.439444399904,0.11095409840345384,R,1
19.16050148010254,59409.41118060006,0.1542837917804718,g,1
18.781347274780273,59410.410659700174,0.10177461802959442,R,1
19.468114852905273,59411.332361099776,0.19772019982337952,g,1
18.786237716674805,59411.44015049982,0.09510519355535507,R,1
19.59779930114746,59414.397951399915,0.13920100033283234,g,1
18.809907913208008,59416.41142359981,0.1495463252067566,R,1
