ant_mag,ant_mjd,ant_magerr,ant_passband,ant_survey
19.274700164794922,58943.441875000026,0.165134996175766,g,1
19.56110000610352,58943.50016199984,0.2218489944934845,R,1
18.27429962158203,58956.46071759983,0.09028799831867218,g,1
17.774700164794922,58956.484490700066,0.1103390008211136,R,1
18.776899337768555,58964.380138900124,0.08824200183153152,g,1
18.68305969238281,58970.41524309991,0.09698886424303056,R,1
19.797000885009766,58973.46184029988,0.21039800345897675,g,1
19.49850082397461,58987.33841439989,0.16692039370536804,R,1
