ant_mag,ant_mjd,ant_magerr,ant_passband,ant_survey
18.827594757080078,59264.41200229991,0.06997554004192352,g,1
18.925315856933594,59266.381828700185,0.10857647657394408,R,1
19.216100692749023,59272.419953700155,0.2302750051021576,g,1
18.915807723999023,59272.45509260008,0.1372014880180359,R,1
20.768299102783203,59290.400613400154,0.3099099993705749,g,1
19.829532623291016,59295.394189800136,0.16555476188659668,R,1
