ant_mag,ant_mjd,ant_magerr,ant_passband,ant_survey
20.141599655151367,58966.230161999825,0.313960999250412,g,1
18.24349975585937,58972.190590300124,0.07340800017118454,R,1
17.77589988708496,58978.188310199876,0.058965999633073814,g,1
17.857799530029297,58978.25175930001,0.06582999974489212,R,1
17.86680030822754,58981.19876160008,0.05851000174880028,g,1
17.81599998474121,58981.23024309985,0.05691999942064285,R,1
18.418100357055664,58987.2310763998,0.06780999898910522,g,1
18.25900077819824,58987.296643500216,0.0798019990324974,R,1
19.20890045166016,58993.24995370022,0.15115100145339966,g,1
18.73750305175781,58999.273750000175,0.11303211003541945,R,1
