ant_mag,ant_mjd,ant_magerr,ant_passband,ant_survey
18.766700744628906,58961.44202549989,0.12396600097417833,R,1
18.65010070800781,58964.38620370022,0.09481900185346603,g,1
17.869800567626953,58967.38687499985,0.05792500078678131,R,1
18.2632999420166,58967.45195600018,0.06790599972009659,g,1
17.751386642456055,58970.43348379992,0.042204491794109344,R,1
18.15856170654297,58970.450717600055,0.0634595975279808,g,1
17.673200607299805,58973.36694440013,0.053654000163078315,R,1
18.103500366210934,58973.46656250022,0.05564700067043304,g,1
17.706499099731445,58976.354421299875,0.06148499995470048,R,1
18.255199432373047,58979.26421299996,0.06311299651861191,g,1
18.20709991455078,58985.39579859981,0.06294500082731247,R,1
18.6112003326416,58985.42532410008,0.062417000532150275,g,1
18.462400436401367,58991.2844560002,0.07559400051832199,R,1
19.2052001953125,58991.3211110998,0.09621399641036987,g,1
18.435199737548828,58992.307800900184,0.06641100347042084,R,1
19.497800827026367,58994.40986109991,0.12025299668312073,g,1
18.461200714111328,58995.276516200036,0.06468600034713745,R,1
19.61359977722168,58995.324351899784,0.12936200201511386,g,1
18.55349922180176,58996.305115699775,0.06495500355958939,R,1
19.679500579833984,58996.32474539987,0.14346499741077426,g,1
18.57040023803711,58997.30335649987,0.0778070017695427,R,1
19.720600128173828,58997.395393500105,0.10429800301790236,g,1
18.539600372314453,58999.3463773001,0.08057600259780884,R,1
19.925600051879886,58999.40336810006,0.22180399298667908,g,1
19.787208557128906,59022.25724539999,0.15308986604213715,R,1
