ant_mag,ant_mjd,ant_magerr,ant_passband,ant_survey
18.47610092163086,58864.31643520017,0.07207799702882768,R,1
19.224000930786133,58888.25152780023,0.2846960127353668,g,1
19.061599731445312,58894.23850690015,0.1168769970536232,R,1
20.23430061340332,58899.20928240009,0.2106979936361313,g,1
19.610990524291992,58905.227048600085,0.1656225025653839,R,1
