ant_mag,ant_mjd,ant_magerr,ant_passband,ant_survey
18.63595390319824,59192.34081020019,0.1581273078918457,R,1
18.692800521850586,59194.31546299997,0.09875600039958954,g,1
18.211000442504886,59194.35653939982,0.07320600003004074,R,1
18.42060089111328,59196.35284719988,0.12097900360822678,g,1
17.81760025024414,59198.27581019978,0.06568200141191483,R,1
18.014873504638672,59200.30282410002,0.09855445474386217,g,1
17.575567245483402,59203.23555559991,0.049624163657426834,R,1
17.954198837280273,59203.329108799815,0.06674165278673172,g,1
17.53383445739746,59205.228101899855,0.05289236828684807,R,1
18.45199203491211,59215.25447920011,0.19577158987522125,g,1
18.144954681396484,59216.29443289992,0.07922493666410446,R,1
19.14668273925781,59220.31430559978,0.12193746864795685,g,1
18.252399444580078,59223.29298610008,0.0682956799864769,R,1
19.589141845703125,59225.244351900175,0.20529167354106906,g,1
18.271499633789066,59225.272453700185,0.06677483022212982,R,1
19.827800750732425,59227.24519680021,0.21217599511146545,g,1
19.63451194763184,59256.20887729991,0.13607926666736606,R,1
