ant_mag,ant_mjd,ant_magerr,ant_passband,ant_survey
19.20987892150879,59293.212546300136,0.10456596314907074,R,1
19.017032623291016,59293.27622690005,0.09705451130867004,g,1
18.351354598999023,59296.24986110022,0.08563961833715439,R,1
18.17770004272461,59296.30540509988,0.1250389963388443,g,1
17.939199447631836,59298.27520829997,0.12482699751853946,R,1
17.322999954223633,59302.16984950006,0.05121000111103058,g,1
17.461992263793945,59304.169409700204,0.04725554957985878,R,1
17.304222106933597,59304.21111109993,0.04488300904631615,g,1
17.434799194335938,59306.231342600186,0.03731900081038475,R,1
17.267799377441403,59306.37038190012,0.05508499965071678,g,1
17.430200576782227,59308.21204859996,0.04456000030040741,R,1
17.267799377441403,59308.23297449992,0.044558998197317116,g,1
17.46699333190918,59310.189618099954,0.04006332904100418,R,1
17.649641036987305,59316.211979200125,0.0509178563952446,g,1
17.892513275146484,59319.190798600204,0.05636250972747803,R,1
17.918153762817386,59319.23361109988,0.057664211839437485,g,1
18.017009735107425,59321.18956020009,0.056842077523469925,R,1
18.297332763671875,59323.174988400184,0.09837435930967332,g,1
18.11970329284668,59325.17194439982,0.08560077100992203,R,1
18.919099807739254,59329.1709838002,0.16618900001049042,g,1
18.368162155151367,59335.17113430007,0.06457021087408066,R,1
19.512453079223636,59338.19130790001,0.12562648952007294,g,1
18.483539581298828,59338.228182900224,0.07331724464893341,R,1
19.65257835388184,59340.18600689992,0.14961159229278564,g,1
18.592041015625,59340.250393500086,0.07987459748983383,R,1
19.83957290649414,59342.24795140001,0.18789219856262207,g,1
18.668216705322266,59342.27017359994,0.12604691088199615,R,1
19.90684509277344,59344.176319399856,0.14196133613586426,g,1
18.76163482666016,59344.191678199924,0.08521789312362671,R,1
19.98889923095703,59348.21170140012,0.1985209584236145,g,1
19.14164161682129,59353.187349500135,0.14529326558113098,R,1
