ant_mag,ant_mjd,ant_magerr,ant_passband,ant_survey
19.46150016784668,59249.27711809985,0.2894839942455292,g,1
18.895477294921875,59251.32170139997,0.08162016421556473,R,1
18.8099365234375,59251.36826389981,0.1229916289448738,g,1
18.550128936767575,59253.3295948999,0.06641991436481476,R,1
18.586746215820312,59253.371921299964,0.14908729493618011,g,1
18.243919372558594,59257.25373840006,0.057070448994636536,R,1
18.073020935058594,59257.33621530003,0.13888788223266602,g,1
18.204132080078125,59262.21353009995,0.0712045431137085,R,1
18.10710334777832,59262.2956249998,0.06341151148080826,g,1
18.133628845214844,59264.31017359997,0.07693220674991608,R,1
18.17526626586914,59264.317812500056,0.06922975182533264,g,1
18.175817489624023,59266.253981499925,0.08114863932132721,R,1
18.370325088500977,59268.191076400224,0.10104627907276154,g,1
18.58650016784668,59272.25280090003,0.22000500559806824,R,1
18.71649932861328,59274.223136600114,0.1468449980020523,g,1
18.663694381713867,59276.275173599824,0.0890466719865799,R,1
19.54019927978516,59280.21947919997,0.1248679980635643,g,1
18.78919982910156,59280.254236099776,0.08855199813842772,R,1
20.479400634765625,59290.210624999825,0.24863600730896,g,1
18.94742584228516,59290.23349539982,0.08535414934158325,R,1
20.317800521850586,59292.187233800076,0.23061400651931765,g,1
20.238914489746094,59316.17447920004,0.21219488978385925,R,1
21.203399658203125,59316.216273100115,0.3567349910736084,g,1
20.031085968017575,59319.194085599855,0.18744172155857086,R,1
