ant_mag,ant_mjd,ant_magerr,ant_passband,ant_survey
19.035295486450195,59386.37614580012,0.12496060132980348,R,1
19.0913143157959,59386.43975690008,0.11673244833946228,g,1
18.43491554260254,59390.370046299875,0.08278557658195496,R,1
18.249900817871094,59396.43825230002,0.07265101373195648,g,1
18.463756561279297,59399.380474499885,0.06438861787319182,R,1
19.31845474243164,59410.35650460003,0.13263915479183194,g,1
19.034311294555664,59410.414919000126,0.09175846725702286,R,1
19.68241310119629,59414.398888899945,0.12641499936580658,g,1
19.30555725097656,59422.38115740009,0.13402147591114044,R,1
