ant_mag,ant_mjd,ant_magerr,ant_passband,ant_survey
19.13008117675781,59361.32364579989,0.15201178193092346,g,1
19.32674217224121,59361.38449069997,0.13363327085971832,R,1
18.785511016845703,59363.28263889997,0.08790168166160582,g,1
18.82958984375,59365.40177079989,0.07921967655420302,R,1
18.45467758178711,59368.34980319999,0.061038807034492486,g,1
18.5368595123291,59370.34534720006,0.05336083844304085,R,1
18.422082901000977,59370.38597219996,0.06062963604927062,g,1
18.61017417907715,59372.322511599865,0.18768377602100367,R,1
18.51962280273437,59374.37311339984,0.06835661828517914,g,1
18.55477905273437,59376.30637730006,0.0665331780910492,R,1
18.51590919494629,59376.36493059992,0.06759992241859436,g,1
18.571901321411133,59378.301411999855,0.06309127062559128,R,1
18.74887466430664,59380.303588000126,0.1560438722372055,g,1
18.76348876953125,59382.344363399774,0.08550386130809784,R,1
18.869604110717773,59382.39012729983,0.09501202404499054,g,1
18.892911911010746,59386.218437499825,0.08723097294569017,R,1
19.30233383178711,59390.26677080012,0.2095269709825516,g,1
19.07582092285156,59390.321689799894,0.11724336445331572,R,1
19.50494956970215,59392.24849539995,0.15594132244586945,g,1
19.215835571289066,59392.34457179997,0.1332150399684906,R,1
19.969526290893555,59396.282349499874,0.18113620579242706,g,1
19.16512489318848,59396.3333796002,0.09334782510995863,R,1
20.346479415893555,59399.286944400046,0.20776185393333435,g,1
19.28584861755371,59399.3271643999,0.10360310226678847,R,1
20.345600128173828,59401.25633100001,0.21727700531482694,g,1
19.385141372680664,59403.32603010022,0.1328219771385193,R,1
20.212400436401367,59403.372592600055,0.25012001395225525,g,1
19.909423828125,59414.289675899774,0.2032431811094284,R,1
