ant_mag,ant_mjd,ant_magerr,ant_passband,ant_survey
19.50950050354004,58886.24302079994,0.19282899796962735,g,1
18.644500732421875,58888.4224537001,0.13680300116539,R,1
19.422100067138672,58890.300844899844,0.24159599840641025,g,1
18.430299758911133,58890.42373839999,0.13018600642681122,R,1
19.240699768066406,58891.237071800046,0.16366100311279294,g,1
18.36319923400879,58891.330868099816,0.08076299726963042,R,1
19.154600143432614,58893.246018500075,0.1270260065793991,g,1
18.30190086364746,58894.28006940009,0.07626199722290039,R,1
19.252599716186523,58895.239328700125,0.1463329941034317,g,1
18.70890045166016,58899.344618100215,0.1043189987540245,R,1
19.58930015563965,58899.361169000156,0.15917299687862396,g,1
18.63920021057129,58900.23586810008,0.10730300098657608,R,1
19.825899124145508,58903.33111110004,0.14462900161743164,g,1
18.942012786865234,58912.404583300005,0.11057098954916,R,1
