ant_mag,ant_mjd,ant_magerr,ant_passband,ant_survey
19.82207679748535,59184.12254629983,0.1942148953676224,R,1
18.88689994812012,59187.12532409978,0.09002300351858139,g,1
19.072998046875,59187.148692099836,0.12475094199180604,R,1
18.592676162719727,59189.13215279997,0.08071134984493256,g,1
18.66827392578125,59189.19211809988,0.08975297957658768,R,1
18.442432403564453,59192.16978010022,0.12782637774944305,g,1
18.452533721923828,59194.144108800225,0.08596128225326538,R,1
18.425159454345703,59194.2074190001,0.1009429171681404,g,1
18.349851608276367,59199.106469899874,0.08677814900875093,R,1
18.38504981994629,59199.17076390004,0.08047011494636536,g,1
18.437360763549805,59202.10718750022,0.09379173815250397,R,1
18.559925079345703,59202.171157400124,0.11276589334011078,g,1
19.42970466613769,59224.10445600003,0.15807309746742249,R,1
