ant_mag,ant_mjd,ant_magerr,ant_passband,ant_survey
18.279199600219727,59027.23921300005,0.08243100345134735,g,1
18.029499053955078,59028.254386600114,0.06521700322628021,R,1
18.358200073242188,59030.372835599825,0.08477500081062317,g,1
18.06679916381836,59031.246226899784,0.0752670019865036,R,1
18.45490074157715,59031.319872700136,0.12240000069141388,g,1
18.13330078125,59032.320833299775,0.06516300141811371,R,1
18.46689987182617,59033.23512730002,0.09467600286006927,g,1
18.160499572753906,59033.33131940012,0.05651599913835525,R,1
18.51309967041016,59034.24357639997,0.11815299838781355,g,1
18.126100540161133,59034.33924769983,0.07258599996566772,R,1
18.71649932861328,59035.2156134001,0.16696499288082126,g,1
18.314699172973636,59038.226446799934,0.09212300181388856,R,1
18.93099975585937,59038.250115700066,0.12613800168037415,g,1
18.3927001953125,59039.31137729995,0.07557500153779984,R,1
19.112699508666992,59041.225208300166,0.09770700335502623,g,1
18.611499786376953,59044.245544000056,0.09101899713277817,R,1
19.68370056152344,59047.25630789995,0.13738399744033813,g,1
18.687400817871094,59050.27708330005,0.09212400019168854,R,1
19.68180084228516,59050.36270829989,0.15536800026893616,g,1
18.775299072265625,59053.322442099925,0.08807399868965149,R,1
19.80243492126465,59056.275046300136,0.1721971035003662,g,1
19.06205940246582,59056.35121530014,0.1676798164844513,R,1
