ant_mag,ant_mjd,ant_magerr,ant_passband,ant_survey
19.292299270629886,58995.208576399826,0.11029399931430817,g,1
19.32620048522949,58995.21668979991,0.1222189962863922,R,1
17.940500259399414,58998.2035995,0.0433650016784668,g,1
18.114599227905273,58998.23900459986,0.12565399706363678,R,1
16.64739990234375,59005.179629600134,0.02527300082147121,g,1
16.636899948120114,59011.24489580003,0.03542499989271164,R,1
16.54840087890625,59014.207847199876,0.030936000868678093,g,1
16.634700775146484,59014.22543979995,0.03155900165438652,R,1
16.642099380493164,59017.22303240001,0.031741000711917884,g,1
16.711200714111328,59017.24369210005,0.02974499948322773,R,1
16.777496337890625,59020.20622690023,0.03552115708589554,g,1
17.109651565551758,59023.186423600186,0.03877058252692223,R,1
16.99873924255371,59023.221446800046,0.04112161323428154,g,1
17.284896850585938,59026.201006900046,0.04464596882462502,R,1
17.293371200561527,59026.222870400175,0.04956381767988205,g,1
17.422468185424805,59029.22684030003,0.05902780219912529,R,1
17.801637649536133,59032.203182899866,0.06762538850307465,g,1
17.424959182739258,59032.220972199924,0.051222190260887146,R,1
18.230810165405273,59037.216330999974,0.15002961456775665,g,1
