ant_mag,ant_mjd,ant_magerr,ant_passband,ant_survey
18.72563934326172,59338.275590300094,0.09933584928512572,R,1
18.598636627197266,59338.31616900022,0.09467869251966476,g,1
18.612773895263672,59340.31623840006,0.08275875449180603,R,1
18.543649673461914,59342.338240699835,0.07886528968811035,g,1
18.587905883789066,59342.399421299815,0.0681675598025322,R,1
18.597524642944336,59344.29484950006,0.06614626199007034,g,1
18.56058692932129,59344.38043980022,0.07082828134298325,R,1
18.702407836914066,59346.35756940022,0.06877315044403076,g,1
18.741777420043945,59348.31530090003,0.08317002654075623,R,1
18.780858993530273,59348.339305600144,0.07368170469999312,g,1
19.07195854187012,59354.271238400135,0.12317030131816865,R,1
19.454837799072266,59356.215428200085,0.2103670984506607,g,1
19.476625442504886,59362.25486110012,0.14942176640033722,R,1
20.02088165283203,59364.28608800005,0.14991462230682373,g,1
19.68358421325684,59372.307592600126,0.1636335402727127,R,1
