ant_mag,ant_mjd,ant_magerr,ant_passband,ant_survey
19.233800888061523,58859.428055599805,0.14510999619960785,R,1
18.364500045776367,58861.46877310006,0.1809139996767044,g,1
18.19849967956543,58862.39065970015,0.08748199790716171,R,1
18.45549964904785,58862.48950230004,0.08867300301790237,g,1
18.010400772094727,58863.55785880005,0.059443000704050064,R,1
18.03219985961914,58864.40454859985,0.05248500034213066,g,1
17.556499481201172,58866.53202550019,0.044456999748945236,R,1
17.721500396728516,58866.561701400205,0.046059999614954,g,1
17.491899490356445,58867.47748839995,0.04950299859046936,R,1
17.464000701904293,58871.41077549989,0.04467799887061119,g,1
17.362199783325195,58871.5279513998,0.043214000761508935,R,1
17.529499053955078,58873.362430599984,0.039267998188734055,g,1
17.399200439453125,58873.51325230022,0.04714199900627136,R,1
17.61039924621582,58875.44052080018,0.06208499893546104,g,1
17.444099426269528,58875.509178199805,0.04763299971818924,R,1
17.729999542236328,58876.366921300076,0.05252199992537498,g,1
17.517499923706055,58877.35173609993,0.05752500146627426,R,1
17.72439956665039,58877.36160880001,0.044165998697280884,g,1
17.840499877929688,58879.344606500126,0.09711500257253647,R,1
17.955699920654297,58879.490555599805,0.07507500052452087,g,1
17.938400268554688,58880.3504745001,0.06854099780321121,R,1
18.034400939941406,58880.45619209996,0.05866599828004838,g,1
17.867300033569336,58881.343298600055,0.05944500118494034,R,1
18.55579948425293,58885.45462960005,0.12859900295734406,g,1
18.114500045776367,58886.517905099776,0.060113999992609024,R,1
18.92576789855957,58887.43565970008,0.14813826978206635,g,1
