ant_mag,ant_mjd,ant_magerr,ant_passband,ant_survey
19.599899291992188,59050.268321800046,0.15167200565338135,R,1
19.652936935424805,59050.36849540007,0.1636461615562439,g,1
19.13323783874512,59053.30666670018,0.11517614126205444,R,1
18.890527725219727,59056.263425900135,0.08459844440221786,g,1
18.80178451538086,59062.24017360015,0.1156867742538452,R,1
18.840782165527344,59063.242638899945,0.12027686089277267,g,1
18.695859909057614,59063.3446411998,0.11010358482599257,R,1
18.82583236694336,59064.20562499993,0.19862084090709686,g,1
18.766956329345703,59064.288576399915,0.12780168652534485,R,1
18.940523147583008,59065.21527779987,0.13031263649463656,g,1
18.798358917236328,59066.22171299997,0.11137666553258896,R,1
18.84506225585937,59066.30466439994,0.11444713920354845,g,1
18.89577293395996,59067.17317129998,0.08863577246665955,R,1
19.069822311401367,59068.20221060003,0.11362160742282867,g,1
19.122589111328125,59070.20041669997,0.1509542614221573,R,1
19.32143211364746,59071.21951390012,0.12578696012496948,g,1
19.130197525024414,59072.201562500086,0.09568698704242706,R,1
19.418331146240234,59072.21945599979,0.11744934320449828,g,1
19.172006607055664,59073.203981500126,0.13813693821430206,R,1
19.759838104248047,59075.20250000013,0.16935284435749054,g,1
19.30338287353516,59075.235914399855,0.15260125696659088,R,1
20.274200439453125,59079.173483800136,0.2631889879703522,g,1
19.403291702270508,59079.197442099925,0.15353761613368988,R,1
