ant_mag,ant_mjd,ant_magerr,ant_passband,ant_survey
20.520700454711914,58885.52733800002,0.2965979874134064,R,1
19.142099380493164,58891.45888890001,0.1703519970178604,g,1
19.007099151611328,58895.50583329982,0.10184500366449356,R,1
18.843299865722656,58895.53983800019,0.07950399816036224,g,1
18.879600524902344,58899.498958299875,0.0787149965763092,R,1
19.05069923400879,58904.43825230002,0.17531700432300568,g,1
18.867300033569336,58908.48163190018,0.15802699327468872,R,1
19.555099487304688,58911.43621530012,0.18811599910259247,g,1
19.479278564453125,58915.50519679999,0.17396560311317444,R,1
