ant_mag,ant_mjd,ant_magerr,ant_passband,ant_survey
19.98240089416504,59224.207361099776,0.19605299830436707,g,1
19.517526626586914,59226.23254630017,0.14283941686153412,R,1
18.81589126586914,59228.19185189996,0.10105207562446594,g,1
19.034040451049805,59228.313773099806,0.10941841453313828,R,1
18.580537796020508,59230.2076388998,0.07299749553203583,g,1
18.73577880859375,59230.211886600126,0.08139710873365402,R,1
18.391624450683594,59232.21246530023,0.0508514866232872,g,1
18.972463607788086,59252.16936339997,0.07218475639820099,R,1
18.978687286376953,59252.233506899785,0.08771651238203049,g,1
19.03022575378418,59254.20017360012,0.08756659179925919,R,1
19.262531280517575,59254.21063659992,0.09830553084611893,g,1
19.14261245727539,59256.2074190001,0.1088237315416336,R,1
19.615800857543945,59260.185891199864,0.1403760015964508,g,1
19.031307220458984,59260.214224500116,0.2105199992656708,R,1
19.92180061340332,59263.1324306,0.2411250025033951,g,1
19.309375762939453,59265.133009300094,0.11713799834251405,R,1
19.92202377319336,59265.17280089995,0.18147379159927368,g,1
19.451114654541016,59271.151469899814,0.1428031176328659,R,1
