ant_mag,ant_mjd,ant_magerr,ant_passband,ant_survey
18.112207412719727,59350.206782400135,0.05112319067120552,g,1
18.122299194335934,59350.26373839984,0.07885000109672546,R,1
17.30702781677246,59354.18047450018,0.04411935806274414,g,1
17.413139343261722,59354.21560190013,0.04163521155714989,R,1
17.124128341674805,59356.22899310011,0.04376975446939469,g,1
17.17508888244629,59356.23771989998,0.04332610964775085,R,1
17.022302627563473,59358.24302079994,0.04729075357317925,g,1
17.132415771484375,59358.274479200125,0.04547635838389397,R,1
18.10713195800781,59373.18628469994,0.057449791580438614,g,1
18.64415168762207,59387.19731480022,0.13037358224391934,R,1
