ant_mag,ant_mjd,ant_magerr,ant_passband,ant_survey
19.500200271606445,59124.34035879978,0.2622950077056885,R,1
19.474424362182614,59126.278750000056,0.20973995327949524,g,1
19.27870750427246,59128.25774310018,0.1451677680015564,R,1
18.96102523803711,59130.24804400001,0.07493580132722855,g,1
19.02667236328125,59130.25981480022,0.07676435261964798,R,1
18.857641220092773,59134.24662039987,0.08373844623565674,g,1
18.87238883972168,59136.19790509995,0.07964707911014557,R,1
18.93156623840332,59138.23182869983,0.09633614867925644,g,1
18.78827667236328,59138.27809030004,0.08333144336938858,R,1
18.99188232421875,59140.208078700125,0.08854062110185623,g,1
18.960010528564453,59143.215671299964,0.09302376955747604,R,1
19.2364501953125,59143.3584838002,0.10107819736003876,g,1
19.144445419311523,59145.17996530003,0.09496711939573288,R,1
19.43162727355957,59145.27541670018,0.10375253856182097,g,1
19.27826690673828,59149.19682870014,0.21654973924160004,R,1
19.89240074157715,59151.194085599855,0.2886140048503876,g,1
20.13711166381836,59172.15019680001,0.14896811544895172,R,1
