ant_mag,ant_mjd,ant_magerr,ant_passband,ant_survey
19.00330924987793,59168.32641200023,0.10107248276472093,R,1
18.89929962158203,59168.35792820017,0.41881799697875977,g,1
19.06480026245117,59179.31424769992,0.1829060018062592,R,1
19.38719940185547,59179.41961809992,0.2978900074958801,g,1
19.499099731445312,59193.25113430014,0.158424973487854,R,1
