ant_mag,ant_mjd,ant_magerr,ant_passband,ant_survey
18.36696052551269,59297.30188659997,0.15649060904979706,g,1
18.09664726257324,59304.316736099776,0.10561155527830124,R,1
18.176300048828125,59307.29348379978,0.05524799972772598,g,1
18.086700439453125,59307.4521296001,0.06388399749994278,R,1
18.713096618652344,59313.25234950008,0.10012897849082948,g,1
18.350627899169922,59313.3367360998,0.07733367383480072,R,1
19.105499267578125,59317.27280090004,0.09667299687862396,g,1
18.669347763061523,59321.29325230001,0.059322502464056015,R,1
19.583541870117188,59323.27225690009,0.15980426967144012,g,1
18.59965705871582,59325.27336810018,0.09386561065912248,R,1
19.56529998779297,59325.335682900164,0.2857930064201355,g,1
19.464187622070312,59342.293599499855,0.20515641570091248,R,1
