ant_mag,ant_mjd,ant_magerr,ant_passband,ant_survey
18.64830017089844,58975.25135419984,0.13932399451732635,g,1
18.738500595092773,58981.29041669984,0.11694999784231185,R,1
18.97220039367676,58981.333437500056,0.1243399977684021,g,1
19.18099975585937,58986.312754599836,0.09769999980926514,R,1
19.370500564575195,58986.381203699864,0.11506400257349016,g,1
19.37360000610352,58992.286655100055,0.0996050015091896,R,1
20.359100341796875,58995.294710599825,0.20458100736141205,g,1
19.505615234375,58998.296562499825,0.1418662816286087,R,1
