ant_mag,ant_mjd,ant_magerr,ant_passband,ant_survey
18.490461349487305,59067.32626160002,0.09395956993103027,g,1
18.181703567504886,59070.295520800166,0.17216357588768005,R,1
18.390554428100586,59076.296446800225,0.0685899630188942,g,1
18.22089958190918,59079.294536999885,0.2394710034132004,R,1
18.610429763793945,59082.273703699924,0.1062820330262184,g,1
