ant_mag,ant_mjd,ant_magerr,ant_passband,ant_survey
20.04129981994629,58852.53706019978,0.15055400133132935,g,1
20.21540069580078,58852.57199069997,0.19832800328731534,R,1
19.235599517822266,58855.50903940015,0.0842130035161972,g,1
18.686399459838867,58862.402407399844,0.15565499663352966,R,1
18.37070083618164,58862.48296299996,0.0921270027756691,g,1
18.595399856567386,58866.54092589999,0.05950000137090682,R,1
18.698400497436523,58871.463425899856,0.0830409973859787,g,1
18.675899505615234,58871.5368170999,0.06601499766111374,R,1
18.944900512695312,58875.46223379998,0.08558099716901779,g,1
18.91110038757324,58875.536782400224,0.06339699774980545,R,1
19.153200149536133,58878.531562500175,0.10787399858236313,g,1
19.18429946899414,58878.54862269992,0.15659299492836,R,1
19.50489997863769,58881.493564799894,0.11089300364255904,g,1
19.18720054626465,58881.53305559978,0.07539600133895874,R,1
19.68910026550293,58884.46996530006,0.184689000248909,g,1
19.332599639892575,58884.53572920011,0.12502199411392212,R,1
19.91160011291504,58887.46902780003,0.2384680062532425,g,1
19.58099937438965,58893.51512729983,0.14440399408340454,R,1
20.994699478149414,58898.453981500126,0.2958889901638031,g,1
19.960500717163086,58898.470821800176,0.10563600063323976,R,1
21.01919937133789,58899.43427080009,0.3238460123538971,g,1
19.97610092163086,58899.4516551001,0.13921000063419342,R,1
20.949499130249023,58900.38178239996,0.3341299891471863,g,1
20.4063777923584,58912.46594909997,0.19433164596557614,R,1
