ant_mag,ant_mjd,ant_magerr,ant_passband,ant_survey
19.070823669433594,59205.426145799924,0.13483116030693054,g,1
17.289060592651367,59215.4677893999,0.056594882160425186,R,1
17.205791473388672,59215.50035879994,0.044500824064016335,g,1
17.290725708007812,59217.39340279997,0.05765291675925255,R,1
17.303123474121097,59219.429004599806,0.040332958102226264,g,1
17.360950469970707,59221.405960599885,0.045023739337921136,R,1
17.606199264526367,59223.41201390001,0.04576700180768967,g,1
17.732200622558594,59225.40440970008,0.0456789992749691,R,1
17.72246742248535,59225.44695599983,0.053162842988967896,g,1
17.87220001220703,59227.375127300154,0.04615199938416481,R,1
17.933700561523438,59227.446851899855,0.06730300188064575,g,1
17.880971908569336,59229.4134837999,0.09763119369745256,R,1
18.138744354248047,59229.44648149982,0.06324029713869095,g,1
17.924665451049805,59231.474398099825,0.06714991480112076,R,1
