ant_mag,ant_mjd,ant_magerr,ant_passband,ant_survey
19.291013717651367,59158.49226849992,0.12146905064582825,g,1
18.64471435546875,59165.411388900124,0.07382649183273315,R,1
18.481170654296875,59165.51032410003,0.06643363833427429,g,1
18.568134307861328,59168.426319399856,0.07648388296365738,R,1
18.596397399902344,59170.44615740003,0.06283188611268997,g,1
18.542591094970703,59170.53226849996,0.06963933259248734,R,1
18.63249969482422,59173.49565970013,0.07103200256824492,g,1
18.74287986755371,59175.51042820001,0.1308050900697708,R,1
18.814945220947266,59175.5320485998,0.12964503467082975,g,1
18.787559509277344,59177.500196800094,0.07381287217140198,R,1
18.96994972229004,59179.46879629978,0.07696666568517685,g,1
18.993816375732425,59181.49564810004,0.1170836016535759,R,1
19.081932067871094,59181.534328700036,0.11184905469417572,g,1
19.19887351989746,59185.4770717998,0.1553165465593338,R,1
19.385120391845703,59185.49818289978,0.16124269366264346,g,1
19.282094955444336,59187.47362270019,0.19749607145786285,R,1
19.85639953613281,59194.44819439994,0.15404100716114044,g,1
19.526899337768555,59194.47339119995,0.13422399759292605,R,1
20.3308219909668,59198.39237269992,0.19486427307128906,g,1
19.462331771850586,59200.51016200008,0.1821441650390625,R,1
20.433500289916992,59203.40846059984,0.30692601203918457,g,1
19.725383758544922,59203.46677079982,0.1576695740222931,R,1
