ant_mag,ant_mjd,ant_magerr,ant_passband,ant_survey
19.05484771728516,59046.47467589984,0.1174628734588623,g,1
18.91531753540039,59049.43313660008,0.1131800413131714,R,1
18.86164093017578,59049.45229170006,0.08238822221755981,g,1
18.937395095825195,59052.431504600216,0.0810401663184166,R,1
19.09050941467285,59055.43528940016,0.10585526376962663,g,1
18.960039138793945,59055.46761569986,0.07822636514902115,R,1
19.53459930419922,59063.444213000126,0.2349870055913925,g,1
19.688194274902344,59068.41556710005,0.1636042594909668,R,1
20.194900512695312,59072.450266200125,0.2629109919071197,g,1
19.698467254638672,59072.4858448999,0.15219031274318695,R,1
20.38419914245605,59073.434826400124,0.3293870091438293,g,1
19.931522369384766,59080.50818290003,0.16254472732543945,R,1
