ant_mag,ant_mjd,ant_magerr,ant_passband,ant_survey
19.256540298461914,59387.216342600055,0.1465223729610443,R,1
18.094736099243164,59391.198669000056,0.06078527122735977,g,1
17.634498596191406,59393.197106500156,0.0467984713613987,R,1
17.64615821838379,59393.298506900195,0.06288870424032211,g,1
17.370988845825195,59395.21976849996,0.06203823164105415,R,1
17.253864288330078,59402.19653940015,0.04546714946627617,g,1
17.31126594543457,59404.22359950003,0.04062778130173683,R,1
17.532341003417972,59406.20432869997,0.043456118553876884,g,1
17.388885498046875,59406.2425694,0.059340871870517724,R,1
17.749740600585938,59408.19388889987,0.06144508346915245,g,1
17.769519805908203,59412.21781249996,0.06412757188081741,R,1
18.29875946044922,59412.2446527998,0.1293061375617981,g,1
17.84557342529297,59415.18739579991,0.06636178493499756,R,1
19.133451461791992,59419.186516200185,0.13612976670265198,g,1
