ant_mag,ant_mjd,ant_magerr,ant_passband,ant_survey
19.654809951782227,59041.3581249998,0.15668493509292605,g,1
19.28898048400879,59043.3333101999,0.11468230187892915,R,1
18.88472557067871,59047.27737270017,0.08771075308322906,g,1
18.765338897705078,59050.29635420023,0.060223124921321876,R,1
18.817354202270508,59050.35756940022,0.09011445194482803,g,1
18.73626518249512,59053.31424769992,0.06541935354471208,R,1
18.886489868164066,59056.4166203998,0.07874294370412828,g,1
18.91229057312012,59060.28905089991,0.08670640736818314,R,1
19.08613586425781,59060.325844900224,0.10705093294382097,g,1
18.89422416687012,59061.287141200155,0.08193095028400421,R,1
19.61669921875,59066.31511570001,0.3194839954376221,g,1
19.339149475097656,59069.24086809997,0.1085781678557396,R,1
20.281400680541992,59072.3411226999,0.2437549978494644,g,1
19.44223022460937,59075.29628469981,0.10110124200582504,R,1
20.354000091552734,59075.33553239983,0.22856999933719635,g,1
19.66029930114746,59078.289467600174,0.12092400342226027,R,1
20.772300720214844,59081.231261599816,0.338468998670578,g,1
19.706493377685547,59087.253113400184,0.12628979980945587,R,1
