ant_mag,ant_mjd,ant_magerr,ant_passband,ant_survey
18.962474822998047,59221.44521989999,0.1089942827820778,R,1
18.7912712097168,59223.39921300019,0.10701268911361694,g,1
18.76299285888672,59225.41539350013,0.08795664459466934,R,1
18.714502334594727,59225.480937500026,0.14818032085895538,g,1
18.71489906311035,59227.377569399774,0.08011999726295471,R,1
18.799299240112305,59227.48045139993,0.09313300251960754,g,1
18.896499633789066,59229.43528940016,0.16745899617671967,R,1
18.993480682373047,59231.418969899874,0.08073362708091736,g,1
20.39830780029297,59264.374803199906,0.1869715452194214,R,1
