ant_mag,ant_mjd,ant_magerr,ant_passband,ant_survey
19.54990005493164,58898.15627310006,0.15943899750709534,R,1
19.27589988708496,58898.21482639993,0.11083800345659256,g,1
19.02680015563965,58903.17685189982,0.12001000344753265,R,1
18.84970092773437,58904.155208299875,0.11840499937534332,g,1
18.88820075988769,58906.20262729983,0.12075000256299973,R,1
18.810300827026367,58906.26634259988,0.1627510040998459,g,1
18.827699661254886,58909.15443289978,0.19204099476337436,R,1
18.9440975189209,58912.159907400135,0.10318779945373537,g,1
18.94770050048828,58913.19680560008,0.14889900386333466,R,1
19.02549934387207,58914.19267359981,0.3544360101222992,g,1
18.958431243896484,58915.1371065001,0.1292482614517212,R,1
19.085702896118164,58915.19789349986,0.1901044398546219,g,1
