time,mag,magerr,band
58873.55144680012,19.947099685668945,0.1825779974460601,g
58886.55844909977,19.657751083374023,0.1521830409765243,R
