ant_mag,ant_mjd,ant_magerr,ant_passband,ant_survey
20.810199737548828,59292.312326400075,0.3542250096797943,g,1
20.05023193359375,59294.210266199894,0.21248607337474826,R,1
19.85580062866211,59294.233020800166,0.2274720072746277,g,1
19.604900360107425,59296.21236110013,0.2281239926815033,R,1
18.40120506286621,59301.2586110998,0.11992354691028595,g,1
18.5062198638916,59301.285636600114,0.11859840899705887,R,1
18.22404670715332,59303.258807899896,0.07005874812602997,g,1
18.26219940185547,59306.23471060023,0.054719001054763794,R,1
18.094600677490234,59306.30969909997,0.06773100048303604,g,1
18.1919002532959,59308.19371529994,0.048193998634815216,R,1
18.060400009155273,59308.26733799977,0.07489799708127975,g,1
18.15252685546875,59310.192951399826,0.06524954736232758,R,1
18.192569732666016,59312.23511569993,0.05861810222268105,g,1
18.226341247558594,59314.17300930014,0.04525841772556305,R,1
18.247201919555664,59314.216053199954,0.07172746956348419,g,1
18.306928634643555,59316.173541699995,0.05534471198916435,R,1
18.366804122924805,59316.217673600186,0.06584100425243378,g,1
18.54555892944336,59319.195983800106,0.06455444544553758,R,1
18.55448341369629,59319.23836810003,0.07319825142621994,g,1
18.61314010620117,59321.216678199824,0.07486417144536972,R,1
18.81792640686035,59323.17784720008,0.09623231738805772,g,1
18.90871238708496,59328.17383099999,0.10127152502536774,R,1
19.78577995300293,59334.175902800176,0.16737940907478333,g,1
19.060400009155273,59336.20673609991,0.10507000237703323,R,1
20.17013168334961,59338.176099500146,0.17886169254779816,g,1
19.212909698486328,59338.217222199775,0.09807568043470384,R,1
20.020891189575195,59340.1832059999,0.18957565724849698,g,1
19.18484878540039,59340.242384300094,0.12061820924282075,R,1
20.32559967041016,59342.21421300016,0.23205000162124634,g,1
19.57315444946289,59348.17946759983,0.1226530820131302,R,1
