ant_mag,ant_mjd,ant_magerr,ant_passband,ant_survey
17.897510528564453,59262.37143519986,0.056772425770759576,R,1
17.272859573364258,59264.41012729983,0.04865211248397827,g,1
16.819303512573242,59266.3635764001,0.047891851514577866,R,1
16.8048095703125,59266.487812499974,0.043934132903814316,g,1
16.571552276611328,59268.37260420014,0.037745863199234016,R,1
16.51824951171875,59268.48606480006,0.03781209886074066,g,1
16.44650650024414,59270.371030100156,0.03259752318263054,R,1
16.284141540527347,59272.402384299785,0.02632996067404747,g,1
16.338502883911133,59272.442847200204,0.035866253077983856,R,1
16.33744239807129,59274.23467590008,0.05024055391550064,g,1
16.566299438476562,59280.29901620001,0.03975800052285194,R,1
16.583551406860348,59280.37309029978,0.05081163719296456,g,1
17.082918167114258,59290.37489579991,0.046033576130867004,R,1
17.673240661621094,59290.43785879994,0.05392039939761162,g,1
17.308502197265625,59297.288611100055,0.06235461682081224,R,1
18.35040855407715,59297.304745399866,0.11179983615875244,g,1
17.929168701171875,59303.33732639997,0.0721292570233345,R,1
18.85240364074707,59303.359861100085,0.1347385048866272,g,1
18.046417236328125,59305.301562500186,0.07228388637304306,R,1
18.942405700683594,59305.33332179999,0.1274646371603012,g,1
18.094200134277344,59307.26728009991,0.07556699961423874,R,1
18.973100662231445,59307.301955999814,0.09840299934148787,g,1
18.11302757263184,59309.28831019998,0.07264736294746399,R,1
19.015295028686523,59311.23869210017,0.1118793934583664,g,1
18.22601890563965,59311.298495400224,0.08716889470815659,R,1
19.15487289428711,59313.259918999865,0.10788474231958388,g,1
18.319372177124023,59313.302187500056,0.08198970556259155,R,1
19.20330047607422,59317.27077550023,0.10049299895763396,g,1
18.635522842407227,59321.29655090022,0.07007215172052382,R,1
19.34385871887207,59321.365567099776,0.1031401827931404,g,1
18.93378257751465,59329.26909720013,0.14229972660541534,R,1
19.505619049072266,59335.252453700174,0.1452486217021942,g,1
19.139205932617188,59338.25431710017,0.14905981719493866,R,1
19.52444648742676,59338.31949070003,0.1387062668800354,g,1
19.3259391784668,59340.29819440004,0.1029387265443802,R,1
19.46158790588379,59340.370752300136,0.11050912737846376,g,1
19.30450439453125,59342.30067129992,0.10763388872146606,R,1
19.63297843933105,59348.25446760002,0.17866142094135284,g,1
19.43068504333496,59348.30672449991,0.20386487245559687,R,1
19.94491958618164,59371.1943171001,0.17006538808345795,g,1
