ant_mag,ant_mjd,ant_magerr,ant_passband,ant_survey
18.7060604095459,58905.20905089984,0.17967502772808075,R,1
