ant_mag,ant_mjd,ant_magerr,ant_passband,ant_survey
19.659500122070312,59336.38711810019,0.18285700678825376,R,1
18.89824676513672,59341.37060189992,0.1041315570473671,g,1
18.808292388916016,59343.3696527998,0.09557197242975236,R,1
18.69729232788086,59345.402650500175,0.07352863252162932,g,1
18.709226608276367,59349.35093750013,0.0868435651063919,R,1
18.893308639526367,59353.373391199864,0.10538300126791,g,1
19.09064292907715,59357.44388889987,0.11880281567573547,R,1
19.496313095092773,59363.310161999885,0.15746258199214935,g,1
19.12535858154297,59367.35744210008,0.10432787239551544,R,1
19.90694808959961,59369.37387729995,0.16571363806724548,g,1
19.196529388427734,59371.33575229999,0.08630899339914322,R,1
19.909181594848636,59371.379409700174,0.1528727263212204,g,1
19.206623077392575,59374.29144679987,0.11675657331943512,R,1
20.348100662231445,59374.379178199924,0.2886820137500763,g,1
19.23705291748047,59376.33193290001,0.09283210337162018,R,1
20.194782257080078,59376.396215300076,0.19358816742897034,g,1
19.32546615600586,59378.31605320005,0.10282770544290544,R,1
20.393199920654297,59378.35905090022,0.2215459942817688,g,1
19.82252311706543,59390.33765049977,0.21352408826351169,R,1
