ant_mag,ant_mjd,ant_magerr,ant_passband,ant_survey
20.10980033874512,59009.21291670018,0.2346179932355881,R,1
19.07670021057129,59012.1941550998,0.0625699982047081,g,1
18.080799102783203,59015.214513900224,0.053803998976945884,R,1
17.815399169921875,59018.20037040021,0.053892001509666436,g,1
17.692399978637695,59018.237465300124,0.05555799975991249,R,1
17.60593605041504,59021.229004600085,0.039777856320142746,g,1
17.426532745361328,59024.23253470008,0.05067537724971771,R,1
17.624666213989258,59027.21417819987,0.045821834355592735,g,1
17.423446655273438,59027.258252299864,0.046739794313907616,R,1
17.806156158447266,59030.323229200214,0.06064117699861527,g,1
17.706655502319336,59033.17376160016,0.049609612673521035,R,1
18.567514419555664,59039.19832180021,0.059356626123189926,g,1
18.10579872131348,59039.23621529992,0.06277572363615036,R,1
18.85032844543457,59042.19758100017,0.06490851938724518,g,1
18.177400588989254,59042.213506899774,0.06465208530426025,R,1
18.987180709838867,59043.19327550009,0.06459977477788925,g,1
18.19172477722168,59043.23530089995,0.0582708902657032,R,1
19.073637008666992,59044.19701390015,0.08898220956325531,g,1
18.22984504699707,59045.19391199992,0.06792890280485152,R,1
19.16852569580078,59045.2352661998,0.09430002421140672,g,1
18.195268630981445,59046.192824100144,0.07041478157043457,R,1
19.267677307128906,59046.211805600215,0.0930192768573761,g,1
18.238189697265625,59047.217199100174,0.06551259011030197,R,1
19.31428337097168,59048.26872690023,0.10581231117248537,g,1
18.259328842163086,59049.17210649978,0.061799585819244385,R,1
19.48209381103516,59050.18715280014,0.11393196135759355,g,1
18.29030036926269,59050.26064810018,0.07467500120401382,R,1
19.508621215820312,59051.17652780004,0.11141236126422882,g,1
18.33980941772461,59052.24743060023,0.0669015422463417,R,1
19.83062744140625,59053.20776619995,0.14870542287826538,g,1
