ant_mag,ant_mjd,ant_magerr,ant_passband,ant_survey
20.54210090637207,59353.20237269998,0.2567870020866394,R,1
20.44939994812012,59353.211921299815,0.2771809995174408,g,1
19.24044609069824,59358.2979629999,0.14736390113830564,R,1
18.895652770996094,59358.38563660019,0.1772201508283615,g,1
18.89095687866211,59361.207338000175,0.09119515120983124,R,1
18.78777313232422,59361.2692477,0.11400838941335678,g,1
18.58300018310547,59363.32776620006,0.0902940034866333,R,1
18.483539581298828,59365.19802080003,0.06546598672866821,g,1
18.60861587524414,59367.20303239999,0.07399357855319977,R,1
18.39755630493164,59367.25706019998,0.06612059473991394,g,1
18.530988693237305,59369.186782400124,0.07270903885364532,R,1
18.421371459960934,59369.2182755,0.07183189690113068,g,1
18.537914276123047,59373.22387730004,0.06706799566745758,R,1
18.567279815673828,59373.26707179983,0.07485335320234299,g,1
18.57589530944824,59375.222233800225,0.06521917134523393,R,1
18.665876388549805,59375.269212999854,0.07999037206172943,g,1
18.650554656982425,59377.21758100018,0.06427377462387085,R,1
19.036447525024414,59379.19621529988,0.099916972219944,g,1
18.72585868835449,59381.207280099865,0.09600705653429033,R,1
19.070899963378906,59381.285196799785,0.3639670014381409,g,1
18.89597511291504,59383.20085649983,0.1255037784576416,R,1
19.396507263183594,59385.19848380005,0.1461545079946518,g,1
19.059043884277344,59387.201585600145,0.14436015486717224,R,1
19.61829948425293,59387.29920140003,0.3010140061378479,g,1
19.01551628112793,59391.28538190015,0.14578835666179654,R,1
