ant_mag,ant_mjd,ant_magerr,ant_passband,ant_survey
19.350534439086914,58543.363206000075,0.14813631772994995,R,1
20.054914474487305,58852.53843750013,0.19011425971984866,g,1
19.59033966064453,58852.55118060019,0.19184510409832,R,1
18.49518203735352,59368.19663190004,0.08008662611246109,g,1
18.374454498291016,59368.21966439997,0.0969030112028122,R,1
18.51074981689453,59370.22525459993,0.05561799183487892,g,1
18.3957462310791,59372.18771990017,0.1466311812400818,R,1
18.519210815429688,59372.20224539982,0.15401390194892886,g,1
18.39996337890625,59375.224155100055,0.07662822306156157,R,1
18.77362632751465,59375.26967590022,0.11222100257873537,g,1
18.40223693847656,59377.216643500135,0.06868209689855576,R,1
19.049222946166992,59379.1996065001,0.09231471270322801,g,1
18.994617462158203,59391.284907400135,0.1688283085823059,R,1
