ant_mag,ant_mjd,ant_magerr,ant_passband,ant_survey
18.65526008605957,59295.32938659983,0.11846823245286943,g,1
18.109094619750977,59297.40550930007,0.084474578499794,R,1
18.51654624938965,59297.444363399874,0.10489746928215027,g,1
18.00988006591797,59301.420821799904,0.06702462583780289,R,1
18.220529556274414,59303.39038190013,0.08486723154783249,g,1
17.944589614868164,59303.42770829982,0.07540511339902878,R,1
18.369800567626953,59306.421446800225,0.08196400105953218,g,1
17.962099075317386,59306.47467589984,0.06826099753379823,R,1
18.456499099731445,59308.40754629998,0.07977700233459473,g,1
18.041500091552734,59308.43754629978,0.05776799842715264,R,1
18.55349922180176,59310.42572919978,0.07245299965143204,g,1
18.348102569580078,59312.40048609999,0.08162952959537506,R,1
18.87468147277832,59315.32196759991,0.16361990571022034,g,1
18.733959197998047,59322.30824070005,0.08311083167791368,R,1
19.72842025756836,59322.35228009988,0.16793343424797058,g,1
18.7903995513916,59324.276157400105,0.0960320010781288,R,1
19.95199966430664,59324.381770799875,0.21777799725532526,g,1
19.826902389526367,59343.3275462999,0.19739511609077454,R,1
20.988300323486328,59343.382870399866,0.2833200097084045,g,1
19.8590145111084,59345.343553199906,0.18771331012248996,R,1
21.12579917907715,59349.35868059984,0.3478229939937592,g,1
20.114641189575195,59352.30204859981,0.18158107995986936,R,1
