ant_mag,ant_mjd,ant_magerr,ant_passband,ant_survey
19.82699966430664,58998.421261600226,0.13931499421596527,g,1
19.88610076904297,58998.46229169984,0.10851699858903883,R,1
19.18429946899414,59001.39755789982,0.15681099891662598,g,1
19.122499465942386,59001.454490699805,0.13371799886226654,R,1
18.50550079345703,59010.46097220015,0.0981149971485138,g,1
18.401199340820312,59013.34825230017,0.0481639988720417,R,1
18.608200073242188,59016.36068290007,0.16266000270843506,g,1
18.65863609313965,59022.27122690016,0.07550916820764543,R,1
19.21527671813965,59025.318113400135,0.1122046560049057,g,1
18.901742935180664,59025.35708330013,0.07304294407367706,R,1
20.12070083618164,59032.37890050002,0.2905629873275757,g,1
19.98219490051269,59050.29449070013,0.1400442272424698,R,1
