ant_mag,ant_mjd,ant_magerr,ant_passband,ant_survey
19.5674991607666,59012.198356499895,0.11148300021886826,g,1
19.0039005279541,59015.21873839991,0.10225000232458116,R,1
18.550899505615234,59018.205046299845,0.059464998543262475,g,1
18.586965560913086,59019.187754599836,0.06831831485033035,R,1
18.47242927551269,59021.22854170018,0.0825304463505745,g,1
18.609411239624023,59021.240544000175,0.09700901061296464,R,1
18.50571060180664,59024.203935199876,0.06891372054815292,g,1
18.47058868408203,59024.21556709986,0.0925530269742012,R,1
18.645334243774414,59027.21464119991,0.09831392019987106,g,1
18.609851837158203,59027.25778939994,0.09241123497486116,R,1
19.02400016784668,59030.32369210013,0.2273070067167282,g,1
18.968250274658203,59035.29666669992,0.14584070444107056,R,1
19.715961456298828,59036.19621529988,0.19513756036758426,g,1
19.064096450805664,59037.19269679999,0.10975726693868636,R,1
19.998899459838867,59037.226412000135,0.3228949904441833,g,1
19.225706100463867,59038.19362269994,0.11255157738924026,R,1
20.1663875579834,59039.175914399784,0.1923884153366089,g,1
19.29157066345215,59040.20277780014,0.1286485195159912,R,1
20.21651268005371,59041.19412040013,0.18384259939193728,g,1
19.268434524536133,59041.248391199864,0.12630313634872434,R,1
20.31839942932129,59042.19711809978,0.2172040045261383,g,1
19.258224487304688,59042.213969899814,0.1079157367348671,R,1
20.622600555419922,59043.192812500056,0.2962250113487244,g,1
19.337787628173828,59044.21556709986,0.09631362557411194,R,1
20.57509994506836,59045.234803199775,0.2421009987592697,g,1
20.222475051879886,59051.20760420011,0.21048562228679654,R,1
