ant_mag,ant_mjd,ant_magerr,ant_passband,ant_survey
19.64786148071289,59129.421620400164,0.19704212248325348,g,1
19.677732467651367,59129.48726850003,0.12292075157165527,R,1
19.12240028381348,59131.348240700085,0.2324900031089783,g,1
19.10391616821289,59135.38259259983,0.0744057297706604,R,1
18.96682548522949,59135.43295140006,0.08852287381887436,g,1
19.06374931335449,59137.35640050005,0.08267289400100708,R,1
18.92967414855957,59137.42554400022,0.09791328012943268,g,1
18.911592483520508,59141.36535880017,0.06960272789001465,R,1
18.86009407043457,59141.43488429999,0.09210723638534546,g,1
18.97357177734375,59143.34292820003,0.06888888031244278,R,1
19.01390647888184,59143.411759300165,0.05970726534724236,g,1
19.141582489013672,59149.39548610012,0.12392894178628923,R,1
19.424299240112305,59151.328229200095,0.22091899812221527,g,1
19.56362533569336,59153.47138890019,0.1467398852109909,R,1
19.655399322509766,59153.520590300206,0.3120670020580292,g,1
19.575305938720703,59156.322048599824,0.13807986676692965,R,1
19.542600631713867,59156.44454859988,0.2337940037250519,g,1
19.87558937072754,59165.34574070013,0.123430997133255,R,1
20.617000579833984,59165.369340300094,0.23786799609661105,g,1
20.455968856811523,59176.4305786998,0.18714362382888794,R,1
