ant_mag,ant_mjd,ant_magerr,ant_passband,ant_survey
18.4448356628418,59181.48627310013,0.08126863837242126,R,1
18.486398696899414,59185.484768500086,0.0935693234205246,g,1
18.798200607299805,59187.4818171002,0.21942000091075894,R,1
18.90481376647949,59193.46041670023,0.12007617950439453,g,1
19.02680015563965,59198.440416700214,0.09111370891332626,R,1
19.889799118041992,59203.39946760005,0.3115299940109253,g,1
19.49807357788086,59203.481458299786,0.1668258011341095,R,1
