ant_mag,ant_mjd,ant_magerr,ant_passband,ant_survey
18.836423873901367,59291.28530090022,0.08760136365890503,g,1
18.533710479736328,59297.28908560006,0.10324342548847197,R,1
18.56014442443848,59297.29953699977,0.1089191734790802,g,1
18.572599411010746,59302.25697920006,0.13072699308395386,R,1
18.860525131225586,59304.23642359999,0.15516692399978638,g,1
19.03899955749512,59307.26822920004,0.1117660030722618,R,1
19.45842170715332,59311.27641199995,0.12158721685409545,g,1
19.166553497314453,59311.297557900194,0.11391454935073853,R,1
19.70736312866211,59313.25898149982,0.1793784201145172,g,1
19.318227767944336,59313.312210599885,0.11794312298297882,R,1
20.139299392700195,59317.25480319979,0.16520999372005465,g,1
19.576757431030273,59321.29608799982,0.12028586119413374,R,1
20.649900436401367,59321.36510419985,0.2228419929742813,g,1
20.29956817626953,59348.319594900124,0.21087215840816495,R,1
