ant_mag,ant_mjd,ant_magerr,ant_passband,ant_survey
19.451799392700195,58850.50952549977,0.21037599444389346,R,1
18.95870018005371,58856.54906249978,0.090489000082016,g,1
18.9601993560791,58856.56756940018,0.08628799766302109,R,1
18.785200119018555,58861.4909374998,0.1804960072040558,g,1
18.82010078430176,58861.5454051001,0.1393350064754486,R,1
19.028400421142575,58864.46443289983,0.2276919931173325,g,1
18.85740089416504,58864.518483799875,0.094991996884346,R,1
19.675172805786133,58872.449340300176,0.1591341346502304,g,1
