time,mag,magerr,band
58905.20905089984,18.7060604095459,0.1796750277280807,R
