ant_mag,ant_mjd,ant_magerr,ant_passband,ant_survey
19.224300384521484,59195.24178239983,0.12931199371814728,g,1
17.689716339111328,59199.21723379986,0.04491874948143959,R,1
18.28095054626465,59202.2270717998,0.07710782438516617,g,1
17.448400497436527,59204.17019680003,0.04998299852013588,R,1
18.42852020263672,59210.21234950004,0.11267520487308502,g,1
18.915040969848636,59230.131203699864,0.11993545293807985,R,1
