ant_mag,ant_mjd,ant_magerr,ant_passband,ant_survey
19.77680015563965,58894.53721059999,0.19787900149822235,R,1
20.080699920654297,58894.55236109997,0.2511729896068573,g,1
19.13010025024414,58898.531539400115,0.1544329971075058,R,1
19.13479995727539,58898.55745369988,0.13196900486946106,g,1
18.95400047302246,58899.5089699002,0.10838600248098372,R,1
18.994699478149414,58899.53760420019,0.11738599836826324,g,1
18.914600372314453,58900.50660880003,0.13190799951553345,R,1
18.83930015563965,58900.54013889981,0.16740399599075315,g,1
18.608299255371094,58904.52745370008,0.12003599852323532,R,1
18.514299392700195,58905.5297801001,0.12240199744701385,g,1
18.51650047302246,58906.5146296001,0.11729300022125246,R,1
18.5762996673584,58906.52663190012,0.11636699736118315,g,1
18.585100173950195,58908.51063660019,0.0924770012497902,R,1
18.65660095214844,58908.55267360015,0.08634799718856813,g,1
18.65900039672852,58911.51019679987,0.08349499851465225,R,1
18.710599899291992,58911.53133099992,0.11379799991846085,g,1
18.636999130249023,58912.49538190012,0.07898399978876114,R,1
18.861299514770508,58912.53407410019,0.08640400320291519,g,1
18.764400482177734,58913.496875000186,0.09821400046348573,R,1
18.959699630737305,58913.5322106001,0.11358299851417543,g,1
18.76580047607422,58914.52653940023,0.10367000102996826,R,1
19.02440071105957,58915.46988430014,0.1862110048532486,g,1
20.045381546020508,58944.50930560008,0.21639534831047055,R,1
