ant_mag,ant_mjd,ant_magerr,ant_passband,ant_survey
19.033000946044922,58978.2721874998,0.1132740005850792,R,1
19.01959991455078,58979.26747690002,0.11449600011110304,g,1
18.967100143432614,58979.317187500186,0.13223999738693235,R,1
18.82069969177246,58980.40239580022,0.08100499957799911,g,1
18.71949958801269,58981.28898150008,0.09063199907541276,R,1
18.72559928894043,58981.2963657002,0.0998549982905388,g,1
18.432300567626953,58985.27474540007,0.07432399690151215,R,1
18.41550064086914,58985.31081019994,0.06788899749517441,g,1
18.413299560546875,58992.27037040005,0.06002699956297875,R,1
18.77400016784668,58997.22777780006,0.07984200119972229,g,1
18.72909927368164,58998.260219899945,0.07118099927902223,R,1
19.78700065612793,59009.25196760008,0.13363200426101685,g,1
19.20560073852539,59012.254444399856,0.09617800265550612,R,1
20.54080009460449,59016.20209489996,0.1873140037059784,g,1
19.50836181640625,59019.232731500175,0.14203670620918274,R,1
20.814224243164066,59022.203645799775,0.20313633978366846,g,1
19.98590087890625,59025.19181710017,0.2406560033559799,R,1
20.930500030517575,59025.23228010022,0.2763969898223877,g,1
20.034149169921875,59028.214050900184,0.1734384149312973,R,1
