ant_mag,ant_mjd,ant_magerr,ant_passband,ant_survey
20.472700119018555,58986.43787040003,0.17296500504016876,g,1
20.02569961547852,58986.46993059991,0.2446800023317337,R,1
19.22960090637207,58991.41149310023,0.08090600371360779,g,1
18.55159950256348,58991.4600463002,0.06104699894785881,R,1
18.83810043334961,58997.41064810008,0.09776099771261217,g,1
18.29290008544922,58997.45533559984,0.06925500184297563,R,1
18.45490074157715,59000.43070599996,0.2076440006494522,g,1
18.538400650024414,59004.3035300998,0.0830100029706955,R,1
19.0359001159668,59004.47303240001,0.15480400621891022,g,1
18.877099990844727,59008.35437500012,0.1030059978365898,R,1
19.224199295043945,59009.287141200155,0.14369399845600128,g,1
18.986900329589844,59009.37126159994,0.10248599946498872,R,1
19.68709945678711,59011.31190969981,0.1797579973936081,g,1
19.142000198364254,59012.28582180013,0.08872099965810776,R,1
19.63450050354004,59012.316539399784,0.138823002576828,g,1
19.156099319458008,59013.452326400205,0.09015599638223648,R,1
20.122100830078125,59014.359062499825,0.1398259997367859,g,1
19.27560043334961,59015.33843749993,0.10507799685001372,R,1
20.37569999694824,59019.280995400164,0.22221000492572784,g,1
19.674541473388672,59028.23326390004,0.17406971752643585,R,1
