ant_mag,ant_mjd,ant_magerr,ant_passband,ant_survey
19.546676635742188,59251.420833299875,0.13426996767520905,g,1
19.851900100708008,59251.47864580015,0.1805129945278168,R,1
19.049781799316406,59253.38375000004,0.12213081121444702,g,1
19.302244186401367,59253.485625000205,0.10306578874588013,R,1
18.64177131652832,59255.39475690015,0.0760369598865509,g,1
18.83683586120605,59255.41983800009,0.07462277263402939,R,1
18.29585266113281,59258.378437499974,0.07433106005191803,g,1
18.344118118286133,59262.37332180003,0.062366258352994926,R,1
18.09534454345703,59264.41390050016,0.04923979938030243,g,1
18.27292823791504,59270.37434029997,0.08526261150836945,R,1
18.81984519958496,59278.333437500056,0.11125534772872923,g,1
19.05366516113281,59290.357036999885,0.1026839315891266,R,1
20.077713012695312,59292.331481500056,0.18919602036476132,g,1
19.914661407470703,59307.340393499944,0.17510628700256348,R,1
