time,mag,magerr,band
59293.20924769994,18.822385787963867,0.1133560836315155,R
59293.27481479989,18.643163681030277,0.0936410725116729,g
59296.23146989988,18.32764434814453,0.1086111813783645,R
59303.21075229999,18.815120697021484,0.1827053278684616,g
59308.21063659992,18.74145126342773,0.1158097088336944,R
59308.23202549992,19.432899475097656,0.1830040067434311,g
59314.1692476999,18.990922927856445,0.1247691959142685,R
