ant_mag,ant_mjd,ant_magerr,ant_passband,ant_survey
15.533300399780273,58873.39937500004,0.03260599821805954,g,1
15.661800384521484,58876.35043979995,0.03143100067973137,R,1
15.670900344848633,58880.459583300166,0.03473399952054024,g,1
15.985699653625488,58883.54083329997,0.02569199912250042,R,1
16.013700485229492,58886.459270800005,0.04292900115251541,g,1
16.521600723266598,58894.46181710018,0.03456300124526024,R,1
17.015399932861328,58898.397071800195,0.04472000151872635,g,1
16.577400207519528,58901.38197920006,0.04073299840092659,R,1
17.98699951171875,58911.39714120002,0.07695800065994263,g,1
17.145355224609375,58914.37645829981,0.03968151286244392,R,1
18.09256362915039,58914.4224537001,0.08965723216533661,g,1
18.56319999694824,58954.25579860015,0.09453599900007248,R,1
18.949899673461914,58962.23023150022,0.12918399274349213,g,1
18.791400909423828,58962.27938660002,0.09022799879312517,R,1
19.087299346923828,58965.23002310004,0.0965220034122467,g,1
18.932300567626953,58968.20271989983,0.10682400315999983,R,1
18.96629905700684,58968.25084490003,0.1023780032992363,g,1
19.21878242492676,58971.21009259997,0.11130596697330476,R,1
18.97251892089844,58971.251608800136,0.11122258752584456,g,1
19.238000869750977,58975.202083299875,0.20728699862957,R,1
19.2362003326416,58978.19252309995,0.13016100227832794,g,1
19.25589942932129,58978.24978009983,0.1384049952030182,R,1
19.293500900268555,58986.19009259995,0.11342199891805647,g,1
19.554500579833984,58986.255092599895,0.14633899927139282,R,1
19.471200942993164,58992.19180560019,0.14461800456047058,g,1
19.8085994720459,58992.23380789999,0.14659500122070312,R,1
19.40390014648437,58998.18400460017,0.15762600302696228,g,1
20.00749969482422,58998.22469910002,0.21026399731636047,R,1
19.902271270751953,59024.19593749987,0.1767481118440628,g,1
