ant_mag,ant_mjd,ant_magerr,ant_passband,ant_survey
19.032440185546875,59248.26621530019,0.09033605456352234,g,1
18.92432975769043,59248.383252299864,0.0940062180161476,R,1
19.040607452392575,59250.29468750022,0.1246730387210846,g,1
18.99549102783203,59252.213611099876,0.13650181889533994,R,1
19.142980575561523,59252.28422449995,0.1020008623600006,g,1
19.09973907470703,59254.27025459986,0.09982194006443024,R,1
19.26523971557617,59254.27645830018,0.0949322059750557,g,1
19.095199584960934,59256.236250000075,0.09464500099420547,R,1
19.329504013061523,59256.29487269978,0.10520510375499724,g,1
19.24530029296875,59260.25579860015,0.1923130005598068,R,1
19.60054588317871,59260.303738399874,0.1592351496219635,g,1
19.379192352294922,59263.235324100126,0.18130668997764587,R,1
