time,mag,magerr,band
58904.50503470004,18.95840072631836,0.1085869967937469,R
58904.54569440009,18.807600021362305,0.0983809977769851,g
58911.49913189979,18.83919906616211,0.238207995891571,R
58914.43950230023,19.07040023803711,0.1356160044670105,g
58936.43986110017,20.01314926147461,0.2116847038269043,R
