ant_mag,ant_mjd,ant_magerr,ant_passband,ant_survey
20.573200225830078,59306.4899420999,0.3204729855060577,R,1
19.72769927978516,59308.46959490003,0.13795900344848633,g,1
19.70199966430664,59308.49513889988,0.16097299754619598,R,1
19.232990264892575,59310.47394679999,0.09261105954647064,g,1
19.034547805786133,59312.40423610015,0.09026513248682022,R,1
18.9526309967041,59312.426666699816,0.09643243998289107,g,1
18.73712921142578,59314.45682869991,0.07316746562719345,R,1
18.659799575805664,59314.489467599895,0.07262499630451202,g,1
18.61832427978516,59317.43284719996,0.0865231603384018,R,1
18.570194244384766,59320.44638889981,0.06068116798996925,g,1
18.597957611083984,59320.46518519986,0.08498328924179077,R,1
18.722938537597656,59322.427268499974,0.0869889035820961,g,1
18.61325454711914,59322.475833300035,0.08774622529745102,R,1
18.832624435424805,59324.41061339992,0.0804019421339035,g,1
19.1090087890625,59328.30796300016,0.16014587879180908,R,1
19.207599639892575,59328.36864579981,0.15031899511814115,g,1
19.23863220214844,59334.405578699894,0.16150468587875366,R,1
20.10759925842285,59334.47072920018,0.30147600173950195,g,1
19.376201629638672,59337.452638899915,0.12785093486309052,R,1
20.40033531188965,59339.38682870008,0.20549596846103668,g,1
20.31720352172852,59353.43177080015,0.2066146284341812,R,1
