time,mag,magerr,band
58894.52659719996,19.36409950256348,0.1514099985361099,R
58894.5620255,19.15509986877441,0.1191629990935325,g
58904.53767360002,18.784900665283203,0.1171040013432502,R
58904.54795139981,18.85070037841797,0.1187269985675811,g
58911.51959489984,19.06879997253418,0.1864469945430755,R
58914.46269680001,19.49659919738769,0.2346280068159103,g
58914.540057899896,19.40526962280273,0.165916234254837,R
