ant_mag,ant_mjd,ant_magerr,ant_passband,ant_survey
19.947099685668945,58873.55144680013,0.18257799744606015,g,1
19.657751083374023,58886.55844909978,0.15218304097652435,R,1
