time,mag,magerr,band
59409.28843750013,20.2309684753418,0.2138823568820953,R
