ant_mag,ant_mjd,ant_magerr,ant_passband,ant_survey
18.87459945678711,59291.29547449992,0.099519245326519,g,1
18.94468688964844,59291.349942099776,0.07020536065101624,R,1
19.00164794921875,59293.29530090001,0.1163242757320404,g,1
19.25830078125,59298.3775578998,0.2199310064315796,R,1
19.57869911193848,59304.2699190001,0.2560940086841583,g,1
19.66921043395996,59307.27104170014,0.1458107829093933,R,1
20.21514892578125,59307.315023099996,0.19287997484207156,g,1
