time,mag,magerr,band
58986.18868059991,18.909799575805664,0.0808439999818801,g
58986.25415509986,18.96050071716309,0.0912349969148635,R
58992.19040510012,18.316200256347656,0.055511999875307,g
58992.23099539988,18.30279922485352,0.0642260015010833,R
58998.19038189994,18.492700576782227,0.0952730029821395,g
59018.21009259997,19.03048515319824,0.1015505492687225,R
