ant_mag,ant_mjd,ant_magerr,ant_passband,ant_survey
19.13512420654297,59134.2645370001,0.13063374161720276,g,1
18.91160011291504,59136.328807900194,0.10252335667610167,R,1
19.12579917907715,59136.38314810023,0.08721865713596344,g,1
18.90530014038086,59138.32291670004,0.08132500201463701,R,1
19.06307029724121,59138.36369210017,0.12396883219480515,g,1
18.94451713562012,59140.244004600216,0.0930679813027382,R,1
19.151365280151367,59142.38803240005,0.10165248811244963,g,1
19.119295120239254,59144.24020829982,0.08257044106721878,R,1
19.328346252441406,59144.358576400205,0.09277945756912233,g,1
19.3876953125,59150.27693289983,0.17502352595329285,R,1
19.628999710083008,59150.35858799982,0.2870120108127594,g,1
19.848018646240234,59158.215833299786,0.15015417337417605,R,1
