ant_mag,ant_mjd,ant_magerr,ant_passband,ant_survey
19.72002601623535,59116.19439810003,0.1890135407447815,R,1
