ant_mag,ant_mjd,ant_magerr,ant_passband,ant_survey
18.792400360107425,58983.395393500105,0.08776500076055528,R,1
18.39520072937012,58986.412430599805,0.08533699810504912,g,1
18.399200439453125,58986.452060199816,0.055472999811172485,R,1
18.22760009765625,58991.402013900224,0.0651950016617775,g,1
18.194700241088867,58991.44149310003,0.06795799732208252,R,1
18.310199737548828,58997.38026619983,0.05781500041484833,g,1
18.442100524902344,59000.37743060011,0.21089999377727509,R,1
19.24930000305176,59008.308958299924,0.16688400506973267,g,1
18.700000762939453,59008.335463,0.0824820026755333,R,1
19.218799591064453,59009.27486110013,0.19985799491405487,g,1
18.7716007232666,59009.35798610003,0.12704099714756012,R,1
19.586599349975586,59011.303877300124,0.15048499405384064,g,1
18.85639953613281,59011.32059030003,0.09716399759054184,R,1
19.69939994812012,59012.332094899844,0.12753500044345856,g,1
18.89859962463379,59014.25961809978,0.08197099715471268,R,1
19.86160087585449,59014.37504629978,0.14975500106811526,g,1
19.00180053710937,59017.291550899856,0.07269100099802017,R,1
20.01140022277832,59017.33091440005,0.1464329957962036,g,1
18.993799209594727,59018.257939800154,0.08845300227403641,R,1
20.269989013671875,59019.27483800008,0.19606031477451324,g,1
19.057594299316406,59020.2779513998,0.09939967095851898,R,1
20.29652404785156,59020.365243100096,0.19193986058235168,g,1
19.195798873901367,59022.27026619995,0.08735477179288864,R,1
20.497486114501953,59022.3401389001,0.1584096997976303,g,1
19.255992889404297,59023.31072920003,0.09443926066160202,R,1
20.52400016784668,59023.317465300206,0.2322620004415512,g,1
19.21625518798828,59024.25546299992,0.10701603442430496,R,1
20.690500259399414,59025.31622690009,0.2946589887142181,g,1
19.612611770629886,59028.252488399856,0.13560925424098969,R,1
20.870899200439453,59028.35718750022,0.28103700280189514,g,1
19.81220245361328,59038.3523610998,0.18985942006111145,R,1
21.080799102783203,59045.27098379983,0.290120005607605,g,1
20.380189895629886,59053.31185190008,0.20584307610988614,R,1
