ant_mag,ant_mjd,ant_magerr,ant_passband,ant_survey
20.57390022277832,59317.33318290021,0.26409000158309937,R,1
18.949012756347656,59323.27461809991,0.0997101441025734,g,1
18.82737922668457,59325.27482639997,0.10685859620571136,R,1
18.61421775817871,59325.34892359981,0.09613143652677536,g,1
18.558818817138672,59329.26909720013,0.10567480325698853,R,1
18.441354751586914,59335.252453700174,0.07652909308671951,g,1
18.556297302246094,59338.25431710017,0.07604144513607025,R,1
18.594377517700195,59338.31949070003,0.07685969024896623,g,1
18.70108985900879,59340.29819440004,0.07283519208431244,R,1
18.72272109985352,59340.370752300136,0.08988125622272491,g,1
18.75847053527832,59342.30067129992,0.08592252433300017,R,1
19.011213302612305,59344.298148099806,0.07229839265346527,g,1
19.022106170654297,59346.30040509999,0.10131619870662688,R,1
19.37269592285156,59348.25446760002,0.09703171253204346,g,1
19.184675216674805,59354.213680599816,0.1486860066652298,R,1
19.66950035095215,59354.32405090006,0.2693060040473938,g,1
19.54638671875,59361.215844899874,0.12938760221004486,R,1
20.84440040588379,59363.23440970015,0.28547200560569763,g,1
19.57353973388672,59363.32211809978,0.14517569541931152,R,1
20.770700454711914,59371.1943171001,0.2427199929952621,g,1
20.399036407470703,59377.224224499885,0.1865103393793106,R,1
