time,mag,magerr,band
59145.18189809984,19.629653930664062,0.1608527302742004,R
59145.27398149995,19.65245056152344,0.1199555322527885,g
59152.20806710003,18.813926696777344,0.1207086071372032,R
59152.26884259982,18.75033187866211,0.1589987277984619,g
59154.17005789978,18.804595947265625,0.105565033853054,R
59158.19312500022,18.756074905395508,0.0989978909492492,g
59164.17293980019,19.208799362182617,0.2290839999914169,R
59164.23268519994,19.16819953918457,0.1984180063009262,g
59179.10785879986,19.348604202270508,0.1622828245162964,R
