time,mag,magerr,band
58876.349976900034,19.49860000610352,0.1287740021944046,R
58883.45980319986,18.59819984436035,0.0948389992117881,g
58883.50223380001,18.69379997253418,0.1411499977111816,R
58887.42306709988,18.64739990234375,0.1355379968881607,g
58892.33251160011,18.899200439453125,0.1180270016193389,R
58895.3818171001,19.25480079650879,0.1014579981565475,g
58899.3349768999,19.243000030517575,0.1093539968132972,R
58899.37672450021,19.671199798583984,0.155688002705574,g
58901.380613400135,19.294145584106445,0.1391847431659698,R
