ant_mag,ant_mjd,ant_magerr,ant_passband,ant_survey
20.52510070800781,59108.4978588,0.3678149878978729,R,1
19.997583389282227,59111.386585600216,0.1964828670024872,g,1
19.34368896484375,59116.4254977,0.11735828220844267,R,1
19.383533477783203,59116.51484949981,0.11502601206302646,g,1
19.336639404296875,59117.41050929995,0.11105922609567642,R,1
19.40606689453125,59118.492800899774,0.11317342519760132,g,1
19.25941276550293,59119.47109950008,0.10171612352132796,R,1
19.310958862304688,59120.47209489998,0.0980047732591629,g,1
19.20931625366211,59120.504213000175,0.1063924878835678,R,1
19.32899284362793,59121.40900459979,0.1760653406381607,g,1
19.16550064086914,59121.46840280014,0.09404200315475464,R,1
19.27239990234375,59122.41496529988,0.229421004652977,g,1
19.095075607299805,59123.37175930013,0.1823760122060776,R,1
19.300987243652344,59123.40957179992,0.1890918463468552,g,1
18.96445655822754,59124.34577549994,0.17435580492019653,R,1
19.34480094909668,59125.428449099876,0.18964999914169312,g,1
18.91362190246582,59126.40942130005,0.12164390832185745,R,1
19.334306716918945,59129.45016200003,0.12976013123989105,g,1
19.228111267089844,59129.487743100144,0.10247259587049484,R,1
19.45400047302246,59131.35575230001,0.2908349931240082,g,1
19.51348876953125,59135.41196760022,0.10771553963422777,R,1
19.72885513305664,59135.435949100174,0.10623886436223984,g,1
19.532997131347656,59137.39188659983,0.16095088422298431,R,1
20.364200592041016,59139.43399310019,0.2551319897174835,g,1
19.77359962463379,59141.3900462999,0.2797229886054993,R,1
20.915700912475586,59143.426643500105,0.20285500586032867,g,1
19.798065185546875,59145.38579860004,0.12960201501846313,R,1
20.71929931640625,59145.446678199805,0.22633300721645355,g,1
19.842456817626953,59153.473784700036,0.18452264368534088,R,1
