ant_mag,ant_mjd,ant_magerr,ant_passband,ant_survey
20.30870056152344,59193.442580999814,0.1720149964094162,g,1
18.862199783325195,59198.47074070013,0.09347300231456757,R,1
18.66579246520996,59198.510266200174,0.06875056028366089,g,1
18.538589477539066,59200.51252309977,0.12185177206993104,R,1
17.985708236694336,59203.40642359993,0.05600404366850853,g,1
17.97319984436035,59210.43108800008,0.4036479890346527,R,1
18.202199935913086,59218.36702550016,0.05959900096058845,g,1
18.41574478149414,59220.42964120022,0.18154482543468475,R,1
18.48979949951172,59222.4071411998,0.04650700092315674,g,1
18.47124671936035,59222.474444400046,0.0805356577038765,R,1
18.651681900024414,59224.45180559997,0.08455485850572586,g,1
18.58957862854004,59224.49377309997,0.081024669110775,R,1
18.84181785583496,59226.45515049994,0.0614754892885685,g,1
18.609468460083008,59226.491388900205,0.08373288810253142,R,1
19.04599952697754,59228.4337847,0.06725800037384032,g,1
18.752479553222656,59232.41420139978,0.06437136232852936,R,1
19.47479820251465,59232.43248840003,0.09129323810338974,g,1
19.68919944763184,59253.34855319979,0.14264099299907684,R,1
20.8533992767334,59257.357175900135,0.2956709861755371,g,1
20.05900001525879,59262.24166670023,0.2314260005950928,R,1
20.64094352722168,59262.3217823999,0.1967449188232422,g,1
20.086448669433594,59264.30317129986,0.16730809211730954,R,1
