ant_mag,ant_mjd,ant_magerr,ant_passband,ant_survey
20.384700775146484,59292.331481500056,0.2784099876880646,g,1
19.20738410949707,59297.291423600174,0.1552511304616928,R,1
18.82879447937012,59304.26850689994,0.1546875387430191,g,1
19.154600143432614,59304.320995400194,0.23439200222492215,R,1
19.026199340820312,59307.31408559997,0.09027399867773056,g,1
18.97828483581543,59309.291597200085,0.10183078050613403,R,1
19.328800201416016,59315.2942476999,0.2366690039634705,g,1
19.53244972229004,59325.273854199804,0.21281172335147855,R,1
