ant_mag,ant_mjd,ant_magerr,ant_passband,ant_survey
19.23632049560547,59096.2781134001,0.17019803822040558,R,1
18.82266616821289,59111.14519680013,0.07830855250358583,g,1
18.74235725402832,59115.16291669988,0.09161410480737686,R,1
19.055538177490234,59115.200625000056,0.09464693814516068,g,1
18.690168380737305,59116.19252309995,0.07132184505462646,R,1
19.184783935546875,59116.22274310003,0.10632393509149553,g,1
18.789609909057614,59117.12864580005,0.07558902353048325,R,1
19.26000022888184,59118.20307870022,0.15641599893569946,g,1
18.9641170501709,59119.16343750013,0.09908276051282884,R,1
19.415302276611328,59119.19695599983,0.14980246126651764,g,1
19.0357723236084,59120.20457179983,0.17830890417099,R,1
20.0044002532959,59125.17468750012,0.29845601320266724,g,1
19.256664276123047,59129.123958299875,0.09974589198827744,R,1
20.835399627685547,59135.11947919987,0.3104389905929565,g,1
19.486215591430664,59137.119722200085,0.15245912969112396,R,1
