ant_mag,ant_mjd,ant_magerr,ant_passband,ant_survey
19.963699340820312,59158.22891200008,0.2395839989185333,R,1
18.66119956970215,59164.25238429987,0.2475980073213577,g,1
18.911359786987305,59164.275775500115,0.1884000450372696,R,1
18.505760192871094,59165.16900460003,0.07380804419517517,g,1
18.57307243347168,59167.24870370002,0.10874605178833008,R,1
18.35337257385254,59168.18947920018,0.0931263342499733,g,1
18.573171615600586,59168.27408559992,0.0740160197019577,R,1
18.298131942749023,59170.18981479992,0.07618934661149979,g,1
18.49661445617676,59172.14731479995,0.08187498897314073,R,1
18.82016944885254,59184.16842589992,0.15104010701179504,g,1
19.09490394592285,59184.24652779987,0.1801566332578659,R,1
18.846900939941406,59186.18629630003,0.2595300078392029,g,1
19.37994766235352,59202.12796299997,0.16647058725357056,R,1
