ant_mag,ant_mjd,ant_magerr,ant_passband,ant_survey
19.39889907836914,59123.41877309977,0.2312899976968765,g,1
19.395099639892575,59124.3666087999,0.23733800649642944,R,1
19.01167297363281,59134.41645829986,0.09621349722146988,g,1
18.97450256347656,59134.439907399945,0.08382327854633331,R,1
19.197263717651367,59136.420636599876,0.08924486488103868,g,1
19.220338821411133,59139.363588000175,0.120362751185894,R,1
19.341815948486328,59141.419803199824,0.10732129216194153,g,1
19.329893112182614,59143.35152779985,0.10581238567829132,R,1
19.496694564819336,59143.39898149995,0.1112535446882248,g,1
19.480464935302734,59145.36927080015,0.10096614807844162,R,1
19.705400466918945,59145.40386570013,0.10978200286626816,g,1
20.329965591430664,59165.33667819993,0.18634682893753046,R,1
