ant_mag,ant_mjd,ant_magerr,ant_passband,ant_survey
19.585599899291992,58885.440231500186,0.32476899027824396,g,1
19.55279922485352,58885.48643520009,0.3033890128135681,R,1
18.92989921569824,58888.27371530003,0.2994480133056641,g,1
18.37430000305176,58892.314606499865,0.10187800228595734,R,1
18.068199157714844,58895.380891200155,0.07098499685525894,g,1
18.144500732421875,58898.35531250015,0.07308100163936615,R,1
18.07469940185547,58898.37734950008,0.05799100175499916,g,1
18.3966007232666,58904.24969909992,0.08790700137615204,R,1
18.862300872802734,58911.35760420003,0.13660399615764618,g,1
18.72491836547852,58912.4000116,0.12428849935531615,R,1
19.416900634765625,58915.23291670019,0.3002359867095947,g,1
18.99337387084961,58915.37537040003,0.1733926087617874,R,1
