ant_mag,ant_mjd,ant_magerr,ant_passband,ant_survey
18.93610191345215,59334.24253469986,0.08511310815811157,g,1
18.798673629760746,59334.36158559984,0.1120115891098976,R,1
18.84429931640625,59336.287534699775,0.11242599785327913,g,1
18.6842041015625,59339.33092590003,0.11406443268060686,R,1
18.836977005004886,59339.371631899856,0.07728051394224167,g,1
18.66779327392578,59341.286898099825,0.08017020672559738,R,1
18.99942779541016,59343.28256940004,0.10728337615728377,g,1
18.71044158935547,59345.332361099776,0.118257038295269,R,1
19.412166595458984,59349.367615699775,0.1181100383400917,g,1
19.21719741821289,59352.30298609985,0.11748657375574112,R,1
