ant_mag,ant_mjd,ant_magerr,ant_passband,ant_survey
19.872920989990234,59130.2927778,0.20527362823486328,R,1
19.08015251159668,59134.272164400194,0.13854244351387024,g,1
19.073299407958984,59135.25202549994,0.11758600175380708,R,1
18.97559928894043,59137.25118059991,0.19372199475765228,g,1
19.108551025390625,59137.335138900205,0.1254178285598755,R,1
19.01203155517578,59138.25204859999,0.16858291625976562,g,1
19.02490997314453,59139.271909699775,0.09671910107135773,R,1
18.946273803710934,59141.306504600216,0.0992325320839882,g,1
18.98573303222656,59143.315856500056,0.10237916558980943,R,1
19.12732696533203,59145.27253470012,0.11287377774715425,g,1
19.47249984741211,59151.23137729988,0.2559579908847809,R,1
19.2317008972168,59151.251631900195,0.2633669972419739,g,1
19.15699958801269,59152.209571800195,0.2491949945688248,R,1
19.401500701904297,59153.23067130009,0.2906379997730255,g,1
19.334299087524414,59164.275775500115,0.35401400923728943,R,1
20.759899139404297,59165.18868059991,0.3490549921989441,g,1
19.511699676513672,59167.24870370002,0.2342849969863892,R,1
20.503400802612305,59168.18947920018,0.2915090024471283,g,1
19.796470642089844,59168.27362270001,0.20171259343624115,R,1
