ant_mag,ant_mjd,ant_magerr,ant_passband,ant_survey
18.25701332092285,59073.397963,0.06833727657794952,g,1
18.001697540283203,59076.417650499854,0.049535337835550315,R,1
17.885669708251953,59076.46010420006,0.06073043495416641,g,1
17.8607177734375,59081.41797449999,0.05165132135152817,R,1
17.930191040039062,59085.411643499974,0.05436455458402634,g,1
17.993274688720703,59088.39675930003,0.05664917454123498,R,1
18.45267105102539,59092.39034719997,0.11436215788125992,g,1
18.605899810791016,59099.33621530003,0.10059399902820587,R,1
19.130300521850586,59099.3947222,0.18018600344657895,g,1
18.84369659423828,59107.30969909997,0.13408152759075165,R,1
20.08309936523437,59110.33577550016,0.26697200536727905,g,1
19.342119216918945,59113.350127299775,0.10266584903001784,R,1
20.50200080871582,59113.38677080022,0.2476900070905685,g,1
19.35677528381348,59114.307719899814,0.14275038242340088,R,1
20.57939910888672,59114.33684029988,0.25047698616981506,g,1
19.560800552368164,59115.3365162001,0.16448430716991425,R,1
20.494800567626953,59115.42351849983,0.25227999687194824,g,1
19.452600479125977,59116.416365699835,0.105095736682415,R,1
20.705900192260746,59117.333773099825,0.26580798625946045,g,1
19.941329956054688,59136.31091440003,0.21452337503433228,R,1
