time,mag,magerr,band
58850.48406249983,17.874900817871094,0.0612309984862804,R
58873.39982639998,19.54199981689453,0.179965004324913,g
58873.50598380016,18.642200469970703,0.0830089971423149,R
58876.5061805998,19.850000381469727,0.1414500027894973,g
58886.538263900205,19.23349952697754,0.1303630024194717,R
58894.373981500044,20.49399948120117,0.2787860035896301,g
58901.38152780011,20.01396751403809,0.1635696589946746,R
