ant_mag,ant_mjd,ant_magerr,ant_passband,ant_survey
19.231996536254886,59248.16761570005,0.11829114705324173,R,1
18.849199295043945,59249.21065969997,0.22351500391960144,g,1
18.660005569458008,59251.21060189977,0.06889497488737106,R,1
18.308368682861328,59253.20431709987,0.08892695605754852,g,1
18.421436309814453,59253.27478010021,0.06869053840637207,R,1
18.173234939575195,59255.20200229995,0.09303265064954758,g,1
18.27690887451172,59257.189861100174,0.058873251080513,R,1
18.178030014038086,59262.165161999874,0.09352795034646988,g,1
18.38472557067871,59264.203229200095,0.070134237408638,R,1
18.4754695892334,59266.18285880005,0.2008020132780075,g,1
18.425945281982425,59266.215312500026,0.15555337071418762,R,1
18.579669952392575,59268.147986100055,0.12048868089914322,g,1
18.70296859741211,59270.146886600174,0.10582927614450456,R,1
18.797475814819336,59270.18915509991,0.19755898416042328,g,1
18.82881164550781,59279.13839119999,0.11187176406383514,R,1
