ant_mag,ant_mjd,ant_magerr,ant_passband,ant_survey
18.56876945495605,59248.38700230001,0.0758940801024437,R,1
18.488733291625977,59248.415069399874,0.08285672217607498,g,1
18.536821365356445,59250.33784720022,0.07581990957260132,R,1
18.506196975708008,59250.371458299924,0.10448776185512544,g,1
18.623409271240234,59252.298819399904,0.07497549057006836,R,1
18.71867561340332,59254.29813659983,0.07189444452524185,g,1
18.71197509765625,59254.38087960008,0.07905048131942749,R,1
18.851688385009766,59256.336134300094,0.07978726923465729,g,1
18.770591735839844,59256.380324100144,0.07061818987131119,R,1
18.962453842163086,59258.371157399844,0.10157109797000884,g,1
19.09284210205078,59262.250150499865,0.1375543475151062,R,1
19.37251281738281,59262.32934030006,0.10528574138879776,g,1
19.31245422363281,59264.29362270003,0.153052419424057,R,1
19.643579483032227,59266.2786921002,0.2160499393939972,g,1
20.176610946655273,59291.23646989978,0.18385963141918185,R,1
