ant_mag,ant_mjd,ant_magerr,ant_passband,ant_survey
18.144399642944336,59005.22716439982,0.07645300030708313,g,1
17.220800399780273,59008.317592599895,0.05277400091290474,R,1
16.989799499511722,59009.2701388998,0.0359559990465641,g,1
16.745800018310547,59011.25600690022,0.044339999556541436,R,1
16.71109962463379,59011.275960599996,0.045805998146533966,g,1
16.543800354003903,59014.2525578998,0.03483700007200241,R,1
16.479400634765625,59014.33915509983,0.0275420006364584,g,1
16.453699111938473,59017.25703699981,0.03646999970078468,R,1
16.425430297851562,59020.22187499981,0.029403509572148327,g,1
16.523138046264652,59023.19608800019,0.04114294424653053,R,1
16.544300079345707,59023.236828700174,0.037196259945631034,g,1
16.585790634155273,59024.246342599865,0.05409419909119606,R,1
16.743274688720707,59026.24883100018,0.03749727085232735,g,1
16.45669937133789,59026.25594910002,0.06898699700832367,R,1
16.77034568786621,59027.22865739978,0.03645801171660423,g,1
17.08531379699707,59032.247824099846,0.04115839675068855,R,1
17.314672470092773,59032.36170140003,0.05596088990569115,g,1
17.16661262512207,59038.211747699876,0.042418476194143295,R,1
18.12425422668457,59041.211203699924,0.04673932492733002,g,1
17.224733352661133,59041.231643499814,0.03779023140668869,R,1
18.48248672485352,59044.19454859988,0.060567885637283325,g,1
17.466556549072266,59047.2134027998,0.05719950795173645,R,1
19.0137996673584,59053.190856500056,0.08672264218330382,g,1
18.336132049560547,59063.18549769978,0.09633175283670424,R,1
19.282440185546875,59063.23140050005,0.18430283665657046,g,1
18.43917465209961,59067.185023100115,0.07890117168426514,R,1
19.38970184326172,59067.1943518999,0.1281062513589859,g,1
18.53529167175293,59070.19615740003,0.09565352648496628,R,1
