ant_mag,ant_mjd,ant_magerr,ant_passband,ant_survey
19.526500701904297,58855.347963000175,0.2947539985179901,R,1
20.033199310302734,58866.40914350003,0.1991329938173294,g,1
19.542800903320312,58867.36403940013,0.1514279991388321,R,1
18.86680030822754,58871.225289400194,0.11977100372314453,g,1
18.72719955444336,58871.3217823999,0.10037700086832048,R,1
18.736900329589844,58872.24297450018,0.08717499673366548,g,1
18.5669002532959,58873.30069439997,0.07740399986505507,R,1
18.52440071105957,58873.372592600055,0.0737840011715889,g,1
18.373199462890625,58874.32431709999,0.07884400337934494,R,1
18.519800186157227,58874.36888890015,0.06905599683523178,g,1
18.505300521850586,58875.25387729983,0.08906599879264833,R,1
18.571399688720703,58876.242800899774,0.08878599852323532,g,1
18.40999984741211,58876.32758100005,0.06963899731636047,R,1
18.608600616455078,58877.24387730006,0.10333500057458878,g,1
18.26580047607422,58877.31770829996,0.09938400238752364,R,1
18.61720085144043,58878.267800900154,0.14946000277996066,g,1
18.36840057373047,58878.330694399774,0.08760900050401688,R,1
18.680400848388672,58879.259363399826,0.12776200473308566,g,1
18.416500091552734,58879.31645830022,0.10938899964094162,R,1
18.89539909362793,58880.265914400115,0.11426900327205658,g,1
18.54450035095215,58880.325786999885,0.10947900265455246,R,1
18.85409927368164,58881.243622700225,0.12053299695253372,g,1
18.67340087890625,58883.279467599925,0.11095000058412552,R,1
19.339500427246094,58883.427268499974,0.13585899770259854,g,1
18.57620048522949,58884.24219910009,0.13574300706386566,R,1
19.5314998626709,58884.30137730017,0.1858920007944107,g,1
18.8075008392334,58885.2410300998,0.14080899953842166,R,1
19.67230033874512,58886.24076389987,0.24282099306583405,g,1
19.2278995513916,58892.277268500075,0.1382330060005188,R,1
20.24959945678711,58893.22004629998,0.2834619879722595,g,1
19.32666015625,58894.23626160016,0.12745840847492218,R,1
