ant_mag,ant_mjd,ant_magerr,ant_passband,ant_survey
19.981300354003906,58966.44267359981,0.13502000272274015,g,1
19.739500045776367,58967.40906250012,0.16123299300670624,R,1
19.719200134277344,58967.451053199824,0.12544900178909302,g,1
19.46910095214844,58968.429004599806,0.09550900012254716,R,1
19.46489906311035,58968.44913189997,0.13195699453353882,g,1
19.176300048828125,58970.40703700018,0.09514400362968443,R,1
19.093599319458008,58970.457280099865,0.08230400085449219,g,1
18.997716903686523,58971.409733800225,0.08644939213991165,R,1
18.94992446899414,58971.454502299894,0.0989350825548172,g,1
18.94379997253418,58972.42480320018,0.09606999903917313,R,1
18.914400100708008,58972.46962960018,0.09063699841499327,g,1
18.798999786376953,58973.348784700036,0.10069499909877776,R,1
18.82360076904297,58973.47228009999,0.07008399814367294,g,1
18.8435001373291,58974.351249999825,0.1274529993534088,R,1
18.738000869750977,58975.29930560011,0.1260409951210022,g,1
18.785999298095703,58976.341805600096,0.13297399878501892,R,1
18.830299377441406,58976.465902800206,0.12901799380779266,g,1
18.657400131225586,58977.456909699824,0.1033250018954277,R,1
18.90139961242676,58979.274988399826,0.1334950029850006,g,1
18.781400680541992,58979.3493170999,0.08265899866819383,R,1
19.054500579833984,58980.42122690008,0.11697299778461455,g,1
19.088600158691406,58985.40260419994,0.0727899968624115,R,1
19.47909927368164,58985.435277800076,0.1066579967737198,g,1
19.124500274658203,58985.48493060004,0.09510999917984007,R,1
19.705699920654297,58986.40020829997,0.12250199913978575,g,1
19.508699417114254,58991.44813660019,0.0970420017838478,R,1
20.334699630737305,58992.35039350018,0.18550899624824524,g,1
19.287599563598636,58992.42518519983,0.09240200370550156,R,1
20.58180046081543,58994.40026619983,0.31131601333618164,g,1
19.76289939880371,58996.30324070017,0.13348199427127838,R,1
20.984100341796875,58997.39252310013,0.24478699266910556,g,1
19.71150016784668,58998.31938660005,0.10902199894189836,R,1
20.939699172973636,58998.370775499854,0.3088609874248505,g,1
19.98987579345703,59001.434976900004,0.13701912760734558,R,1
