ant_mag,ant_mjd,ant_magerr,ant_passband,ant_survey
18.991600036621094,58894.501921299845,0.12088800221681595,R,1
18.67230033874512,58898.439062499914,0.07007700204849243,g,1
18.739999771118164,58898.50350689981,0.11108999699354173,R,1
18.74410057067871,58904.44050930021,0.10045599937438963,g,1
18.68779945373535,58904.49831019994,0.105833001434803,R,1
18.87150001525879,58908.353784699924,0.08860299736261368,g,1
18.90250015258789,58908.47894679987,0.07422199845314026,R,1
19.18560028076172,58911.43712959997,0.1518850028514862,g,1
19.18863868713379,58914.50439810008,0.15077456831932068,R,1
