ant_mag,ant_mjd,ant_magerr,ant_passband,ant_survey
18.40920639038086,59203.40642359993,0.07690251618623734,g,1
18.68708610534668,59203.48811340006,0.09176326543092728,R,1
17.87555503845215,59205.42406249978,0.04546847566962242,g,1
17.081361770629886,59216.40946759983,0.09734109044075012,R,1
17.011722564697266,59218.36702550016,0.034284859895706184,g,1
17.154754638671875,59220.42964120022,0.09473538398742676,R,1
17.137561798095707,59222.4071411998,0.0346616730093956,g,1
17.125371932983402,59222.474444400046,0.04359011352062225,R,1
17.224014282226562,59224.45180559997,0.051093671470880515,g,1
17.299409866333008,59224.49377309997,0.04454035684466362,R,1
17.337541580200195,59226.45515049994,0.03733167052268982,g,1
17.415088653564453,59226.491388900205,0.048645831644535065,R,1
17.511499404907227,59228.4337847,0.03673899918794632,g,1
17.73565673828125,59232.41420139978,0.0637669488787651,R,1
18.912399291992188,59249.28618060006,0.2467170059680939,g,1
18.360971450805664,59249.392407400075,0.07375530898571014,R,1
19.5722713470459,59251.414537,0.1264723241329193,g,1
18.74411964416504,59253.34855319979,0.06843584775924683,R,1
19.77431297302246,59257.357175900135,0.140341117978096,g,1
18.76227569580078,59262.24166670023,0.11704204231500626,R,1
19.82936668395996,59262.3217823999,0.1279897540807724,g,1
18.91226577758789,59264.30317129986,0.09033004939556122,R,1
19.750600814819336,59266.310428199824,0.2271919995546341,g,1
19.02644920349121,59266.37005789997,0.13662783801555636,R,1
19.97711563110352,59276.2378934999,0.1809009462594986,g,1
19.44503593444824,59276.30378470012,0.14007852971553802,R,1
20.00149917602539,59280.24469910003,0.14934900403022766,g,1
19.4025993347168,59280.277893499944,0.13397499918937686,R,1
20.62309455871582,59348.24354169984,0.17867454886436462,g,1
