ant_mag,ant_mjd,ant_magerr,ant_passband,ant_survey
19.68850898742676,59062.49469910003,0.1758638620376587,R,1
19.022085189819336,59066.430358800106,0.1303088515996933,g,1
18.872404098510746,59066.48844909994,0.09718851745128633,R,1
18.835315704345703,59069.39126159996,0.09764041751623154,g,1
18.507652282714844,59069.46528939996,0.061401024460792535,R,1
18.42273712158203,59076.505474499885,0.10293741524219513,g,1
18.16189956665039,59079.44412040013,0.20730699598789212,R,1
18.639488220214844,59080.47001159983,0.07032400369644165,g,1
18.2907829284668,59081.45152779994,0.056293785572052,R,1
18.775318145751953,59082.44474539999,0.11067638546228407,g,1
18.380844116210934,59083.468634299934,0.07456736266613008,R,1
18.89470863342285,59084.467893499874,0.0762537345290184,g,1
18.41251373291016,59084.50180559978,0.055719461292028434,R,1
18.950254440307614,59085.453125,0.09539199620485306,g,1
18.542051315307614,59086.44163190015,0.05727601423859596,R,1
19.0666618347168,59087.493796300136,0.08701957762241364,g,1
18.69860076904297,59088.427615699824,0.0736500471830368,R,1
19.113983154296875,59088.5066550998,0.0968061313033104,g,1
18.768829345703125,59089.46550930013,0.07867300510406494,R,1
19.296541213989254,59090.39300929987,0.10448276251554488,g,1
18.773479461669922,59090.47640050016,0.08252467960119247,R,1
19.37638092041016,59091.392696800176,0.12974800169467926,g,1
18.88418197631836,59091.478344900075,0.08508771657943726,R,1
19.703861236572266,59093.47861109999,0.16127483546733856,g,1
19.040014266967773,59096.3506713002,0.11154502630233763,R,1
19.998594284057614,59096.4696411998,0.2077021598815918,g,1
20.393962860107425,59139.37479169992,0.207258015871048,R,1
