ant_mag,ant_mjd,ant_magerr,ant_passband,ant_survey
21.16309928894043,58970.46748840017,0.4093219935894013,g,1
20.589000701904297,58971.40925930021,0.26571598649024963,R,1
21.057199478149414,58971.45164350001,0.3274950087070465,g,1
20.178300857543945,58973.363159699824,0.2670159935951233,R,1
20.033899307250977,58973.47228009999,0.16635100543498993,g,1
19.97669982910156,58974.351249999825,0.23833100497722626,R,1
19.623300552368164,58975.29930560011,0.3066369891166687,g,1
19.60689926147461,58976.37033559987,0.2476010024547577,R,1
19.208799362182614,58977.388263899826,0.2556079924106598,g,1
19.333999633789066,58977.46493060003,0.3004199862480164,R,1
18.90329933166504,58978.43454860012,0.16339099407196045,g,1
19.156099319458008,58979.3493170999,0.13534699380397794,R,1
18.909500122070312,58980.423125000205,0.12433400005102158,g,1
19.00149917602539,58980.467881899785,0.14614200592041016,R,1
19.016300201416016,58981.32422449999,0.1468849927186966,g,1
18.922100067138672,58985.40642359993,0.09640199691057204,R,1
18.932899475097656,58985.43621530012,0.1035050004720688,g,1
18.996299743652344,58985.48493060004,0.09850999712944032,R,1
18.922199249267575,58986.40302080009,0.09833700209856032,g,1
18.98600006103516,58987.36431710003,0.08545199781656265,R,1
19.519899368286133,58991.41590279992,0.12989400327205658,g,1
19.14349937438965,58991.44910879992,0.10797899961471558,R,1
19.67490005493164,58992.34596059984,0.1615619957447052,g,1
19.25379943847656,58992.42612269986,0.14294900000095367,R,1
20.177000045776367,58995.340115699924,0.18585899472236636,g,1
19.55069923400879,58996.30324070017,0.12846499681472778,R,1
20.150400161743164,58996.32615739992,0.16042500734329224,g,1
19.403200149536133,58996.476099499974,0.13399800658226013,R,1
20.296199798583984,58997.41206019978,0.20185700058937076,g,1
19.556100845336914,58999.347777800176,0.15858900547027588,R,1
20.675100326538086,59000.3043056,0.4300310015678406,g,1
19.529699325561523,59000.38247689977,0.21561700105667114,R,1
20.497600555419922,59001.412789400194,0.2914699912071228,g,1
20.4366455078125,59014.26488430007,0.19129066169261927,R,1
