ant_mag,ant_mjd,ant_magerr,ant_passband,ant_survey
19.3272762298584,59176.48869210017,0.0909634456038475,g,1
19.586740493774414,59176.5291088,0.13530610501766205,R,1
19.16549491882324,59178.48266200023,0.09591460973024367,g,1
19.048831939697266,59182.475324099876,0.1285281777381897,R,1
19.399999618530273,59193.42006940022,0.0937490016222,g,1
19.234619140625,59193.484826399945,0.1037021055817604,R,1
19.835567474365234,59198.373391199864,0.13804717361927032,g,1
19.47860336303711,59200.38090279978,0.13755768537521362,R,1
20.3532657623291,59203.37518520001,0.19364723563194275,g,1
