ant_mag,ant_mjd,ant_magerr,ant_passband,ant_survey
20.00224494934082,59400.19373840001,0.16864700615406036,R,1
