ant_mag,ant_mjd,ant_magerr,ant_passband,ant_survey
19.619400024414066,59297.309097200174,0.3261510133743286,g,1
19.281082153320312,59301.414756900165,0.1960214078426361,R,1
18.969629287719727,59303.373437500086,0.13631455600261688,g,1
19.07525634765625,59303.45280090022,0.1253008395433426,R,1
18.877700805664066,59306.34736109991,0.10350699722766876,g,1
18.911699295043945,59306.46937499987,0.10003799945116043,R,1
18.829973220825195,59308.385810200125,0.07464656978845596,g,1
18.98423957824707,59308.435161999885,0.0932718813419342,R,1
18.98956680297852,59312.349143499974,0.07786445319652557,g,1
18.943159103393555,59312.4066319,0.10261216759681703,R,1
19.116008758544922,59314.40824070013,0.08709782361984253,g,1
19.02321052551269,59314.45236109988,0.08602037280797957,R,1
19.26994514465332,59316.36722220015,0.08832629770040512,g,1
19.286779403686523,59319.396365699824,0.14172428846359253,R,1
19.414596557617188,59319.426261600114,0.11116547137498856,g,1
19.43959617614746,59322.30541669997,0.13997183740139008,R,1
19.723360061645508,59322.348506900016,0.12261732667684555,g,1
19.44510078430176,59324.279895800166,0.16079500317573547,R,1
19.831132888793945,59324.39134259988,0.15326015651226044,g,1
19.931215286254886,59336.34540509991,0.1648978292942047,R,1
