ant_mag,ant_mjd,ant_magerr,ant_passband,ant_survey
19.159900665283203,58883.45980319986,0.15536999702453613,g,1
19.26580047607422,58883.50223380001,0.28999799489974976,R,1
18.6879997253418,58887.42306709987,0.14047899842262268,g,1
18.92410087585449,58892.332511600114,0.17556799948215485,R,1
18.95949935913086,58895.3818171001,0.10503900051116943,g,1
19.09939956665039,58899.3349768999,0.10325299948453903,R,1
19.29080009460449,58899.37672450022,0.1439639925956726,g,1
19.15570068359375,58901.380613400135,0.15433800220489502,R,1
19.737499237060547,58903.355509299785,0.18782299757003784,g,1
19.362300872802734,58903.37699070013,0.18528300523757932,R,1
19.87879943847656,58906.35453699995,0.22851699590682986,g,1
19.698400497436523,58911.24998839991,0.34748899936676025,R,1
20.34819984436035,58912.272997700136,0.32175400853157043,g,1
19.452125549316406,58915.37686339999,0.20340336859226227,R,1
