ant_mag,ant_mjd,ant_magerr,ant_passband,ant_survey
18.67584609985352,59106.17184029985,0.11481554061174393,g,1
18.7623291015625,59107.14228009991,0.11402693390846252,R,1
18.570701599121094,59108.299363399856,0.10408052057027817,g,1
18.57296371459961,59109.149999999914,0.07472255080938339,R,1
18.37931251525879,59110.15935190023,0.07018318772315979,g,1
18.459375381469727,59110.24140049982,0.09752823412418364,R,1
18.3439998626709,59111.14232640015,0.06693600118160248,g,1
18.445358276367188,59111.2409374998,0.08119019120931625,R,1
18.29730224609375,59112.158368099954,0.0539526529610157,g,1
18.4356746673584,59113.153830999974,0.06470029056072235,R,1
18.31888771057129,59113.186886600226,0.07855235785245895,g,1
18.41423988342285,59114.17680560006,0.07959052175283432,R,1
18.331899642944336,59114.21791670006,0.0649089440703392,g,1
18.44950294494629,59115.157233799815,0.05710940808057785,R,1
18.31890106201172,59115.21031250013,0.07785924524068832,g,1
18.374515533447266,59116.20093750022,0.0754898339509964,R,1
18.349123001098636,59116.27975689992,0.06979314982891083,g,1
18.48965835571289,59117.137187500026,0.0631200298666954,R,1
18.348064422607425,59118.198877300136,0.07065732777118683,g,1
18.48301887512207,59119.1531134001,0.07050009816884995,R,1
18.438871383666992,59119.21001160005,0.07318336516618729,g,1
18.476531982421875,59120.19846059987,0.06970669329166412,R,1
18.581043243408203,59123.119259300176,0.09592805802822113,g,1
18.58745765686035,59123.26197919994,0.12099932879209517,R,1
18.86989974975586,59125.198796300225,0.10935600101947784,g,1
18.874290466308594,59127.10357639985,0.10992183536291122,R,1
19.200946807861328,59131.17950229999,0.10341117531061172,g,1
19.275711059570312,59135.17667819979,0.1211763471364975,R,1
19.51835060119629,59135.22126160003,0.1523893177509308,g,1
19.2325382232666,59137.19695599983,0.1289396584033966,R,1
19.87350082397461,59137.21929399995,0.20782800018787384,g,1
19.2420711517334,59139.136099500116,0.0929134041070938,R,1
19.84709358215332,59139.205613399856,0.16496828198432922,g,1
19.57259178161621,59145.110983800136,0.1286681890487671,R,1
