ant_mag,ant_mjd,ant_magerr,ant_passband,ant_survey
18.3773136138916,59291.2828241,0.06178193539381027,g,1
18.09048843383789,59296.37469909992,0.07323846220970154,R,1
19.58639907836914,59300.34728009999,0.3874180018901825,g,1
19.29279327392578,59309.28737269994,0.10714612156152724,R,1
20.64550018310547,59311.28763889987,0.27286601066589355,g,1
19.6077938079834,59313.30984950018,0.12985478341579434,R,1
21.19729995727539,59317.26888890006,0.3077000081539154,g,1
20.134525299072266,59321.307210599996,0.1689119189977646,R,1
