ant_mag,ant_mjd,ant_magerr,ant_passband,ant_survey
20.038700103759766,59150.419351900004,0.35146600008010864,g,1
20.125099182128906,59150.467118099805,0.23647500574588776,R,1
19.291500091552734,59152.37314809999,0.2340629994869232,g,1
19.345373153686523,59153.45031249988,0.15298381447792053,R,1
18.77349853515625,59155.37603010005,0.13548643887043,g,1
18.902877807617188,59156.327395800035,0.14433906972408295,R,1
18.526500701904297,59156.42358799977,0.10452680289745332,g,1
18.520727157592773,59158.379178199924,0.1279686540365219,R,1
18.425827026367188,59158.444872700136,0.08480299264192581,g,1
18.33953094482422,59167.349826400176,0.06923281401395798,R,1
18.432710647583008,59167.41384259983,0.1280740201473236,g,1
18.32121086120605,59168.3349768999,0.08138065040111543,R,1
18.465389251708984,59168.35934029985,0.0921667292714119,g,1
18.352733612060547,59170.39995370014,0.06746497750282288,R,1
18.886816024780273,59176.37200229988,0.08649782836437225,g,1
18.69794464111328,59176.399502300184,0.08126775920391083,R,1
19.07819175720215,59178.400219900075,0.1030297577381134,g,1
19.03945541381836,59188.30118060019,0.1124657616019249,R,1
19.71319961547852,59190.41109950003,0.2431540042161941,g,1
19.65611457824707,59205.22903939989,0.15070800483226776,R,1
