ant_mag,ant_mjd,ant_magerr,ant_passband,ant_survey
17.90695571899414,59354.23997690016,0.05859509110450745,R,1
17.199867248535153,59356.202835599885,0.04021947085857392,g,1
16.830766677856445,59359.220127299894,0.03966938704252243,R,1
16.32041358947754,59362.19363430003,0.03224366530776024,g,1
16.40261459350586,59366.1958912001,0.039496686309576035,R,1
16.132251739501953,59368.1875,0.032572411000728614,g,1
16.354608535766598,59368.21872689994,0.036692626774311066,R,1
16.157781600952152,59370.2243170999,0.03696247935295105,g,1
16.39914894104004,59372.186782400124,0.033480994403362274,R,1
16.197879791259766,59372.20271989983,0.03661423176527023,g,1
16.512714385986328,59375.21850690013,0.030461773276329037,R,1
16.366670608520508,59375.263958300005,0.030952880159020424,g,1
16.649169921875,59377.23895830009,0.037090539932250984,R,1
16.590599060058597,59379.20241900021,0.038935694843530655,g,1
16.80221176147461,59379.22230320005,0.03690048307180405,R,1
17.086614608764652,59385.20085649983,0.04295654594898224,g,1
17.118751525878903,59387.20013889996,0.035761978477239616,R,1
17.627716064453125,59391.20482640015,0.04902501404285431,g,1
17.21742820739746,59393.20041669997,0.041402801871299744,R,1
17.76459312438965,59393.30706019978,0.07964880019426346,g,1
