ant_mag,ant_mjd,ant_magerr,ant_passband,ant_survey
18.73179817199707,59193.419594900224,0.09238515794277193,g,1
18.364599227905273,59195.46510419994,0.16183499991893768,R,1
17.822599411010742,59198.3776273001,0.0465800017118454,g,1
17.992891311645508,59198.42736109997,0.06845992803573607,R,1
17.724687576293945,59200.41350689996,0.060128506273031235,g,1
17.89052963256836,59200.501782400075,0.13204024732112885,R,1
17.604280471801758,59203.3776273001,0.05132538825273514,g,1
17.68228530883789,59203.45414349996,0.059005532413721085,R,1
17.68834686279297,59205.378356500056,0.08148514479398727,g,1
17.603647232055664,59205.447430599954,0.17442478239536285,R,1
17.91729736328125,59210.25368059985,0.0798143818974495,g,1
18.22281265258789,59216.380115699954,0.07980286329984665,R,1
18.78154182434082,59218.337604199995,0.123323455452919,g,1
18.401830673217773,59218.40150459996,0.07880605757236481,R,1
18.992389678955078,59220.341261600144,0.1062760129570961,g,1
18.372291564941406,59222.335520800196,0.06914687901735306,R,1
19.47411155700684,59224.351122700136,0.13408371806144714,g,1
18.755239486694336,59230.277465300176,0.09285907447338104,R,1
20.302188873291016,59232.35905090022,0.20493339002132416,g,1
