ant_mag,ant_mjd,ant_magerr,ant_passband,ant_survey
19.18470573425293,59059.165856500156,0.12296932190656662,R,1
18.97405815124512,59062.19768519978,0.1305033415555954,g,1
18.68352508544922,59063.17847219994,0.10844674706459044,R,1
18.95720863342285,59063.264675899874,0.1312071681022644,g,1
18.585186004638672,59065.17384260008,0.08687509596347809,R,1
18.67182922363281,59066.18696760014,0.08217619359493256,g,1
18.558719635009766,59067.1764814998,0.08716566860675813,R,1
18.685958862304688,59068.1961110998,0.0674850195646286,g,1
18.47645378112793,59068.24047450023,0.06420233100652695,R,1
18.649410247802734,59069.185949100174,0.07460596412420273,g,1
18.569185256958008,59070.198044000186,0.06848154217004776,R,1
18.694299697875977,59070.24629630009,0.10002078860998154,g,1
18.644845962524414,59072.19590280019,0.07152282446622849,R,1
18.78136444091797,59072.24284720003,0.09271463006734848,g,1
18.642637252807614,59073.208773099825,0.08054672181606293,R,1
18.82719612121582,59073.237812499974,0.10342279076576233,g,1
18.681346893310547,59074.1822453998,0.08015493303537369,R,1
18.88774871826172,59074.199432900175,0.10103128850460052,g,1
