ant_mag,ant_mjd,ant_magerr,ant_passband,ant_survey
19.51493263244629,59065.36717589991,0.17937658727169034,R,1
19.257110595703125,59067.41351850005,0.17163045704364774,g,1
19.13117027282715,59068.401493099984,0.14031347632408142,R,1
19.084152221679688,59068.499282400124,0.14524248242378235,g,1
18.99610137939453,59069.43062500004,0.11618558317422867,R,1
18.83769989013672,59072.40075229992,0.12714900076389313,g,1
18.879732131958008,59072.49643519986,0.09240661561489104,R,1
18.874053955078125,59073.38528939989,0.1073874533176422,g,1
18.73975944519043,59073.47944439994,0.0896492674946785,R,1
18.851659774780273,59075.39862270001,0.10940317064523697,g,1
18.602802276611328,59076.40479170019,0.08154735714197159,R,1
18.996000289916992,59076.499826400075,0.12507300078868866,g,1
18.737085342407227,59077.477627300184,0.1082335039973259,R,1
18.933799743652344,59078.39961809991,0.12362200021743774,g,1
18.589353561401367,59079.385266200174,0.07741140574216843,R,1
19.074819564819336,59080.409305599984,0.10601359605789183,g,1
18.65314483642578,59082.50651620002,0.0870678499341011,R,1
19.409500122070312,59085.38288189982,0.1563190072774887,g,1
18.81344985961914,59088.40718750004,0.1081375703215599,R,1
19.723100662231445,59089.33038190008,0.24153199791908264,g,1
18.847461700439453,59091.473159700174,0.09466489404439926,R,1
20.005199432373047,59092.345381900195,0.2454330027103424,g,1
19.80087661743164,59115.31949070003,0.15778081119060516,R,1
