ant_mag,ant_mjd,ant_magerr,ant_passband,ant_survey
19.609554290771484,59150.43474540021,0.19273816049098969,g,1
19.31048011779785,59155.49975690013,0.1214795857667923,R,1
19.168643951416016,59155.507546300076,0.1320188343524933,g,1
19.350555419921875,59156.51236109994,0.14948756992816925,R,1
18.964534759521484,59158.46388889988,0.15072350203990936,g,1
19.07010078430176,59158.5086110998,0.1395850032567978,R,1
19.1868839263916,59165.455613399856,0.11911918967962265,g,1
19.23953056335449,59168.42533560004,0.11240758001804352,R,1
19.447391510009766,59170.4651389001,0.13511884212493894,g,1
19.35027313232422,59170.52327550016,0.10568759590387344,R,1
