ant_mag,ant_mjd,ant_magerr,ant_passband,ant_survey
19.8976993560791,59000.266574100126,0.1616789996623993,g,1
18.747499465942386,59009.205254599925,0.08771499991416931,R,1
18.33880043029785,59017.229294000186,0.04817099869251251,g,1
18.48290061950684,59017.250416699804,0.049045998603105545,R,1
18.41300392150879,59020.208657400224,0.04952224716544151,g,1
18.56067657470703,59020.24748839997,0.04901664704084397,R,1
18.553613662719727,59023.22484950023,0.067951500415802,g,1
18.71109962463379,59026.20346060023,0.07233715802431108,R,1
19.142229080200195,59032.20651620022,0.1467725783586502,g,1
19.149948120117188,59038.2021643999,0.0788019597530365,R,1
19.852575302124023,59041.208402799915,0.1657819002866745,g,1
19.457578659057614,59048.19681710005,0.08645476400852202,R,1
