ant_mag,ant_mjd,ant_magerr,ant_passband,ant_survey
19.130409240722656,59365.404641199864,0.13045355677604675,R,1
17.90823745727539,59370.24306710018,0.047546546906232834,g,1
17.441049575805664,59377.248055600096,0.05100129917263985,R,1
17.347661972045902,59379.308044000056,0.0440024733543396,g,1
17.404220581054688,59379.36921299994,0.043423224240541465,R,1
17.36581039428711,59381.3071527998,0.05588210746645928,g,1
17.376527786254886,59383.20518520009,0.04350237175822258,R,1
17.457351684570312,59383.244594899945,0.0433436781167984,g,1
17.381149291992188,59385.227939799894,0.044547464698553085,R,1
17.78451156616211,59391.223078699775,0.05086129531264305,g,1
17.759206771850586,59391.30571760005,0.0544261634349823,R,1
18.321332931518555,59397.2781134001,0.06482852250337601,g,1
18.05438995361328,59400.21762729995,0.04414049908518791,R,1
18.911975860595703,59402.30857639993,0.08714951574802399,g,1
18.116413116455078,59404.30277779978,0.061971668154001236,R,1
19.076135635375977,59406.200960599825,0.12313640117645265,g,1
18.110933303833008,59406.24776619999,0.06629542261362076,R,1
19.34109115600586,59408.19820600003,0.12473241239786148,g,1
18.16678047180176,59408.23807869991,0.06484416872262955,R,1
19.45545768737793,59410.20097219991,0.1251819133758545,g,1
18.5387020111084,59415.200428199954,0.07102575153112411,R,1
19.609426498413086,59415.26416670019,0.18919089436531067,g,1
18.730104446411133,59419.29605320003,0.17446587979793549,R,1
