ant_mag,ant_mjd,ant_magerr,ant_passband,ant_survey
18.96739959716797,58995.18230320001,0.08130799978971481,g,1
19.220500946044922,58995.24391200022,0.09811100363731384,R,1
18.795299530029297,59001.185428199824,0.1159449964761734,g,1
18.799800872802734,59004.246724499855,0.10004299879074097,R,1
19.01370048522949,59011.208240699954,0.0933469980955124,g,1
18.962799072265625,59011.242500000175,0.11395999789237975,R,1
19.29159927368164,59014.206423600204,0.0979980006814003,g,1
19.148000717163086,59014.22401619983,0.11162500083446504,R,1
19.545799255371094,59017.22209489998,0.13994799554347992,g,1
19.263999938964844,59017.24275460001,0.12442199885845184,R,1
19.88814353942871,59020.205300900154,0.17397700250148773,g,1
19.394229888916016,59023.18547450006,0.1233290433883667,R,1
19.930383682250977,59023.22050930001,0.20046444237232208,g,1
