ant_mag,ant_mjd,ant_magerr,ant_passband,ant_survey
18.7406005859375,58894.355150499854,0.0882750004529953,g,1
18.730600357055664,58894.461365699775,0.08301199972629547,R,1
18.81529998779297,58899.39644679987,0.09427200257778168,g,1
18.639699935913086,58899.439629599925,0.06097999960184097,R,1
19.80069923400879,58912.27251160005,0.2294750064611435,g,1
19.274953842163086,58915.37592589995,0.1573091596364975,R,1
