ant_mag,ant_mjd,ant_magerr,ant_passband,ant_survey
18.609018325805664,59290.37642360013,0.0686928778886795,R,1
18.415077209472656,59292.33101850003,0.0604814775288105,g,1
18.534439086914066,59292.37696760008,0.07323755323886871,R,1
18.49489974975586,59294.27064809995,0.11946900188922882,g,1
18.520244598388672,59297.29189810018,0.10797141492366792,R,1
18.511701583862305,59297.30282410002,0.1313122659921646,g,1
18.49611091613769,59297.37837960013,0.09069428592920303,R,1
18.723751068115234,59300.35622690013,0.1887535005807877,g,1
18.747386932373047,59300.40331020019,0.2007342129945755,R,1
18.6750545501709,59304.27085650014,0.1904384642839432,g,1
18.779123306274414,59305.33630790003,0.11445527523756027,R,1
19.053800582885746,59307.31361109996,0.09825699776411057,g,1
18.957000732421875,59307.45069439989,0.08862099796533585,R,1
19.534299850463867,59311.29187500012,0.2603369951248169,g,1
19.141082763671875,59313.33719909983,0.1025192216038704,R,1
19.72029685974121,59314.380289400004,0.14436140656471252,g,1
19.22369766235352,59316.307534699794,0.1198154240846634,R,1
19.815963745117188,59316.347581000075,0.1456461250782013,g,1
19.19420051574707,59317.316944399856,0.0987820029258728,R,1
19.962900161743164,59319.413807900164,0.2636609971523285,g,1
19.358190536499023,59321.31287040003,0.10981572419404984,R,1
20.188182830810547,59321.35706020008,0.1825149655342102,g,1
19.301876068115234,59324.27025459986,0.15323251485824585,R,1
20.38949966430664,59324.361828700174,0.2460169941186905,g,1
20.433900833129886,59348.31388889997,0.2128659337759018,R,1
