ant_mag,ant_mjd,ant_magerr,ant_passband,ant_survey
18.66900062561035,59317.17302080012,0.08060300350189209,g,1
18.77680015563965,59317.19126159978,0.10610699653625487,R,1
17.458063125610348,59322.190173599876,0.058719649910926826,g,1
17.596860885620114,59322.232303199824,0.0559803768992424,R,1
17.232900619506836,59324.169513899826,0.044241998344659805,g,1
17.209531784057614,59328.16913190018,0.06500284373760222,R,1
17.05672264099121,59334.1683565001,0.03588226065039635,g,1
17.205543518066403,59336.19071759983,0.047104056924581535,R,1
17.42800521850586,59341.170520800166,0.05758557468652725,g,1
17.65066146850586,59343.19043979981,0.04546482115983963,R,1
17.811500549316406,59346.174317100085,0.05345987156033516,g,1
17.808433532714844,59346.19052080018,0.07241301983594894,R,1
17.99883460998535,59348.249189800124,0.07457463443279266,g,1
17.940603256225586,59350.21164349979,0.0895879864692688,R,1
18.72366523742676,59356.17892359988,0.2058553695678711,g,1
18.162315368652344,59363.179537000135,0.05392783880233765,R,1
19.267000198364254,59363.22903939989,0.1809159964323044,g,1
18.246152877807614,59365.18023149995,0.05363701656460762,R,1
