ant_mag,ant_mjd,ant_magerr,ant_passband,ant_survey
19.05842399597168,59202.50546299992,0.1923557072877884,g,1
17.517723083496097,59215.559178200085,0.053743161261081696,R,1
17.54310417175293,59215.57200230006,0.06924760341644287,g,1
17.48341178894043,59217.472118100144,0.07353855669498444,R,1
17.532228469848633,59217.54858799977,0.058540206402540214,g,1
17.577083587646484,59219.51231480017,0.0602681115269661,R,1
17.735517501831055,59221.496226899784,0.06739240884780884,g,1
18.09111976623535,59228.49437499978,0.0722818523645401,R,1
18.531400680541992,59230.491180600126,0.08784499764442444,g,1
18.151500701904297,59232.51546300016,0.061221998184919364,R,1
18.861103057861328,59232.537696800195,0.09558162838220596,g,1
