ant_mag,ant_mjd,ant_magerr,ant_passband,ant_survey
18.81253433227539,59187.52178240009,0.14111590385437012,g,1
18.16220092773437,59194.48446760001,0.07573500275611877,R,1
18.14389991760254,59194.523692099836,0.09102000296115877,g,1
18.175899505615234,59199.44945599978,0.07059174031019211,R,1
18.690319061279297,59203.39853010001,0.1331200748682022,g,1
19.436037063598636,59222.439942100085,0.12590371072292328,R,1
