ant_mag,ant_mjd,ant_magerr,ant_passband,ant_survey
19.12360382080078,59377.43451389996,0.11547880619764328,R,1
19.070661544799805,59377.45738429995,0.10419780015945436,g,1
18.755779266357425,59390.37931710017,0.14522364735603333,R,1
19.28459930419922,59392.45594910019,0.2568730115890503,g,1
19.05564308166504,59396.39902780019,0.17727085947990415,R,1
19.349571228027344,59396.45391200018,0.1951991021633148,g,1
19.385683059692386,59400.45686340006,0.11936713010072708,R,1
20.11949920654297,59403.398182900164,0.2842560112476349,g,1
19.37940788269043,59403.42111109988,0.13190957903862,R,1
20.137134552001953,59405.44197920011,0.213710755109787,g,1
19.67057991027832,59407.420266199864,0.17339114844799042,R,1
20.559999465942386,59409.410705999944,0.3108310103416443,g,1
19.77113151550293,59414.44077550016,0.13425180315971375,R,1
