ant_mag,ant_mjd,ant_magerr,ant_passband,ant_survey
20.157699584960934,59155.45593750012,0.29899099469184875,R,1
18.90846443176269,59163.43908559997,0.1002405807375908,g,1
18.8731746673584,59163.50515050023,0.09311478585004808,R,1
18.81886482238769,59165.38290510001,0.07493042945861816,g,1
18.75887107849121,59165.42068290013,0.08166224509477615,R,1
18.857330322265625,59165.441273100216,0.09036142379045486,g,1
18.642135620117188,59167.471192100085,0.07242128252983092,R,1
18.78411674499512,59169.468807899866,0.08177118748426437,g,1
18.587631225585934,59169.50512730004,0.07604563236236572,R,1
18.835464477539066,59171.42743059992,0.08289551734924316,g,1
18.603200912475586,59173.403402800206,0.08970700204372406,R,1
19.153823852539066,59176.38706019986,0.10648426413536073,g,1
18.903966903686523,59179.395717599895,0.078419528901577,R,1
19.352466583251953,59179.43939810013,0.10609658807516098,g,1
18.84573554992676,59180.44983799989,0.15700072050094604,R,1
19.68680000305176,59180.46293980022,0.2842560112476349,g,1
18.99821662902832,59181.46341439989,0.11117436736822127,R,1
19.57815170288086,59181.51923609991,0.18580736219882965,g,1
19.37830924987793,59188.36968749993,0.16530178487300873,R,1
20.371400833129886,59190.372303199954,0.22296200692653656,g,1
19.339597702026367,59193.303680600126,0.09569234400987624,R,1
20.465999603271484,59193.43631940009,0.2398409992456436,g,1
19.787797927856445,59202.3928704001,0.16968302428722382,R,1
20.922000885009766,59204.322650500115,0.36252999305725103,g,1
20.265287399291992,59219.30172450003,0.198517844080925,R,1
