ant_mag,ant_mjd,ant_magerr,ant_passband,ant_survey
20.652099609375,59145.19990740017,0.2875959873199463,g,1
18.60602378845215,59149.09215279994,0.11628622561693193,R,1
19.179100036621094,59149.1785995001,0.2289420068264008,g,1
18.242891311645508,59151.09340280014,0.07414872199296951,R,1
18.60055160522461,59151.15427079982,0.1076693907380104,g,1
18.013690948486328,59153.09694440012,0.0593675822019577,R,1
18.463645935058594,59153.15069440008,0.08623065799474716,g,1
17.90803337097168,59155.1240393999,0.06889288127422333,R,1
18.401025772094727,59155.13663189997,0.08302948623895645,g,1
17.9204158782959,59158.11275460013,0.046324007213115685,R,1
18.384748458862305,59158.164479199804,0.10026610642671584,g,1
18.477947235107425,59167.08335650014,0.05971844866871834,R,1
19.78679847717285,59169.097905099865,0.1778176873922348,g,1
18.792261123657227,59171.07629630017,0.07816457748413086,R,1
