ant_mag,ant_mjd,ant_magerr,ant_passband,ant_survey
19.629653930664066,59145.18189809984,0.16085273027420044,R,1
19.65245056152344,59145.27398149995,0.11995553225278854,g,1
18.813926696777344,59152.20806710003,0.12070860713720323,R,1
18.75033187866211,59152.26884259983,0.15899872779846191,g,1
18.804595947265625,59154.17005789978,0.10556503385305403,R,1
18.756074905395508,59158.19312500022,0.09899789094924928,g,1
19.208799362182614,59164.172939800184,0.2290839999914169,R,1
19.16819953918457,59164.23268519994,0.1984180063009262,g,1
19.348604202270508,59179.10785879986,0.1622828245162964,R,1
