ant_mag,ant_mjd,ant_magerr,ant_passband,ant_survey
20.796600341796875,59262.48812500015,0.3024510145187378,R,1
20.06942367553711,59264.49538190012,0.14799703657627106,g,1
18.879291534423828,59268.473437500186,0.08691588789224625,R,1
18.352569580078125,59270.427465300076,0.09804626554250716,g,1
18.424768447875977,59272.46939809992,0.08296991884708405,R,1
18.239532470703125,59272.50949069997,0.0875692069530487,g,1
18.2476863861084,59275.51369210008,0.054356418550014496,R,1
18.195533752441406,59278.514085600145,0.06330373883247375,g,1
18.446224212646484,59282.510150500115,0.06670940667390822,R,1
19.664146423339844,59292.450266200125,0.145978182554245,g,1
18.99785804748535,59292.469363399774,0.07166396826505661,R,1
19.60610008239746,59295.30752310018,0.32471200823783875,g,1
20.03380012512207,59307.40707179997,0.15938299894332886,R,1
20.800199508666992,59309.36086810008,0.3108949959278107,g,1
19.942628860473636,59309.49106479995,0.14401185512542725,R,1
