time,mag,magerr,band
59156.3995949002,19.57010078430176,0.2852700054645538,g
59156.43758099992,19.524900436401367,0.3950070142745971,R
59179.20891200006,19.190305709838867,0.1651162207126617,g
