ant_mag,ant_mjd,ant_magerr,ant_passband,ant_survey
19.763586044311523,59350.19020830003,0.16699159145355225,g,1
18.408954620361328,59354.23428239999,0.08771360665559769,R,1
18.293764114379886,59354.31194439996,0.13329894840717316,g,1
17.90938949584961,59359.2105556,0.06352230906486511,R,1
17.654361724853516,59362.18891200004,0.039705894887447364,g,1
17.860109329223633,59367.1912153,0.05223705992102623,R,1
17.987220764160156,59370.216284700204,0.05342909321188927,g,1
18.058120727539066,59370.26990740001,0.06073834374547005,R,1
18.56895446777344,59376.21112270001,0.08897247165441513,g,1
19.11800575256348,59392.19413190009,0.09153528511524199,R,1
19.988500595092773,59392.21415509983,0.2436390072107315,g,1
19.38653564453125,59396.190787000116,0.15664921700954434,R,1
