ant_mag,ant_mjd,ant_magerr,ant_passband,ant_survey
19.69783592224121,59258.519594899844,0.13686718046665192,g,1
18.61546897888184,59263.47355319979,0.09131629019975662,R,1
18.3996639251709,59265.506863399874,0.06453275680541992,g,1
18.4208927154541,59265.53747690003,0.052756350487470634,R,1
18.3928165435791,59267.38715279987,0.13623498380184176,g,1
18.33983612060547,59267.427268499974,0.0715763121843338,R,1
18.32213020324707,59269.45387730002,0.0746704488992691,g,1
18.244361877441406,59271.4909374998,0.09098169207572936,R,1
18.68983459472656,59274.46755790013,0.15694154798984528,g,1
18.36899757385254,59274.50969910016,0.09527957439422607,R,1
19.532855987548828,59280.41203700006,0.20961642265319824,g,1
19.413238525390625,59291.3896643999,0.12971238791942594,R,1
20.512250900268555,59291.48975689989,0.2132268697023392,g,1
19.598596572875977,59297.406446800094,0.19758908450603485,R,1
