time,mag,magerr,band
58898.27435189998,20.06739997863769,0.1791169941425323,g
58904.23062499985,18.64080047607422,0.0687180012464523,R
58909.2722800998,18.111099243164062,0.0796210020780563,g
58912.2291203998,18.099485397338867,0.0690572187304496,R
58912.252569399774,18.046852111816406,0.0609097816050052,g
58915.357847199775,18.06251335144043,0.0795728042721748,R
58940.16928240005,19.75300025939941,0.2209729999303817,g
58955.18958330015,19.484397888183597,0.1612559258937835,R
