ant_mag,ant_mjd,ant_magerr,ant_passband,ant_survey
19.906455993652344,59141.467881899785,0.14116106927394867,g,1
20.16375732421875,59141.49296300019,0.18869973719120026,R,1
19.517358779907227,59143.433344900135,0.10867027938365936,g,1
19.408998489379886,59143.47759260005,0.12776291370391846,R,1
19.121000289916992,59145.4677546001,0.11466299742460252,g,1
18.68092918395996,59149.42241899995,0.09480290114879608,R,1
18.78724670410156,59150.45162039995,0.08854929357767105,g,1
18.645477294921875,59151.44604169997,0.07185111194849014,R,1
18.743534088134766,59151.49089120002,0.1148705706000328,g,1
18.65933609008789,59152.45430559991,0.1001901924610138,R,1
18.755464553833008,59152.52491899999,0.10638216137886047,g,1
18.716297149658203,59153.47744210018,0.09222792834043504,R,1
18.93559455871582,59155.41148150014,0.1139257550239563,g,1
18.688859939575195,59155.442407399874,0.10382806509733199,R,1
18.765796661376953,59157.390937500175,0.12984886765480042,g,1
19.11689758300781,59163.50797449984,0.11184291541576384,R,1
19.69351577758789,59165.393356500186,0.15998925268650055,g,1
19.494016647338867,59167.466261600144,0.1517687886953354,R,1
20.037399291992188,59167.507928200066,0.24284100532531736,g,1
19.508676528930664,59169.507013900205,0.15978188812732694,R,1
20.293500900268555,59171.415879600216,0.23134300112724304,g,1
19.426172256469727,59174.39260420018,0.14731846749782562,R,1
20.67779922485352,59176.388993099805,0.2656309902667999,g,1
19.790115356445312,59181.46284720022,0.2138020396232605,R,1
