ant_mag,ant_mjd,ant_magerr,ant_passband,ant_survey
19.25,59167.12493060018,0.10104300081729888,R,1
19.693565368652344,59169.12041669991,0.1569192260503769,g,1
18.680055618286133,59173.11362269986,0.07509810477495192,R,1
19.569416046142575,59173.15196759999,0.13153962790966034,g,1
18.74617576599121,59179.10250000004,0.08161721378564835,R,1
19.63349914550781,59179.13113430003,0.1656123846769333,g,1
18.75718688964844,59183.072442099925,0.09731464087963104,R,1
19.91552734375,59185.120960600216,0.19548526406288147,g,1
19.302953720092773,59194.1196527998,0.16523496806621552,R,1
