ant_mag,ant_mjd,ant_magerr,ant_passband,ant_survey
18.509403228759766,59095.3347800998,0.15572616457939148,g,1
18.78187370300293,59095.397997700136,0.12922225892543793,R,1
18.381000518798828,59099.397986100055,0.08824799954891205,g,1
18.43524169921875,59104.42709490005,0.10093207657337187,R,1
18.58889961242676,59107.375810199876,0.0840350016951561,g,1
18.570470809936523,59107.419108800124,0.0947103425860405,R,1
18.73111915588379,59110.338113400154,0.09952563792467116,g,1
18.881324768066406,59113.35106479983,0.09211716055870056,R,1
19.035472869873047,59113.3853703998,0.09710679948329927,g,1
19.036237716674805,59115.38006940018,0.07478804886341095,R,1
19.280500411987305,59116.30829859991,0.1066412478685379,g,1
18.998937606811523,59116.40416669985,0.08528874069452286,R,1
19.52467536926269,59117.331423600204,0.12827067077159882,g,1
19.12738037109375,59118.335474499974,0.08687394112348558,R,1
19.493942260742188,59119.35700230022,0.18116627633571625,g,1
19.035091400146484,59119.37844910008,0.10943175107240677,R,1
19.778703689575195,59120.45725690015,0.15358813107013702,g,1
19.47855567932129,59130.299004599925,0.139702171087265,R,1
20.397899627685547,59134.27543980022,0.2710869908332825,g,1
19.887651443481445,59140.26430559997,0.13030415773391724,R,1
