ant_mag,ant_mjd,ant_magerr,ant_passband,ant_survey
19.367265701293945,58936.52160880017,0.12142298370599748,R,1
