ant_mag,ant_mjd,ant_magerr,ant_passband,ant_survey
20.275400161743164,59307.362453700036,0.2271430045366287,R,1
19.620500564575195,59309.36895829997,0.11834400147199632,g,1
19.64200210571289,59309.479131899774,0.16061685979366302,R,1
19.230674743652344,59311.37396989996,0.08919093012809752,g,1
19.158855438232425,59313.43671299982,0.14985282719135284,R,1
18.887495040893555,59315.326203700155,0.07662484794855118,g,1
19.04176521301269,59315.37114580022,0.14388218522071838,R,1
18.79910087585449,59317.28898150008,0.08771900087594986,g,1
18.949031829833984,59317.400925899856,0.07941877096891402,R,1
18.868072509765625,59317.47721059992,0.08576235920190811,g,1
18.838605880737305,59320.477928199805,0.09530431032180786,R,1
18.873369216918945,59321.378402799826,0.0794055312871933,g,1
18.82730484008789,59322.27870369983,0.10395517200231552,R,1
18.97217559814453,59323.29878470022,0.1044684797525406,g,1
18.94339942932129,59324.289537,0.09641999751329422,R,1
19.026531219482425,59324.37939810008,0.08714134991168976,g,1
19.02705383300781,59325.30434030014,0.11691170930862428,R,1
19.11212158203125,59328.32932869997,0.13128185272216794,g,1
19.42225456237793,59329.28961810004,0.18948368728160855,R,1
19.9644832611084,59334.241134299904,0.17447063326835632,g,1
19.442947387695312,59334.35737269978,0.17000144720077515,R,1
20.021074295043945,59335.28755789995,0.1882420927286148,g,1
19.485200881958008,59335.32023150008,0.2368659973144531,R,1
20.1879997253418,59336.287997699816,0.24327699840068814,g,1
19.607181549072266,59338.382338,0.16767574846744535,R,1
20.481599807739254,59338.39986110013,0.25237399339675903,g,1
19.605587005615234,59339.29871529992,0.11693212389945985,R,1
20.420900344848636,59339.395717599895,0.1680770069360733,g,1
19.807172775268555,59340.332881900016,0.1464897245168686,R,1
20.57620048522949,59340.358946800225,0.226064994931221,g,1
19.64454460144043,59341.2849653,0.10871562361717224,R,1
20.76740074157715,59342.35826390004,0.34788599610328674,g,1
19.755149841308594,59342.41596060013,0.1171758770942688,R,1
20.75079917907715,59343.2816319,0.265379011631012,g,1
20.046077728271484,59345.31826390001,0.16599300503730774,R,1
21.172100067138672,59345.37986110012,0.363739013671875,g,1
20.2773494720459,59349.318391200155,0.21183441579341888,R,1
