ant_mag,ant_mjd,ant_magerr,ant_passband,ant_survey
19.710351943969727,59344.4259722,0.14977048337459564,R,1
19.776487350463867,59344.46077550016,0.14470794796943665,g,1
19.437685012817386,59346.43658560003,0.1096147522330284,R,1
19.090700149536133,59349.4305786998,0.0995360016822815,g,1
19.05620002746582,59349.464340299826,0.107294000685215,R,1
18.936321258544922,59353.41424770001,0.111730694770813,g,1
18.79039001464844,59356.41025459999,0.08973044902086258,R,1
18.91801643371582,59356.46314809984,0.09975011646747588,g,1
18.79896354675293,59359.430925900124,0.09776616096496582,R,1
19.112102508544922,59362.43223380017,0.139132559299469,g,1
18.97999763488769,59362.44956019986,0.1131681576371193,R,1
19.574800491333008,59364.41018520017,0.22081699967384336,g,1
19.26100349426269,59367.40687499987,0.11059306561946868,R,1
19.861326217651367,59369.407615699805,0.14869488775730133,g,1
19.38507652282715,59369.44549770001,0.10471098870038986,R,1
20.045093536376953,59371.411597200204,0.1603209376335144,g,1
19.348175048828125,59371.4456944,0.08569591492414473,R,1
20.40152359008789,59374.40834489978,0.21333660185337067,g,1
19.37492179870605,59374.4536342998,0.12887240946292874,R,1
20.23240089416504,59376.40591439977,0.2444469928741455,g,1
19.61847686767578,59379.41238430003,0.11301758140325545,R,1
20.72640037536621,59379.43424770003,0.26946198940277105,g,1
20.32270622253418,59397.3682754999,0.21177884936332705,R,1
