ant_mag,ant_mjd,ant_magerr,ant_passband,ant_survey
18.99959945678711,58891.238611099776,0.1213269978761673,g,1
18.96310043334961,58892.297731500126,0.10265299677848816,R,1
18.82069969177246,58893.24048609985,0.08165299892425537,g,1
18.912900924682614,58894.279143500135,0.0957299992442131,R,1
18.620500564575195,58895.244884300046,0.08367200195789337,g,1
18.61540031433105,58896.3099421002,0.08263500034809113,R,1
18.522899627685547,58898.27800930013,0.06405200064182281,g,1
18.63479995727539,58899.34143520008,0.07239899784326552,R,1
18.486799240112305,58899.36753469986,0.06383000314235687,g,1
18.624900817871094,58900.25865740003,0.0688140019774437,R,1
18.576400756835934,58903.32518520019,0.06183300167322159,g,1
18.634599685668945,58904.242442099836,0.07741399854421616,R,1
18.636999130249023,58904.277557900175,0.09945899993181227,g,1
18.702600479125977,58905.24444440008,0.08781500160694122,R,1
18.62179946899414,58905.28812499996,0.08333200216293335,g,1
18.68720054626465,58906.236539400175,0.10068099945783617,R,1
18.78350067138672,58909.28853010014,0.19033700227737427,g,1
18.958200454711914,58911.226412000135,0.11049199849367143,R,1
19.079097747802734,58912.25715279997,0.1328645497560501,g,1
18.990100860595703,58913.24553239998,0.12605400383472445,R,1
19.148799896240234,58913.307129600085,0.15322700142860413,g,1
19.05365753173828,58914.38359950018,0.1146709993481636,R,1
19.25429344177246,58915.2388888998,0.18608058989048004,g,1
