ant_mag,ant_mjd,ant_magerr,ant_passband,ant_survey
17.859607696533203,59215.36135420018,0.10973808914422988,R,1
17.63640785217285,59215.430694399874,0.06930642575025557,g,1
17.659320831298828,59217.34951390001,0.04906655848026276,R,1
17.579221725463867,59219.283588000115,0.04356876388192177,g,1
17.578990936279293,59219.32222220022,0.0427456833422184,R,1
17.616100311279297,59221.351956000086,0.03776700049638748,g,1
17.58346939086914,59221.365625000086,0.044283527880907066,R,1
17.724578857421875,59223.34465279988,0.0498221218585968,g,1
17.645206451416016,59223.370266200036,0.04852721840143204,R,1
17.837200164794922,59225.34166669985,0.05402284115552902,g,1
17.874174118041992,59227.32030089991,0.06539425998926163,R,1
17.970699310302734,59227.43059029988,0.0549280010163784,g,1
18.0672550201416,59230.285474500146,0.058585274964571,R,1
18.27956771850586,59230.34241899987,0.06570281833410263,g,1
18.195213317871094,59232.340833299786,0.05142849683761597,R,1
18.5059757232666,59232.388159700204,0.07043710350990295,g,1
18.822288513183594,59248.238830999944,0.10137268900871277,R,1
19.97945976257324,59248.25984949991,0.13074733316898346,g,1
18.9177188873291,59250.347905099865,0.08982038497924805,R,1
20.23338508605957,59252.278483800124,0.19588397443294525,g,1
19.220291137695312,59256.223125000026,0.1116572842001915,R,1
20.466999053955078,59265.387858800124,0.24188899993896484,g,1
19.76323699951172,59267.3014814998,0.1837894320487976,R,1
