ant_mag,ant_mjd,ant_magerr,ant_passband,ant_survey
19.38680076599121,59329.240520800005,0.1830179989337921,R,1
19.019800186157227,59329.304814800154,0.19030100107192996,g,1
18.46807861328125,59335.18300929992,0.0714477002620697,R,1
18.140796661376953,59338.19745370001,0.06381665170192719,g,1
18.2581844329834,59338.245786999825,0.0615382082760334,R,1
18.15288734436035,59340.19785880017,0.07129111140966415,g,1
18.221338272094727,59340.247534700204,0.06500952690839767,R,1
18.16046905517578,59342.2464815001,0.06685900688171388,g,1
18.228439331054688,59342.262199100114,0.06464135646820067,R,1
18.22801780700684,59344.182407400105,0.07572932541370392,g,1
18.309701919555664,59346.19848380005,0.06741490215063095,R,1
18.269311904907227,59346.32591440016,0.0920574590563774,g,1
18.37941169738769,59348.18421299989,0.06646541506052017,R,1
18.608413696289066,59350.18228009995,0.09946173429489136,g,1
18.716703414916992,59353.18581019994,0.08402439206838608,R,1
18.694944381713867,59353.213391200174,0.0952526554465294,g,1
18.849653244018555,59358.22648150008,0.14078342914581302,R,1
19.142099380493164,59358.24865739979,0.220443993806839,g,1
18.983888626098636,59361.20543979992,0.12480515241622925,R,1
