ant_mag,ant_mjd,ant_magerr,ant_passband,ant_survey
19.926197052001953,59171.26040509995,0.12747514247894287,g,1
18.777149200439453,59176.328611100085,0.09183495491743088,R,1
18.640501022338867,59176.346597199794,0.06522377580404283,g,1
18.52521514892578,59178.318692099776,0.088192418217659,R,1
18.08645439147949,59185.20630790014,0.07835087180137634,g,1
18.30450820922852,59185.254536999855,0.07948468625545503,R,1
18.18440055847168,59187.193182900075,0.09065499901771544,g,1
18.29415702819824,59189.237465300124,0.08042463660240172,R,1
18.69379997253418,59194.21039350005,0.11070899665355682,g,1
18.694217681884766,59196.25549770008,0.10624223947525024,R,1
18.966049194335934,59198.151157400105,0.09748546034097673,g,1
18.712299346923828,59198.21362269996,0.0998699963092804,R,1
19.195369720458984,59200.19004630017,0.15963312983512878,g,1
18.91733741760254,59200.237465300124,0.10143054276704787,R,1
19.47669982910156,59202.23559030006,0.12988300621509552,g,1
18.89072608947754,59204.20164350001,0.10479497909545897,R,1
19.670541763305664,59204.30284720008,0.15900850296020508,g,1
19.378267288208008,59216.212210599806,0.1566033661365509,R,1
20.61549949645996,59218.191678199924,0.2960360050201416,g,1
20.13409805297852,59232.16524309991,0.19030439853668213,R,1
