time,mag,magerr,band
59268.35298610013,18.57943725585937,0.100549429655075,R
59268.43369209999,18.620819091796875,0.0681723356246948,g
59270.33920140006,18.220054626464844,0.1094893291592598,R
59274.22064810013,18.05126953125,0.1295356601476669,g
59274.380381899886,17.87788963317871,0.0939186066389083,R
59276.257962999865,17.9002628326416,0.0747683048248291,g
59280.28454860021,17.954599380493164,0.0675830021500587,R
59290.31609949982,19.509382247924805,0.1098353415727615,g
59297.25811340008,18.602487564086918,0.1162860542535781,R
