ant_mag,ant_mjd,ant_magerr,ant_passband,ant_survey
20.272600173950195,59313.49781250022,0.2805989980697632,g,1
19.407081604003906,59316.49627309991,0.12986330687999725,R,1
18.763731002807614,59320.45778940013,0.1339874565601349,g,1
18.926897048950195,59320.49209489999,0.1511721909046173,R,1
18.59882926940918,59323.47739579994,0.09035981446504593,g,1
18.75250625610352,59328.41526619997,0.13751566410064694,R,1
18.68882369995117,59328.48244210008,0.0979343131184578,g,1
18.90924453735352,59334.40125000012,0.15132398903369906,R,1
19.033199310302734,59334.459502299775,0.18204699456691745,g,1
19.12107276916504,59339.464918999925,0.12514902651309967,R,1
19.747896194458008,59344.4740046002,0.1837135404348373,g,1
19.578205108642575,59349.45767359994,0.14759328961372375,R,1
