ant_mag,ant_mjd,ant_magerr,ant_passband,ant_survey
20.78179931640625,59309.191365700215,0.3046500086784363,g,1
19.732681274414066,59313.21079860022,0.1718636155128479,R,1
19.289098739624023,59315.210069399785,0.11315210163593292,g,1
19.413881301879886,59315.23175929999,0.12806977331638336,R,1
18.75254249572754,59321.23368059984,0.08351172506809235,g,1
18.684791564941406,59323.227835599806,0.07866872102022171,R,1
18.71567153930664,59323.256458300166,0.09465862810611723,g,1
18.570911407470703,59335.189722199924,0.08821356296539308,R,1
19.06768226623535,59338.208657400224,0.116391159594059,g,1
18.66456413269043,59338.23576389997,0.08086486160755157,R,1
19.24009132385254,59340.19031250012,0.11587060987949373,g,1
18.81279754638672,59344.228356500156,0.10791679471731186,R,1
19.797325134277344,59346.17337960005,0.16747333109378815,g,1
18.974040985107425,59348.17384260008,0.09729065001010896,R,1
19.991300582885746,59350.17601849978,0.24907200038433075,g,1
19.84837532043457,59365.17975689982,0.21300938725471494,R,1
