time,mag,magerr,band
59370.2561805998,20.12785148620605,0.1985266357660293,R
