time,mag,magerr,band
59268.461331000086,18.95231056213379,0.121387593448162,R
59268.52849540021,19.348093032836918,0.1242837905883789,g
59270.50547449989,18.80683135986328,0.1170627698302269,R
59274.48842590023,19.069000244140625,0.2484460026025772,g
59291.462754600216,19.2607536315918,0.0947759822010994,R
59291.50321759982,20.329099655151367,0.246408000588417,g
59295.49881940009,19.390071868896484,0.1196027994155883,R
