ant_mag,ant_mjd,ant_magerr,ant_passband,ant_survey
20.03236389160156,59252.51262729988,0.13929763436317444,R,1
19.00094413757324,59255.3871065001,0.11377962678670885,g,1
18.26382064819336,59258.34947919985,0.05493246018886566,R,1
18.248401641845703,59258.38807869983,0.0688973143696785,g,1
17.864200592041016,59262.368622700225,0.060738999396562576,R,1
17.73880958557129,59264.40280089992,0.05554549768567085,g,1
17.716651916503906,59266.391296300106,0.049712348729372025,R,1
17.725893020629886,59266.49809029978,0.051783714443445206,g,1
17.75752830505371,59268.46668979991,0.04628841578960419,R,1
17.778722763061523,59268.49907410005,0.042472101747989655,g,1
17.856830596923828,59270.36725689982,0.061330560594797134,R,1
18.02179336547852,59272.43717590022,0.07265327870845795,g,1
18.297809600830078,59276.408194399904,0.07168824970722197,R,1
18.90458106994629,59280.413055600126,0.08674547076225281,g,1
18.43191146850586,59280.43489579996,0.07682832330465318,R,1
20.01682472229004,59291.28042820003,0.16915050148963928,g,1
19.53587532043457,59305.34322920023,0.1560811549425125,R,1
20.90290069580078,59307.330659700085,0.2728610038757324,g,1
19.639699935913086,59307.34658560018,0.10961499810218812,R,1
20.462299346923828,59309.323044000186,0.2268649935722351,g,1
19.80167579650879,59311.321296299815,0.12064839899539948,R,1
20.92639923095703,59313.26753470022,0.4039719998836517,g,1
19.967023849487305,59313.34960650001,0.14702245593070984,R,1
20.83609962463379,59315.30089120008,0.4003210067749024,g,1
20.178600311279297,59315.343946800094,0.2568289935588837,R,1
20.74029922485352,59317.25967589999,0.1878799945116043,g,1
20.023170471191406,59317.412453699864,0.1386939287185669,R,1
20.94179916381836,59321.37378469994,0.2504369914531708,g,1
20.154939651489254,59325.30729170004,0.21345366537570956,R,1
