ant_mag,ant_mjd,ant_magerr,ant_passband,ant_survey
20.544214248657227,59136.18174770009,0.19602619111537933,R,1
19.98691177368164,59138.220821800176,0.17202386260032654,g,1
19.715484619140625,59138.29039350013,0.14620526134967804,R,1
19.290058135986328,59140.19758100017,0.09306485950946808,g,1
19.243885040283203,59140.22004629998,0.1017516702413559,R,1
18.611417770385746,59144.17506940012,0.10208393633365632,g,1
18.57066345214844,59149.140312499825,0.11538115888834,R,1
18.511518478393555,59151.20583330003,0.09454843401908876,g,1
18.462566375732425,59153.11527779978,0.07194074988365172,R,1
18.484678268432614,59153.16984950006,0.10003925859928132,g,1
18.54436683654785,59155.11905089999,0.07533198595046997,R,1
18.65806007385254,59157.141041699804,0.09198176115751266,g,1
19.043752670288086,59164.180786999874,0.1006057858467102,R,1
19.313682556152344,59164.22405089997,0.11307969689369203,g,1
19.260957717895508,59169.1785995001,0.10072658210992813,R,1
19.711496353149414,59171.17874999996,0.13228484988212585,g,1
19.364641189575195,59173.22635419992,0.10595967620611192,R,1
20.42650032043457,59178.115821800195,0.2589789927005768,g,1
19.750934600830078,59186.121053200215,0.1912170946598053,R,1
