ant_mag,ant_mjd,ant_magerr,ant_passband,ant_survey
18.86884880065918,59135.42725689989,0.0867893397808075,g,1
19.039979934692386,59135.48557869997,0.08741594851016997,R,1
18.678579330444336,59137.46996530006,0.0790422186255455,g,1
18.82154083251953,59137.4967013998,0.06787198036909102,R,1
18.426782608032227,59141.4444213002,0.06509744375944138,g,1
18.561187744140625,59141.49296300019,0.05635310709476471,R,1
18.40308380126953,59143.405636600226,0.05272628366947174,g,1
18.466951370239254,59143.444213000126,0.0584770068526268,R,1
18.43490028381348,59145.4291087999,0.05772100016474724,g,1
18.439437866210934,59149.42241899995,0.08563702553510666,R,1
18.56035804748535,59149.521238400135,0.08934910595417023,g,1
18.621950149536133,59151.44604169997,0.08191558718681335,R,1
18.655935287475586,59151.49089120002,0.08636968582868576,g,1
18.781139373779297,59153.47744210018,0.081781305372715,R,1
18.952199935913086,59155.411006900016,0.11811500042676926,g,1
19.121734619140625,59165.41581019992,0.08192168921232224,R,1
20.267292022705078,59169.47281249985,0.1982477307319641,g,1
19.65668296813965,59179.374884299934,0.16993512213230133,R,1
